2025-07-30 02:52:10 INFO  HomeLoanTest:39 - ✅ EMI data extracted from Home Loan calculator and saved to Excel successfully.
2025-07-30 02:54:08 INFO  HomeLoanTest:30 - Navigated to Home Loan Calculator page.
2025-07-30 02:54:11 INFO  HomeLoanTest:34 - Filled Home Loan form with valid values.
2025-07-30 02:54:11 INFO  HomeLoanTest:56 - Created 'testdata' directory.
2025-07-30 02:54:14 ERROR HomeLoanTest:42 - ❌ Error occurred during EMI data extraction test.
org.openqa.selenium.StaleElementReferenceException: stale element reference: stale element not found in the current frame
  (Session info: chrome=137.0.7151.69)
For documentation on this error, please visit: https://www.selenium.dev/documentation/webdriver/troubleshooting/errors#stale-element-reference-exception
Build info: version: '4.19.1', revision: 'abe0ee07dc'
System info: os.name: 'Windows 11', os.arch: 'amd64', os.version: '10.0', java.version: '21.0.3'
Driver info: org.openqa.selenium.chrome.ChromeDriver
Command: [1085329b4897b5a5edb4e0fc6a84f320, findChildElements {using=tag name, value=td, id=f.32D79F0E714E28C5A6019FC0F1968FA2.d.9B61A5040EFF72D38DB46CB7FB7528CB.e.116}]
Capabilities {acceptInsecureCerts: false, browserName: chrome, browserVersion: 137.0.7151.69, chrome: {chromedriverVersion: 137.0.7151.119 (e0ac9d12dff..., userDataDir: C:\Users\2413655\AppData\Lo...}, fedcm:accounts: true, goog:chromeOptions: {debuggerAddress: localhost:55540}, networkConnectionEnabled: false, pageLoadStrategy: normal, platformName: windows, proxy: Proxy(), se:cdp: ws://localhost:55540/devtoo..., se:cdpVersion: 137.0.7151.69, setWindowRect: true, strictFileInteractability: false, timeouts: {implicit: 0, pageLoad: 300000, script: 30000}, unhandledPromptBehavior: dismiss and notify, webauthn:extension:credBlob: true, webauthn:extension:largeBlob: true, webauthn:extension:minPinLength: true, webauthn:extension:prf: true, webauthn:virtualAuthenticators: true}
Session ID: 1085329b4897b5a5edb4e0fc6a84f320
	at java.base/jdk.internal.reflect.DirectConstructorHandleAccessor.newInstance(DirectConstructorHandleAccessor.java:62)
	at java.base/java.lang.reflect.Constructor.newInstanceWithCaller(Constructor.java:502)
	at java.base/java.lang.reflect.Constructor.newInstance(Constructor.java:486)
	at org.openqa.selenium.remote.ErrorCodec.decode(ErrorCodec.java:167)
	at org.openqa.selenium.remote.codec.w3c.W3CHttpResponseCodec.decode(W3CHttpResponseCodec.java:138)
	at org.openqa.selenium.remote.codec.w3c.W3CHttpResponseCodec.decode(W3CHttpResponseCodec.java:50)
	at org.openqa.selenium.remote.HttpCommandExecutor.execute(HttpCommandExecutor.java:190)
	at org.openqa.selenium.remote.service.DriverCommandExecutor.invokeExecute(DriverCommandExecutor.java:216)
	at org.openqa.selenium.remote.service.DriverCommandExecutor.execute(DriverCommandExecutor.java:174)
	at org.openqa.selenium.remote.RemoteWebDriver.execute(RemoteWebDriver.java:518)
	at org.openqa.selenium.remote.ElementLocation$ElementFinder$2.findElements(ElementLocation.java:182)
	at org.openqa.selenium.remote.ElementLocation.findElements(ElementLocation.java:103)
	at org.openqa.selenium.remote.RemoteWebDriver.findElements(RemoteWebDriver.java:368)
	at org.openqa.selenium.remote.RemoteWebElement.findElements(RemoteWebElement.java:203)
	at tests.HomeLoanTest.extractDataToExcel(HomeLoanTest.java:69)
	at tests.HomeLoanTest.extractEMIDataToExcel(HomeLoanTest.java:37)
	at java.base/jdk.internal.reflect.DirectMethodHandleAccessor.invoke(DirectMethodHandleAccessor.java:103)
	at java.base/java.lang.reflect.Method.invoke(Method.java:580)
	at org.testng.internal.invokers.MethodInvocationHelper.invokeMethod(MethodInvocationHelper.java:141)
	at org.testng.internal.invokers.TestInvoker.invokeMethod(TestInvoker.java:687)
	at org.testng.internal.invokers.TestInvoker.invokeTestMethod(TestInvoker.java:230)
	at org.testng.internal.invokers.MethodRunner.runInSequence(MethodRunner.java:63)
	at org.testng.internal.invokers.TestInvoker$MethodInvocationAgent.invoke(TestInvoker.java:995)
	at org.testng.internal.invokers.TestInvoker.invokeTestMethods(TestInvoker.java:203)
	at org.testng.internal.invokers.TestMethodWorker.invokeTestMethods(TestMethodWorker.java:154)
	at org.testng.internal.invokers.TestMethodWorker.run(TestMethodWorker.java:134)
	at java.base/java.util.ArrayList.forEach(ArrayList.java:1596)
	at org.testng.TestRunner.privateRun(TestRunner.java:741)
	at org.testng.TestRunner.run(TestRunner.java:616)
	at org.testng.SuiteRunner.runTest(SuiteRunner.java:421)
	at org.testng.SuiteRunner$SuiteWorker.run(SuiteRunner.java:463)
	at org.testng.internal.thread.ThreadUtil.lambda$execute$0(ThreadUtil.java:64)
	at java.base/java.util.concurrent.FutureTask.run(FutureTask.java:317)
	at java.base/java.util.concurrent.ThreadPoolExecutor.runWorker(ThreadPoolExecutor.java:1144)
	at java.base/java.util.concurrent.ThreadPoolExecutor$Worker.run(ThreadPoolExecutor.java:642)
	at java.base/java.lang.Thread.run(Thread.java:1583)
2025-07-30 02:57:09 INFO  HomeLoanTest:29 - Navigated to Home Loan Calculator page.
2025-07-30 02:57:12 INFO  HomeLoanTest:33 - Filled Home Loan form with valid values.
2025-07-30 02:57:15 ERROR HomeLoanTest:41 - ❌ Error occurred during EMI data extraction test.
org.openqa.selenium.StaleElementReferenceException: stale element reference: stale element not found in the current frame
  (Session info: chrome=137.0.7151.69)
For documentation on this error, please visit: https://www.selenium.dev/documentation/webdriver/troubleshooting/errors#stale-element-reference-exception
Build info: version: '4.19.1', revision: 'abe0ee07dc'
System info: os.name: 'Windows 11', os.arch: 'amd64', os.version: '10.0', java.version: '21.0.3'
Driver info: org.openqa.selenium.chrome.ChromeDriver
Command: [31588eb95a1e63ac95d630eb3268c6ca, findChildElements {value=td, id=f.1FBCE175EFA92FD82898F3EC469534BD.d.734D44175143051B580094EC8EA083CC.e.103, using=tag name}]
Capabilities {acceptInsecureCerts: false, browserName: chrome, browserVersion: 137.0.7151.69, chrome: {chromedriverVersion: 137.0.7151.119 (e0ac9d12dff..., userDataDir: C:\Users\2413655\AppData\Lo...}, fedcm:accounts: true, goog:chromeOptions: {debuggerAddress: localhost:56053}, networkConnectionEnabled: false, pageLoadStrategy: normal, platformName: windows, proxy: Proxy(), se:cdp: ws://localhost:56053/devtoo..., se:cdpVersion: 137.0.7151.69, setWindowRect: true, strictFileInteractability: false, timeouts: {implicit: 0, pageLoad: 300000, script: 30000}, unhandledPromptBehavior: dismiss and notify, webauthn:extension:credBlob: true, webauthn:extension:largeBlob: true, webauthn:extension:minPinLength: true, webauthn:extension:prf: true, webauthn:virtualAuthenticators: true}
Session ID: 31588eb95a1e63ac95d630eb3268c6ca
	at java.base/jdk.internal.reflect.DirectConstructorHandleAccessor.newInstance(DirectConstructorHandleAccessor.java:62)
	at java.base/java.lang.reflect.Constructor.newInstanceWithCaller(Constructor.java:502)
	at java.base/java.lang.reflect.Constructor.newInstance(Constructor.java:486)
	at org.openqa.selenium.remote.ErrorCodec.decode(ErrorCodec.java:167)
	at org.openqa.selenium.remote.codec.w3c.W3CHttpResponseCodec.decode(W3CHttpResponseCodec.java:138)
	at org.openqa.selenium.remote.codec.w3c.W3CHttpResponseCodec.decode(W3CHttpResponseCodec.java:50)
	at org.openqa.selenium.remote.HttpCommandExecutor.execute(HttpCommandExecutor.java:190)
	at org.openqa.selenium.remote.service.DriverCommandExecutor.invokeExecute(DriverCommandExecutor.java:216)
	at org.openqa.selenium.remote.service.DriverCommandExecutor.execute(DriverCommandExecutor.java:174)
	at org.openqa.selenium.remote.RemoteWebDriver.execute(RemoteWebDriver.java:518)
	at org.openqa.selenium.remote.ElementLocation$ElementFinder$2.findElements(ElementLocation.java:182)
	at org.openqa.selenium.remote.ElementLocation.findElements(ElementLocation.java:103)
	at org.openqa.selenium.remote.RemoteWebDriver.findElements(RemoteWebDriver.java:368)
	at org.openqa.selenium.remote.RemoteWebElement.findElements(RemoteWebElement.java:203)
	at tests.HomeLoanTest.extractDataToExcel(HomeLoanTest.java:58)
	at tests.HomeLoanTest.extractEMIDataToExcel(HomeLoanTest.java:36)
	at java.base/jdk.internal.reflect.DirectMethodHandleAccessor.invoke(DirectMethodHandleAccessor.java:103)
	at java.base/java.lang.reflect.Method.invoke(Method.java:580)
	at org.testng.internal.invokers.MethodInvocationHelper.invokeMethod(MethodInvocationHelper.java:141)
	at org.testng.internal.invokers.TestInvoker.invokeMethod(TestInvoker.java:687)
	at org.testng.internal.invokers.TestInvoker.invokeTestMethod(TestInvoker.java:230)
	at org.testng.internal.invokers.MethodRunner.runInSequence(MethodRunner.java:63)
	at org.testng.internal.invokers.TestInvoker$MethodInvocationAgent.invoke(TestInvoker.java:995)
	at org.testng.internal.invokers.TestInvoker.invokeTestMethods(TestInvoker.java:203)
	at org.testng.internal.invokers.TestMethodWorker.invokeTestMethods(TestMethodWorker.java:154)
	at org.testng.internal.invokers.TestMethodWorker.run(TestMethodWorker.java:134)
	at java.base/java.util.ArrayList.forEach(ArrayList.java:1596)
	at org.testng.TestRunner.privateRun(TestRunner.java:741)
	at org.testng.TestRunner.run(TestRunner.java:616)
	at org.testng.SuiteRunner.runTest(SuiteRunner.java:421)
	at org.testng.SuiteRunner.runSequentially(SuiteRunner.java:413)
	at org.testng.SuiteRunner.privateRun(SuiteRunner.java:373)
	at org.testng.SuiteRunner.run(SuiteRunner.java:312)
	at org.testng.SuiteRunnerWorker.runSuite(SuiteRunnerWorker.java:52)
	at org.testng.SuiteRunnerWorker.run(SuiteRunnerWorker.java:95)
	at org.testng.TestNG.runSuitesSequentially(TestNG.java:1274)
	at org.testng.TestNG.runSuitesLocally(TestNG.java:1208)
	at org.testng.TestNG.runSuites(TestNG.java:1112)
	at org.testng.TestNG.run(TestNG.java:1079)
	at org.testng.remote.AbstractRemoteTestNG.run(AbstractRemoteTestNG.java:115)
	at org.testng.remote.RemoteTestNG.initAndRun(RemoteTestNG.java:293)
	at org.testng.remote.RemoteTestNG.main(RemoteTestNG.java:91)
2025-07-30 03:03:11 INFO  HomeLoanTest:29 - Navigated to Home Loan Calculator page.
2025-07-30 03:03:15 INFO  HomeLoanTest:33 - Filled Home Loan form with valid values.
2025-07-30 03:03:18 ERROR HomeLoanTest:41 - ❌ Error occurred during EMI data extraction test.
org.openqa.selenium.StaleElementReferenceException: stale element reference: stale element not found in the current frame
  (Session info: chrome=137.0.7151.69)
For documentation on this error, please visit: https://www.selenium.dev/documentation/webdriver/troubleshooting/errors#stale-element-reference-exception
Build info: version: '4.19.1', revision: 'abe0ee07dc'
System info: os.name: 'Windows 11', os.arch: 'amd64', os.version: '10.0', java.version: '21.0.3'
Driver info: org.openqa.selenium.chrome.ChromeDriver
Command: [8e81a55d1036c54ec2dc0ae4fd44dec9, findChildElements {using=tag name, id=f.D52AF87279FCC5749539A2749F4AF1D2.d.FB7448379054A83E6A43714170041C65.e.107, value=td}]
Capabilities {acceptInsecureCerts: false, browserName: chrome, browserVersion: 137.0.7151.69, chrome: {chromedriverVersion: 137.0.7151.119 (e0ac9d12dff..., userDataDir: C:\Users\2413655\AppData\Lo...}, fedcm:accounts: true, goog:chromeOptions: {debuggerAddress: localhost:56798}, networkConnectionEnabled: false, pageLoadStrategy: normal, platformName: windows, proxy: Proxy(), se:cdp: ws://localhost:56798/devtoo..., se:cdpVersion: 137.0.7151.69, setWindowRect: true, strictFileInteractability: false, timeouts: {implicit: 0, pageLoad: 300000, script: 30000}, unhandledPromptBehavior: dismiss and notify, webauthn:extension:credBlob: true, webauthn:extension:largeBlob: true, webauthn:extension:minPinLength: true, webauthn:extension:prf: true, webauthn:virtualAuthenticators: true}
Session ID: 8e81a55d1036c54ec2dc0ae4fd44dec9
	at java.base/jdk.internal.reflect.DirectConstructorHandleAccessor.newInstance(DirectConstructorHandleAccessor.java:62)
	at java.base/java.lang.reflect.Constructor.newInstanceWithCaller(Constructor.java:502)
	at java.base/java.lang.reflect.Constructor.newInstance(Constructor.java:486)
	at org.openqa.selenium.remote.ErrorCodec.decode(ErrorCodec.java:167)
	at org.openqa.selenium.remote.codec.w3c.W3CHttpResponseCodec.decode(W3CHttpResponseCodec.java:138)
	at org.openqa.selenium.remote.codec.w3c.W3CHttpResponseCodec.decode(W3CHttpResponseCodec.java:50)
	at org.openqa.selenium.remote.HttpCommandExecutor.execute(HttpCommandExecutor.java:190)
	at org.openqa.selenium.remote.service.DriverCommandExecutor.invokeExecute(DriverCommandExecutor.java:216)
	at org.openqa.selenium.remote.service.DriverCommandExecutor.execute(DriverCommandExecutor.java:174)
	at org.openqa.selenium.remote.RemoteWebDriver.execute(RemoteWebDriver.java:518)
	at org.openqa.selenium.remote.ElementLocation$ElementFinder$2.findElements(ElementLocation.java:182)
	at org.openqa.selenium.remote.ElementLocation.findElements(ElementLocation.java:103)
	at org.openqa.selenium.remote.RemoteWebDriver.findElements(RemoteWebDriver.java:368)
	at org.openqa.selenium.remote.RemoteWebElement.findElements(RemoteWebElement.java:203)
	at tests.HomeLoanTest.extractDataToExcel(HomeLoanTest.java:57)
	at tests.HomeLoanTest.extractEMIDataToExcel(HomeLoanTest.java:36)
	at java.base/jdk.internal.reflect.DirectMethodHandleAccessor.invoke(DirectMethodHandleAccessor.java:103)
	at java.base/java.lang.reflect.Method.invoke(Method.java:580)
	at org.testng.internal.invokers.MethodInvocationHelper.invokeMethod(MethodInvocationHelper.java:141)
	at org.testng.internal.invokers.TestInvoker.invokeMethod(TestInvoker.java:687)
	at org.testng.internal.invokers.TestInvoker.invokeTestMethod(TestInvoker.java:230)
	at org.testng.internal.invokers.MethodRunner.runInSequence(MethodRunner.java:63)
	at org.testng.internal.invokers.TestInvoker$MethodInvocationAgent.invoke(TestInvoker.java:995)
	at org.testng.internal.invokers.TestInvoker.invokeTestMethods(TestInvoker.java:203)
	at org.testng.internal.invokers.TestMethodWorker.invokeTestMethods(TestMethodWorker.java:154)
	at org.testng.internal.invokers.TestMethodWorker.run(TestMethodWorker.java:134)
	at java.base/java.util.ArrayList.forEach(ArrayList.java:1596)
	at org.testng.TestRunner.privateRun(TestRunner.java:741)
	at org.testng.TestRunner.run(TestRunner.java:616)
	at org.testng.SuiteRunner.runTest(SuiteRunner.java:421)
	at org.testng.SuiteRunner$SuiteWorker.run(SuiteRunner.java:463)
	at org.testng.internal.thread.ThreadUtil.lambda$execute$0(ThreadUtil.java:64)
	at java.base/java.util.concurrent.FutureTask.run(FutureTask.java:317)
	at java.base/java.util.concurrent.ThreadPoolExecutor.runWorker(ThreadPoolExecutor.java:1144)
	at java.base/java.util.concurrent.ThreadPoolExecutor$Worker.run(ThreadPoolExecutor.java:642)
	at java.base/java.lang.Thread.run(Thread.java:1583)
2025-07-30 03:04:23 INFO  HomeLoanTest:29 - Navigated to Home Loan Calculator page.
2025-07-30 03:04:25 INFO  HomeLoanTest:33 - Filled Home Loan form with valid values.
2025-07-30 03:06:01 INFO  HomeLoanTest:29 - Navigated to Home Loan Calculator page.
2025-07-30 03:06:04 INFO  HomeLoanTest:33 - Filled Home Loan form with valid values.
2025-07-30 03:07:27 INFO  HomeLoanTest:29 - Navigated to Home Loan Calculator page.
2025-07-30 03:07:30 INFO  HomeLoanTest:33 - Filled Home Loan form with valid values.
2025-07-30 03:09:05 INFO  HomeLoanTest:32 - Navigated to Home Loan Calculator page.
2025-07-30 03:09:08 INFO  HomeLoanTest:36 - Filled Home Loan form with valid values.
2025-07-30 03:11:33 INFO  HomeLoanTest:32 - Navigated to Home Loan Calculator page.
2025-07-30 03:11:37 INFO  HomeLoanTest:36 - Filled Home Loan form with valid values.
2025-07-30 03:11:50 DEBUG HomeLoanTest:76 - Extracted Cell: 2025
2025-07-30 03:11:50 DEBUG HomeLoanTest:76 - Extracted Cell: ₹ 8,283
2025-07-30 03:11:50 DEBUG HomeLoanTest:76 - Extracted Cell: ₹ 16,747
2025-07-30 03:11:50 DEBUG HomeLoanTest:76 - Extracted Cell: ₹ 1,50,15,125
2025-07-30 03:11:50 DEBUG HomeLoanTest:76 - Extracted Cell: ₹ 1,50,40,154
2025-07-30 03:11:50 DEBUG HomeLoanTest:76 - Extracted Cell: ₹ 4,41,717
2025-07-30 03:11:50 DEBUG HomeLoanTest:76 - Extracted Cell: 1.84%
2025-07-30 03:11:50 DEBUG HomeLoanTest:76 - Extracted Cell: 
2025-07-30 03:11:50 DEBUG HomeLoanTest:76 - Extracted Cell: 
2025-07-30 03:11:50 DEBUG HomeLoanTest:76 - Extracted Cell: 
2025-07-30 03:11:50 DEBUG HomeLoanTest:76 - Extracted Cell: 
2025-07-30 03:11:50 DEBUG HomeLoanTest:76 - Extracted Cell: 
2025-07-30 03:11:50 DEBUG HomeLoanTest:76 - Extracted Cell: 
2025-07-30 03:11:50 DEBUG HomeLoanTest:76 - Extracted Cell: 
2025-07-30 03:11:50 DEBUG HomeLoanTest:76 - Extracted Cell: 
2025-07-30 03:11:50 DEBUG HomeLoanTest:76 - Extracted Cell: 
2025-07-30 03:11:50 DEBUG HomeLoanTest:76 - Extracted Cell: 
2025-07-30 03:11:50 DEBUG HomeLoanTest:76 - Extracted Cell: 
2025-07-30 03:11:51 DEBUG HomeLoanTest:76 - Extracted Cell: 
2025-07-30 03:11:51 DEBUG HomeLoanTest:76 - Extracted Cell: 
2025-07-30 03:11:51 DEBUG HomeLoanTest:76 - Extracted Cell: 
2025-07-30 03:11:51 DEBUG HomeLoanTest:76 - Extracted Cell: 
2025-07-30 03:11:51 DEBUG HomeLoanTest:76 - Extracted Cell: 
2025-07-30 03:11:51 DEBUG HomeLoanTest:76 - Extracted Cell: 
2025-07-30 03:11:51 DEBUG HomeLoanTest:76 - Extracted Cell: 
2025-07-30 03:11:51 DEBUG HomeLoanTest:76 - Extracted Cell: 
2025-07-30 03:11:51 DEBUG HomeLoanTest:76 - Extracted Cell: 
2025-07-30 03:11:51 DEBUG HomeLoanTest:76 - Extracted Cell: 
2025-07-30 03:11:51 DEBUG HomeLoanTest:76 - Extracted Cell: 
2025-07-30 03:11:51 DEBUG HomeLoanTest:76 - Extracted Cell: 
2025-07-30 03:11:51 DEBUG HomeLoanTest:76 - Extracted Cell: 
2025-07-30 03:11:51 DEBUG HomeLoanTest:76 - Extracted Cell: 
2025-07-30 03:11:51 DEBUG HomeLoanTest:76 - Extracted Cell: 
2025-07-30 03:11:51 DEBUG HomeLoanTest:76 - Extracted Cell: 
2025-07-30 03:11:51 DEBUG HomeLoanTest:76 - Extracted Cell: 
2025-07-30 03:11:51 DEBUG HomeLoanTest:76 - Extracted Cell: 
2025-07-30 03:11:51 DEBUG HomeLoanTest:76 - Extracted Cell: 
2025-07-30 03:11:51 DEBUG HomeLoanTest:76 - Extracted Cell: 
2025-07-30 03:11:51 DEBUG HomeLoanTest:76 - Extracted Cell: 
2025-07-30 03:11:51 DEBUG HomeLoanTest:76 - Extracted Cell: 
2025-07-30 03:11:51 DEBUG HomeLoanTest:76 - Extracted Cell: 
2025-07-30 03:11:51 DEBUG HomeLoanTest:76 - Extracted Cell: 
2025-07-30 03:11:51 DEBUG HomeLoanTest:76 - Extracted Cell: 
2025-07-30 03:11:51 DEBUG HomeLoanTest:76 - Extracted Cell: 
2025-07-30 03:11:51 DEBUG HomeLoanTest:76 - Extracted Cell: 
2025-07-30 03:11:51 DEBUG HomeLoanTest:76 - Extracted Cell: 
2025-07-30 03:11:51 DEBUG HomeLoanTest:76 - Extracted Cell: 
2025-07-30 03:11:51 DEBUG HomeLoanTest:76 - Extracted Cell: 
2025-07-30 03:11:51 DEBUG HomeLoanTest:76 - Extracted Cell: 
2025-07-30 03:11:51 DEBUG HomeLoanTest:76 - Extracted Cell: 
2025-07-30 03:11:51 DEBUG HomeLoanTest:76 - Extracted Cell: 
2025-07-30 03:11:51 DEBUG HomeLoanTest:76 - Extracted Cell: 
2025-07-30 03:11:51 DEBUG HomeLoanTest:76 - Extracted Cell: 
2025-07-30 03:11:51 DEBUG HomeLoanTest:76 - Extracted Cell: 
2025-07-30 03:11:51 DEBUG HomeLoanTest:76 - Extracted Cell: 
2025-07-30 03:11:51 DEBUG HomeLoanTest:76 - Extracted Cell: 
2025-07-30 03:11:51 DEBUG HomeLoanTest:76 - Extracted Cell: 
2025-07-30 03:11:51 DEBUG HomeLoanTest:76 - Extracted Cell: 
2025-07-30 03:11:51 DEBUG HomeLoanTest:76 - Extracted Cell: 
2025-07-30 03:11:51 DEBUG HomeLoanTest:76 - Extracted Cell: 
2025-07-30 03:11:51 DEBUG HomeLoanTest:76 - Extracted Cell: 
2025-07-30 03:11:51 DEBUG HomeLoanTest:76 - Extracted Cell: 
2025-07-30 03:11:51 DEBUG HomeLoanTest:76 - Extracted Cell: 
2025-07-30 03:11:51 DEBUG HomeLoanTest:76 - Extracted Cell: 
2025-07-30 03:11:51 DEBUG HomeLoanTest:76 - Extracted Cell: 
2025-07-30 03:11:51 DEBUG HomeLoanTest:76 - Extracted Cell: 
2025-07-30 03:11:51 DEBUG HomeLoanTest:76 - Extracted Cell: 
2025-07-30 03:11:51 DEBUG HomeLoanTest:76 - Extracted Cell: 
2025-07-30 03:11:51 DEBUG HomeLoanTest:76 - Extracted Cell: 
2025-07-30 03:11:51 DEBUG HomeLoanTest:76 - Extracted Cell: 
2025-07-30 03:11:51 DEBUG HomeLoanTest:76 - Extracted Cell: 
2025-07-30 03:11:51 DEBUG HomeLoanTest:76 - Extracted Cell: 
2025-07-30 03:11:51 DEBUG HomeLoanTest:76 - Extracted Cell: 
2025-07-30 03:11:51 DEBUG HomeLoanTest:76 - Extracted Cell: 
2025-07-30 03:11:51 DEBUG HomeLoanTest:76 - Extracted Cell: 
2025-07-30 03:11:51 DEBUG HomeLoanTest:76 - Extracted Cell: 
2025-07-30 03:11:51 DEBUG HomeLoanTest:76 - Extracted Cell: 
2025-07-30 03:11:51 DEBUG HomeLoanTest:76 - Extracted Cell: 
2025-07-30 03:11:52 DEBUG HomeLoanTest:76 - Extracted Cell: 
2025-07-30 03:11:52 DEBUG HomeLoanTest:76 - Extracted Cell: 
2025-07-30 03:11:52 DEBUG HomeLoanTest:76 - Extracted Cell: 
2025-07-30 03:11:52 DEBUG HomeLoanTest:76 - Extracted Cell: 
2025-07-30 03:11:52 DEBUG HomeLoanTest:76 - Extracted Cell: 
2025-07-30 03:11:52 DEBUG HomeLoanTest:76 - Extracted Cell: 
2025-07-30 03:11:52 DEBUG HomeLoanTest:76 - Extracted Cell: 
2025-07-30 03:11:52 DEBUG HomeLoanTest:76 - Extracted Cell: 
2025-07-30 03:11:52 DEBUG HomeLoanTest:76 - Extracted Cell: 
2025-07-30 03:11:52 DEBUG HomeLoanTest:76 - Extracted Cell: 
2025-07-30 03:11:52 DEBUG HomeLoanTest:76 - Extracted Cell: 
2025-07-30 03:11:52 DEBUG HomeLoanTest:76 - Extracted Cell: 
2025-07-30 03:11:52 DEBUG HomeLoanTest:76 - Extracted Cell: 
2025-07-30 03:11:52 DEBUG HomeLoanTest:76 - Extracted Cell: 
2025-07-30 03:11:52 DEBUG HomeLoanTest:76 - Extracted Cell: 2026
2025-07-30 03:11:52 DEBUG HomeLoanTest:76 - Extracted Cell: ₹ 17,524
2025-07-30 03:11:52 DEBUG HomeLoanTest:76 - Extracted Cell: ₹ 32,535
2025-07-30 03:11:52 DEBUG HomeLoanTest:76 - Extracted Cell: ₹ 3,00,30,250
2025-07-30 03:11:52 DEBUG HomeLoanTest:76 - Extracted Cell: ₹ 3,00,80,309
2025-07-30 03:11:52 DEBUG HomeLoanTest:76 - Extracted Cell: ₹ 4,24,193
2025-07-30 03:11:52 DEBUG HomeLoanTest:76 - Extracted Cell: 5.73%
2025-07-30 03:11:52 DEBUG HomeLoanTest:76 - Extracted Cell: 
2025-07-30 03:11:52 DEBUG HomeLoanTest:76 - Extracted Cell: 
2025-07-30 03:11:52 DEBUG HomeLoanTest:76 - Extracted Cell: 
2025-07-30 03:11:52 DEBUG HomeLoanTest:76 - Extracted Cell: 
2025-07-30 03:11:52 DEBUG HomeLoanTest:76 - Extracted Cell: 
2025-07-30 03:11:52 DEBUG HomeLoanTest:76 - Extracted Cell: 
2025-07-30 03:11:52 DEBUG HomeLoanTest:76 - Extracted Cell: 
2025-07-30 03:11:52 DEBUG HomeLoanTest:76 - Extracted Cell: 
2025-07-30 03:11:52 DEBUG HomeLoanTest:76 - Extracted Cell: 
2025-07-30 03:11:52 DEBUG HomeLoanTest:76 - Extracted Cell: 
2025-07-30 03:11:52 DEBUG HomeLoanTest:76 - Extracted Cell: 
2025-07-30 03:11:52 DEBUG HomeLoanTest:76 - Extracted Cell: 
2025-07-30 03:11:52 DEBUG HomeLoanTest:76 - Extracted Cell: 
2025-07-30 03:11:52 DEBUG HomeLoanTest:76 - Extracted Cell: 
2025-07-30 03:11:52 DEBUG HomeLoanTest:76 - Extracted Cell: 
2025-07-30 03:11:52 DEBUG HomeLoanTest:76 - Extracted Cell: 
2025-07-30 03:11:52 DEBUG HomeLoanTest:76 - Extracted Cell: 
2025-07-30 03:11:52 DEBUG HomeLoanTest:76 - Extracted Cell: 
2025-07-30 03:11:52 DEBUG HomeLoanTest:76 - Extracted Cell: 
2025-07-30 03:11:52 DEBUG HomeLoanTest:76 - Extracted Cell: 
2025-07-30 03:11:52 DEBUG HomeLoanTest:76 - Extracted Cell: 
2025-07-30 03:11:52 DEBUG HomeLoanTest:76 - Extracted Cell: 
2025-07-30 03:11:52 DEBUG HomeLoanTest:76 - Extracted Cell: 
2025-07-30 03:11:52 DEBUG HomeLoanTest:76 - Extracted Cell: 
2025-07-30 03:11:52 DEBUG HomeLoanTest:76 - Extracted Cell: 
2025-07-30 03:11:52 DEBUG HomeLoanTest:76 - Extracted Cell: 
2025-07-30 03:11:52 DEBUG HomeLoanTest:76 - Extracted Cell: 
2025-07-30 03:11:52 DEBUG HomeLoanTest:76 - Extracted Cell: 
2025-07-30 03:11:52 DEBUG HomeLoanTest:76 - Extracted Cell: 
2025-07-30 03:11:52 DEBUG HomeLoanTest:76 - Extracted Cell: 
2025-07-30 03:11:52 DEBUG HomeLoanTest:76 - Extracted Cell: 
2025-07-30 03:11:52 DEBUG HomeLoanTest:76 - Extracted Cell: 
2025-07-30 03:11:52 DEBUG HomeLoanTest:76 - Extracted Cell: 
2025-07-30 03:11:52 DEBUG HomeLoanTest:76 - Extracted Cell: 
2025-07-30 03:11:52 DEBUG HomeLoanTest:76 - Extracted Cell: 
2025-07-30 03:11:52 DEBUG HomeLoanTest:76 - Extracted Cell: 
2025-07-30 03:11:52 DEBUG HomeLoanTest:76 - Extracted Cell: 
2025-07-30 03:11:52 DEBUG HomeLoanTest:76 - Extracted Cell: 
2025-07-30 03:11:52 DEBUG HomeLoanTest:76 - Extracted Cell: 
2025-07-30 03:11:52 DEBUG HomeLoanTest:76 - Extracted Cell: 
2025-07-30 03:11:52 DEBUG HomeLoanTest:76 - Extracted Cell: 
2025-07-30 03:11:52 DEBUG HomeLoanTest:76 - Extracted Cell: 
2025-07-30 03:11:53 DEBUG HomeLoanTest:76 - Extracted Cell: 
2025-07-30 03:11:53 DEBUG HomeLoanTest:76 - Extracted Cell: 
2025-07-30 03:11:53 DEBUG HomeLoanTest:76 - Extracted Cell: 
2025-07-30 03:11:53 DEBUG HomeLoanTest:76 - Extracted Cell: 
2025-07-30 03:11:53 DEBUG HomeLoanTest:76 - Extracted Cell: 
2025-07-30 03:11:53 DEBUG HomeLoanTest:76 - Extracted Cell: 
2025-07-30 03:11:53 DEBUG HomeLoanTest:76 - Extracted Cell: 
2025-07-30 03:11:53 DEBUG HomeLoanTest:76 - Extracted Cell: 
2025-07-30 03:11:53 DEBUG HomeLoanTest:76 - Extracted Cell: 
2025-07-30 03:11:53 DEBUG HomeLoanTest:76 - Extracted Cell: 
2025-07-30 03:11:53 DEBUG HomeLoanTest:76 - Extracted Cell: 
2025-07-30 03:11:53 DEBUG HomeLoanTest:76 - Extracted Cell: 
2025-07-30 03:11:53 DEBUG HomeLoanTest:76 - Extracted Cell: 
2025-07-30 03:11:53 DEBUG HomeLoanTest:76 - Extracted Cell: 
2025-07-30 03:11:53 DEBUG HomeLoanTest:76 - Extracted Cell: 
2025-07-30 03:11:53 DEBUG HomeLoanTest:76 - Extracted Cell: 
2025-07-30 03:11:53 DEBUG HomeLoanTest:76 - Extracted Cell: 
2025-07-30 03:11:53 DEBUG HomeLoanTest:76 - Extracted Cell: 
2025-07-30 03:11:53 DEBUG HomeLoanTest:76 - Extracted Cell: 
2025-07-30 03:11:53 DEBUG HomeLoanTest:76 - Extracted Cell: 
2025-07-30 03:11:53 DEBUG HomeLoanTest:76 - Extracted Cell: 
2025-07-30 03:11:53 DEBUG HomeLoanTest:76 - Extracted Cell: 
2025-07-30 03:11:53 DEBUG HomeLoanTest:76 - Extracted Cell: 
2025-07-30 03:11:53 DEBUG HomeLoanTest:76 - Extracted Cell: 
2025-07-30 03:11:53 DEBUG HomeLoanTest:76 - Extracted Cell: 
2025-07-30 03:11:53 DEBUG HomeLoanTest:76 - Extracted Cell: 
2025-07-30 03:11:53 DEBUG HomeLoanTest:76 - Extracted Cell: 
2025-07-30 03:11:53 DEBUG HomeLoanTest:76 - Extracted Cell: 
2025-07-30 03:11:53 DEBUG HomeLoanTest:76 - Extracted Cell: 
2025-07-30 03:11:53 DEBUG HomeLoanTest:76 - Extracted Cell: 
2025-07-30 03:11:53 DEBUG HomeLoanTest:76 - Extracted Cell: 
2025-07-30 03:11:53 DEBUG HomeLoanTest:76 - Extracted Cell: 
2025-07-30 03:11:53 DEBUG HomeLoanTest:76 - Extracted Cell: 
2025-07-30 03:11:53 DEBUG HomeLoanTest:76 - Extracted Cell: 
2025-07-30 03:11:53 DEBUG HomeLoanTest:76 - Extracted Cell: 
2025-07-30 03:11:53 DEBUG HomeLoanTest:76 - Extracted Cell: 
2025-07-30 03:11:53 DEBUG HomeLoanTest:76 - Extracted Cell: 
2025-07-30 03:11:53 DEBUG HomeLoanTest:76 - Extracted Cell: 
2025-07-30 03:11:53 DEBUG HomeLoanTest:76 - Extracted Cell: 
2025-07-30 03:11:53 DEBUG HomeLoanTest:76 - Extracted Cell: 
2025-07-30 03:11:53 DEBUG HomeLoanTest:76 - Extracted Cell: 
2025-07-30 03:11:53 DEBUG HomeLoanTest:76 - Extracted Cell: 
2025-07-30 03:11:53 DEBUG HomeLoanTest:76 - Extracted Cell: 
2025-07-30 03:11:53 DEBUG HomeLoanTest:76 - Extracted Cell: 
2025-07-30 03:11:53 DEBUG HomeLoanTest:76 - Extracted Cell: 
2025-07-30 03:11:53 DEBUG HomeLoanTest:76 - Extracted Cell: 
2025-07-30 03:11:53 DEBUG HomeLoanTest:76 - Extracted Cell: 
2025-07-30 03:11:53 DEBUG HomeLoanTest:76 - Extracted Cell: 
2025-07-30 03:11:53 DEBUG HomeLoanTest:76 - Extracted Cell: 
2025-07-30 03:11:53 DEBUG HomeLoanTest:76 - Extracted Cell: 
2025-07-30 03:11:53 DEBUG HomeLoanTest:76 - Extracted Cell: 
2025-07-30 03:11:53 DEBUG HomeLoanTest:76 - Extracted Cell: 
2025-07-30 03:11:53 DEBUG HomeLoanTest:76 - Extracted Cell: 
2025-07-30 03:11:53 DEBUG HomeLoanTest:76 - Extracted Cell: 
2025-07-30 03:11:53 DEBUG HomeLoanTest:76 - Extracted Cell: 
2025-07-30 03:11:53 DEBUG HomeLoanTest:76 - Extracted Cell: 
2025-07-30 03:11:53 DEBUG HomeLoanTest:76 - Extracted Cell: 
2025-07-30 03:11:53 DEBUG HomeLoanTest:76 - Extracted Cell: 
2025-07-30 03:11:53 DEBUG HomeLoanTest:76 - Extracted Cell: 
2025-07-30 03:11:53 DEBUG HomeLoanTest:76 - Extracted Cell: 
2025-07-30 03:11:53 DEBUG HomeLoanTest:76 - Extracted Cell: 
2025-07-30 03:11:53 DEBUG HomeLoanTest:76 - Extracted Cell: 
2025-07-30 03:11:53 DEBUG HomeLoanTest:76 - Extracted Cell: 
2025-07-30 03:11:53 DEBUG HomeLoanTest:76 - Extracted Cell: 
2025-07-30 03:11:54 DEBUG HomeLoanTest:76 - Extracted Cell: 
2025-07-30 03:11:54 DEBUG HomeLoanTest:76 - Extracted Cell: 
2025-07-30 03:11:54 DEBUG HomeLoanTest:76 - Extracted Cell: 
2025-07-30 03:11:54 DEBUG HomeLoanTest:76 - Extracted Cell: 
2025-07-30 03:11:54 DEBUG HomeLoanTest:76 - Extracted Cell: 
2025-07-30 03:11:54 DEBUG HomeLoanTest:76 - Extracted Cell: 
2025-07-30 03:11:54 DEBUG HomeLoanTest:76 - Extracted Cell: 
2025-07-30 03:11:54 DEBUG HomeLoanTest:76 - Extracted Cell: 
2025-07-30 03:11:54 DEBUG HomeLoanTest:76 - Extracted Cell: 
2025-07-30 03:11:54 DEBUG HomeLoanTest:76 - Extracted Cell: 
2025-07-30 03:11:54 DEBUG HomeLoanTest:76 - Extracted Cell: 
2025-07-30 03:11:54 DEBUG HomeLoanTest:76 - Extracted Cell: 
2025-07-30 03:11:54 DEBUG HomeLoanTest:76 - Extracted Cell: 
2025-07-30 03:11:54 DEBUG HomeLoanTest:76 - Extracted Cell: 
2025-07-30 03:11:54 DEBUG HomeLoanTest:76 - Extracted Cell: 
2025-07-30 03:11:54 DEBUG HomeLoanTest:76 - Extracted Cell: 
2025-07-30 03:11:54 DEBUG HomeLoanTest:76 - Extracted Cell: 
2025-07-30 03:11:54 DEBUG HomeLoanTest:76 - Extracted Cell: 
2025-07-30 03:11:54 DEBUG HomeLoanTest:76 - Extracted Cell: 
2025-07-30 03:11:54 DEBUG HomeLoanTest:76 - Extracted Cell: 
2025-07-30 03:11:54 DEBUG HomeLoanTest:76 - Extracted Cell: 
2025-07-30 03:11:54 DEBUG HomeLoanTest:76 - Extracted Cell: 
2025-07-30 03:11:54 DEBUG HomeLoanTest:76 - Extracted Cell: 
2025-07-30 03:11:54 DEBUG HomeLoanTest:76 - Extracted Cell: 
2025-07-30 03:11:54 DEBUG HomeLoanTest:76 - Extracted Cell: 
2025-07-30 03:11:54 DEBUG HomeLoanTest:76 - Extracted Cell: 
2025-07-30 03:11:54 DEBUG HomeLoanTest:76 - Extracted Cell: 
2025-07-30 03:11:54 DEBUG HomeLoanTest:76 - Extracted Cell: 
2025-07-30 03:11:54 DEBUG HomeLoanTest:76 - Extracted Cell: 
2025-07-30 03:11:54 DEBUG HomeLoanTest:76 - Extracted Cell: 
2025-07-30 03:11:54 DEBUG HomeLoanTest:76 - Extracted Cell: 
2025-07-30 03:11:54 DEBUG HomeLoanTest:76 - Extracted Cell: 
2025-07-30 03:11:54 DEBUG HomeLoanTest:76 - Extracted Cell: 
2025-07-30 03:11:54 DEBUG HomeLoanTest:76 - Extracted Cell: 
2025-07-30 03:11:54 DEBUG HomeLoanTest:76 - Extracted Cell: 
2025-07-30 03:11:54 DEBUG HomeLoanTest:76 - Extracted Cell: 
2025-07-30 03:11:54 DEBUG HomeLoanTest:76 - Extracted Cell: 
2025-07-30 03:11:54 DEBUG HomeLoanTest:76 - Extracted Cell: 
2025-07-30 03:11:54 DEBUG HomeLoanTest:76 - Extracted Cell: 
2025-07-30 03:11:54 DEBUG HomeLoanTest:76 - Extracted Cell: 
2025-07-30 03:11:54 DEBUG HomeLoanTest:76 - Extracted Cell: 
2025-07-30 03:11:54 DEBUG HomeLoanTest:76 - Extracted Cell: 
2025-07-30 03:11:54 DEBUG HomeLoanTest:76 - Extracted Cell: 
2025-07-30 03:11:54 DEBUG HomeLoanTest:76 - Extracted Cell: 
2025-07-30 03:11:54 DEBUG HomeLoanTest:76 - Extracted Cell: 
2025-07-30 03:11:54 DEBUG HomeLoanTest:76 - Extracted Cell: 
2025-07-30 03:11:54 DEBUG HomeLoanTest:76 - Extracted Cell: 
2025-07-30 03:11:54 DEBUG HomeLoanTest:76 - Extracted Cell: 
2025-07-30 03:11:54 DEBUG HomeLoanTest:76 - Extracted Cell: 
2025-07-30 03:11:54 DEBUG HomeLoanTest:76 - Extracted Cell: 
2025-07-30 03:11:54 DEBUG HomeLoanTest:76 - Extracted Cell: 
2025-07-30 03:11:54 DEBUG HomeLoanTest:76 - Extracted Cell: 
2025-07-30 03:11:54 DEBUG HomeLoanTest:76 - Extracted Cell: 
2025-07-30 03:11:55 DEBUG HomeLoanTest:76 - Extracted Cell: 
2025-07-30 03:11:55 DEBUG HomeLoanTest:76 - Extracted Cell: 
2025-07-30 03:11:55 DEBUG HomeLoanTest:76 - Extracted Cell: 
2025-07-30 03:11:55 DEBUG HomeLoanTest:76 - Extracted Cell: 
2025-07-30 03:11:55 DEBUG HomeLoanTest:76 - Extracted Cell: 
2025-07-30 03:11:55 DEBUG HomeLoanTest:76 - Extracted Cell: 
2025-07-30 03:11:55 DEBUG HomeLoanTest:76 - Extracted Cell: 
2025-07-30 03:11:55 DEBUG HomeLoanTest:76 - Extracted Cell: 
2025-07-30 03:11:55 DEBUG HomeLoanTest:76 - Extracted Cell: 
2025-07-30 03:11:55 DEBUG HomeLoanTest:76 - Extracted Cell: 
2025-07-30 03:11:55 DEBUG HomeLoanTest:76 - Extracted Cell: 2027
2025-07-30 03:11:55 DEBUG HomeLoanTest:76 - Extracted Cell: ₹ 18,885
2025-07-30 03:11:55 DEBUG HomeLoanTest:76 - Extracted Cell: ₹ 31,174
2025-07-30 03:11:55 DEBUG HomeLoanTest:76 - Extracted Cell: ₹ 3,00,30,250
2025-07-30 03:11:55 DEBUG HomeLoanTest:76 - Extracted Cell: ₹ 3,00,80,309
2025-07-30 03:11:55 DEBUG HomeLoanTest:76 - Extracted Cell: ₹ 4,05,308
2025-07-30 03:11:55 DEBUG HomeLoanTest:76 - Extracted Cell: 9.93%
2025-07-30 03:11:55 DEBUG HomeLoanTest:76 - Extracted Cell: 
2025-07-30 03:11:55 DEBUG HomeLoanTest:76 - Extracted Cell: 
2025-07-30 03:11:55 DEBUG HomeLoanTest:76 - Extracted Cell: 
2025-07-30 03:11:55 DEBUG HomeLoanTest:76 - Extracted Cell: 
2025-07-30 03:11:55 DEBUG HomeLoanTest:76 - Extracted Cell: 
2025-07-30 03:11:55 DEBUG HomeLoanTest:76 - Extracted Cell: 
2025-07-30 03:11:55 DEBUG HomeLoanTest:76 - Extracted Cell: 
2025-07-30 03:11:55 DEBUG HomeLoanTest:76 - Extracted Cell: 
2025-07-30 03:11:55 DEBUG HomeLoanTest:76 - Extracted Cell: 
2025-07-30 03:11:55 DEBUG HomeLoanTest:76 - Extracted Cell: 
2025-07-30 03:11:55 DEBUG HomeLoanTest:76 - Extracted Cell: 
2025-07-30 03:11:55 DEBUG HomeLoanTest:76 - Extracted Cell: 
2025-07-30 03:11:55 DEBUG HomeLoanTest:76 - Extracted Cell: 
2025-07-30 03:11:55 DEBUG HomeLoanTest:76 - Extracted Cell: 
2025-07-30 03:11:55 DEBUG HomeLoanTest:76 - Extracted Cell: 
2025-07-30 03:11:55 DEBUG HomeLoanTest:76 - Extracted Cell: 
2025-07-30 03:11:55 DEBUG HomeLoanTest:76 - Extracted Cell: 
2025-07-30 03:11:55 DEBUG HomeLoanTest:76 - Extracted Cell: 
2025-07-30 03:11:55 DEBUG HomeLoanTest:76 - Extracted Cell: 
2025-07-30 03:11:55 DEBUG HomeLoanTest:76 - Extracted Cell: 
2025-07-30 03:11:55 DEBUG HomeLoanTest:76 - Extracted Cell: 
2025-07-30 03:11:55 DEBUG HomeLoanTest:76 - Extracted Cell: 
2025-07-30 03:11:55 DEBUG HomeLoanTest:76 - Extracted Cell: 
2025-07-30 03:11:55 DEBUG HomeLoanTest:76 - Extracted Cell: 
2025-07-30 03:11:55 DEBUG HomeLoanTest:76 - Extracted Cell: 
2025-07-30 03:11:55 DEBUG HomeLoanTest:76 - Extracted Cell: 
2025-07-30 03:11:55 DEBUG HomeLoanTest:76 - Extracted Cell: 
2025-07-30 03:11:55 DEBUG HomeLoanTest:76 - Extracted Cell: 
2025-07-30 03:11:55 DEBUG HomeLoanTest:76 - Extracted Cell: 
2025-07-30 03:11:55 DEBUG HomeLoanTest:76 - Extracted Cell: 
2025-07-30 03:11:55 DEBUG HomeLoanTest:76 - Extracted Cell: 
2025-07-30 03:11:55 DEBUG HomeLoanTest:76 - Extracted Cell: 
2025-07-30 03:11:55 DEBUG HomeLoanTest:76 - Extracted Cell: 
2025-07-30 03:11:55 DEBUG HomeLoanTest:76 - Extracted Cell: 
2025-07-30 03:11:55 DEBUG HomeLoanTest:76 - Extracted Cell: 
2025-07-30 03:11:55 DEBUG HomeLoanTest:76 - Extracted Cell: 
2025-07-30 03:11:55 DEBUG HomeLoanTest:76 - Extracted Cell: 
2025-07-30 03:11:55 DEBUG HomeLoanTest:76 - Extracted Cell: 
2025-07-30 03:11:55 DEBUG HomeLoanTest:76 - Extracted Cell: 
2025-07-30 03:11:55 DEBUG HomeLoanTest:76 - Extracted Cell: 
2025-07-30 03:11:55 DEBUG HomeLoanTest:76 - Extracted Cell: 
2025-07-30 03:11:55 DEBUG HomeLoanTest:76 - Extracted Cell: 
2025-07-30 03:11:55 DEBUG HomeLoanTest:76 - Extracted Cell: 
2025-07-30 03:11:55 DEBUG HomeLoanTest:76 - Extracted Cell: 
2025-07-30 03:11:55 DEBUG HomeLoanTest:76 - Extracted Cell: 
2025-07-30 03:11:55 DEBUG HomeLoanTest:76 - Extracted Cell: 
2025-07-30 03:11:55 DEBUG HomeLoanTest:76 - Extracted Cell: 
2025-07-30 03:11:55 DEBUG HomeLoanTest:76 - Extracted Cell: 
2025-07-30 03:11:55 DEBUG HomeLoanTest:76 - Extracted Cell: 
2025-07-30 03:11:55 DEBUG HomeLoanTest:76 - Extracted Cell: 
2025-07-30 03:11:55 DEBUG HomeLoanTest:76 - Extracted Cell: 
2025-07-30 03:11:55 DEBUG HomeLoanTest:76 - Extracted Cell: 
2025-07-30 03:11:55 DEBUG HomeLoanTest:76 - Extracted Cell: 
2025-07-30 03:11:55 DEBUG HomeLoanTest:76 - Extracted Cell: 
2025-07-30 03:11:55 DEBUG HomeLoanTest:76 - Extracted Cell: 
2025-07-30 03:11:56 DEBUG HomeLoanTest:76 - Extracted Cell: 
2025-07-30 03:11:56 DEBUG HomeLoanTest:76 - Extracted Cell: 
2025-07-30 03:11:56 DEBUG HomeLoanTest:76 - Extracted Cell: 
2025-07-30 03:11:56 DEBUG HomeLoanTest:76 - Extracted Cell: 
2025-07-30 03:11:56 DEBUG HomeLoanTest:76 - Extracted Cell: 
2025-07-30 03:11:56 DEBUG HomeLoanTest:76 - Extracted Cell: 
2025-07-30 03:11:56 DEBUG HomeLoanTest:76 - Extracted Cell: 
2025-07-30 03:11:56 DEBUG HomeLoanTest:76 - Extracted Cell: 
2025-07-30 03:11:56 DEBUG HomeLoanTest:76 - Extracted Cell: 
2025-07-30 03:11:56 DEBUG HomeLoanTest:76 - Extracted Cell: 
2025-07-30 03:11:56 DEBUG HomeLoanTest:76 - Extracted Cell: 
2025-07-30 03:11:56 DEBUG HomeLoanTest:76 - Extracted Cell: 
2025-07-30 03:11:56 DEBUG HomeLoanTest:76 - Extracted Cell: 
2025-07-30 03:11:56 DEBUG HomeLoanTest:76 - Extracted Cell: 
2025-07-30 03:11:56 DEBUG HomeLoanTest:76 - Extracted Cell: 
2025-07-30 03:11:56 DEBUG HomeLoanTest:76 - Extracted Cell: 
2025-07-30 03:11:56 DEBUG HomeLoanTest:76 - Extracted Cell: 
2025-07-30 03:11:56 DEBUG HomeLoanTest:76 - Extracted Cell: 
2025-07-30 03:11:56 DEBUG HomeLoanTest:76 - Extracted Cell: 
2025-07-30 03:11:56 DEBUG HomeLoanTest:76 - Extracted Cell: 
2025-07-30 03:11:56 DEBUG HomeLoanTest:76 - Extracted Cell: 
2025-07-30 03:11:56 DEBUG HomeLoanTest:76 - Extracted Cell: 
2025-07-30 03:11:56 DEBUG HomeLoanTest:76 - Extracted Cell: 
2025-07-30 03:11:56 DEBUG HomeLoanTest:76 - Extracted Cell: 
2025-07-30 03:11:56 DEBUG HomeLoanTest:76 - Extracted Cell: 
2025-07-30 03:11:56 DEBUG HomeLoanTest:76 - Extracted Cell: 
2025-07-30 03:11:56 DEBUG HomeLoanTest:76 - Extracted Cell: 
2025-07-30 03:11:56 DEBUG HomeLoanTest:76 - Extracted Cell: 
2025-07-30 03:11:56 DEBUG HomeLoanTest:76 - Extracted Cell: 
2025-07-30 03:11:56 DEBUG HomeLoanTest:76 - Extracted Cell: 
2025-07-30 03:11:56 DEBUG HomeLoanTest:76 - Extracted Cell: 
2025-07-30 03:11:56 DEBUG HomeLoanTest:76 - Extracted Cell: 
2025-07-30 03:11:56 DEBUG HomeLoanTest:76 - Extracted Cell: 
2025-07-30 03:11:56 DEBUG HomeLoanTest:76 - Extracted Cell: 
2025-07-30 03:11:56 DEBUG HomeLoanTest:76 - Extracted Cell: 
2025-07-30 03:11:56 DEBUG HomeLoanTest:76 - Extracted Cell: 
2025-07-30 03:11:56 DEBUG HomeLoanTest:76 - Extracted Cell: 
2025-07-30 03:11:56 DEBUG HomeLoanTest:76 - Extracted Cell: 
2025-07-30 03:11:56 DEBUG HomeLoanTest:76 - Extracted Cell: 
2025-07-30 03:11:56 DEBUG HomeLoanTest:76 - Extracted Cell: 
2025-07-30 03:11:56 DEBUG HomeLoanTest:76 - Extracted Cell: 
2025-07-30 03:11:56 DEBUG HomeLoanTest:76 - Extracted Cell: 
2025-07-30 03:11:56 DEBUG HomeLoanTest:76 - Extracted Cell: 
2025-07-30 03:11:56 DEBUG HomeLoanTest:76 - Extracted Cell: 
2025-07-30 03:11:56 DEBUG HomeLoanTest:76 - Extracted Cell: 
2025-07-30 03:11:56 DEBUG HomeLoanTest:76 - Extracted Cell: 
2025-07-30 03:11:56 DEBUG HomeLoanTest:76 - Extracted Cell: 
2025-07-30 03:11:56 DEBUG HomeLoanTest:76 - Extracted Cell: 
2025-07-30 03:11:56 DEBUG HomeLoanTest:76 - Extracted Cell: 
2025-07-30 03:11:56 DEBUG HomeLoanTest:76 - Extracted Cell: 
2025-07-30 03:11:56 DEBUG HomeLoanTest:76 - Extracted Cell: 
2025-07-30 03:11:56 DEBUG HomeLoanTest:76 - Extracted Cell: 
2025-07-30 03:11:56 DEBUG HomeLoanTest:76 - Extracted Cell: 
2025-07-30 03:11:56 DEBUG HomeLoanTest:76 - Extracted Cell: 
2025-07-30 03:11:56 DEBUG HomeLoanTest:76 - Extracted Cell: 
2025-07-30 03:11:56 DEBUG HomeLoanTest:76 - Extracted Cell: 
2025-07-30 03:11:56 DEBUG HomeLoanTest:76 - Extracted Cell: 
2025-07-30 03:11:56 DEBUG HomeLoanTest:76 - Extracted Cell: 
2025-07-30 03:11:56 DEBUG HomeLoanTest:76 - Extracted Cell: 
2025-07-30 03:11:56 DEBUG HomeLoanTest:76 - Extracted Cell: 
2025-07-30 03:11:56 DEBUG HomeLoanTest:76 - Extracted Cell: 
2025-07-30 03:11:56 DEBUG HomeLoanTest:76 - Extracted Cell: 
2025-07-30 03:11:56 DEBUG HomeLoanTest:76 - Extracted Cell: 
2025-07-30 03:11:56 DEBUG HomeLoanTest:76 - Extracted Cell: 
2025-07-30 03:11:56 DEBUG HomeLoanTest:76 - Extracted Cell: 
2025-07-30 03:11:57 DEBUG HomeLoanTest:76 - Extracted Cell: 
2025-07-30 03:11:57 DEBUG HomeLoanTest:76 - Extracted Cell: 
2025-07-30 03:11:57 DEBUG HomeLoanTest:76 - Extracted Cell: 
2025-07-30 03:11:57 DEBUG HomeLoanTest:76 - Extracted Cell: 
2025-07-30 03:11:57 DEBUG HomeLoanTest:76 - Extracted Cell: 
2025-07-30 03:11:57 DEBUG HomeLoanTest:76 - Extracted Cell: 
2025-07-30 03:11:57 DEBUG HomeLoanTest:76 - Extracted Cell: 
2025-07-30 03:11:57 DEBUG HomeLoanTest:76 - Extracted Cell: 
2025-07-30 03:11:57 DEBUG HomeLoanTest:76 - Extracted Cell: 
2025-07-30 03:11:57 DEBUG HomeLoanTest:76 - Extracted Cell: 
2025-07-30 03:11:57 DEBUG HomeLoanTest:76 - Extracted Cell: 
2025-07-30 03:11:57 DEBUG HomeLoanTest:76 - Extracted Cell: 
2025-07-30 03:11:57 DEBUG HomeLoanTest:76 - Extracted Cell: 
2025-07-30 03:11:57 DEBUG HomeLoanTest:76 - Extracted Cell: 
2025-07-30 03:11:57 DEBUG HomeLoanTest:76 - Extracted Cell: 
2025-07-30 03:11:57 DEBUG HomeLoanTest:76 - Extracted Cell: 
2025-07-30 03:11:57 DEBUG HomeLoanTest:76 - Extracted Cell: 
2025-07-30 03:11:57 DEBUG HomeLoanTest:76 - Extracted Cell: 
2025-07-30 03:11:57 DEBUG HomeLoanTest:76 - Extracted Cell: 
2025-07-30 03:11:57 DEBUG HomeLoanTest:76 - Extracted Cell: 
2025-07-30 03:11:57 DEBUG HomeLoanTest:76 - Extracted Cell: 
2025-07-30 03:11:57 DEBUG HomeLoanTest:76 - Extracted Cell: 
2025-07-30 03:11:57 DEBUG HomeLoanTest:76 - Extracted Cell: 
2025-07-30 03:11:57 DEBUG HomeLoanTest:76 - Extracted Cell: 
2025-07-30 03:11:57 DEBUG HomeLoanTest:76 - Extracted Cell: 
2025-07-30 03:11:57 DEBUG HomeLoanTest:76 - Extracted Cell: 
2025-07-30 03:11:57 DEBUG HomeLoanTest:76 - Extracted Cell: 
2025-07-30 03:11:57 DEBUG HomeLoanTest:76 - Extracted Cell: 
2025-07-30 03:11:57 DEBUG HomeLoanTest:76 - Extracted Cell: 
2025-07-30 03:11:57 DEBUG HomeLoanTest:76 - Extracted Cell: 
2025-07-30 03:11:57 DEBUG HomeLoanTest:76 - Extracted Cell: 
2025-07-30 03:11:57 DEBUG HomeLoanTest:76 - Extracted Cell: 
2025-07-30 03:11:57 DEBUG HomeLoanTest:76 - Extracted Cell: 
2025-07-30 03:11:57 DEBUG HomeLoanTest:76 - Extracted Cell: 
2025-07-30 03:11:57 DEBUG HomeLoanTest:76 - Extracted Cell: 
2025-07-30 03:11:57 DEBUG HomeLoanTest:76 - Extracted Cell: 
2025-07-30 03:11:57 DEBUG HomeLoanTest:76 - Extracted Cell: 
2025-07-30 03:11:57 DEBUG HomeLoanTest:76 - Extracted Cell: 
2025-07-30 03:11:57 DEBUG HomeLoanTest:76 - Extracted Cell: 
2025-07-30 03:11:57 DEBUG HomeLoanTest:76 - Extracted Cell: 
2025-07-30 03:11:57 DEBUG HomeLoanTest:76 - Extracted Cell: 
2025-07-30 03:11:57 DEBUG HomeLoanTest:76 - Extracted Cell: 
2025-07-30 03:11:58 DEBUG HomeLoanTest:76 - Extracted Cell: 
2025-07-30 03:11:58 DEBUG HomeLoanTest:76 - Extracted Cell: 
2025-07-30 03:11:58 DEBUG HomeLoanTest:76 - Extracted Cell: 
2025-07-30 03:11:58 DEBUG HomeLoanTest:76 - Extracted Cell: 
2025-07-30 03:11:58 DEBUG HomeLoanTest:76 - Extracted Cell: 
2025-07-30 03:11:58 DEBUG HomeLoanTest:76 - Extracted Cell: 
2025-07-30 03:11:58 DEBUG HomeLoanTest:76 - Extracted Cell: 
2025-07-30 03:11:58 DEBUG HomeLoanTest:76 - Extracted Cell: 2028
2025-07-30 03:11:58 DEBUG HomeLoanTest:76 - Extracted Cell: ₹ 20,351
2025-07-30 03:11:58 DEBUG HomeLoanTest:76 - Extracted Cell: ₹ 29,708
2025-07-30 03:11:58 DEBUG HomeLoanTest:76 - Extracted Cell: ₹ 3,00,30,250
2025-07-30 03:11:58 DEBUG HomeLoanTest:76 - Extracted Cell: ₹ 3,00,80,309
2025-07-30 03:11:58 DEBUG HomeLoanTest:76 - Extracted Cell: ₹ 3,84,958
2025-07-30 03:11:58 DEBUG HomeLoanTest:76 - Extracted Cell: 14.45%
2025-07-30 03:11:58 DEBUG HomeLoanTest:76 - Extracted Cell: 
2025-07-30 03:11:58 DEBUG HomeLoanTest:76 - Extracted Cell: 
2025-07-30 03:11:58 DEBUG HomeLoanTest:76 - Extracted Cell: 
2025-07-30 03:11:58 DEBUG HomeLoanTest:76 - Extracted Cell: 
2025-07-30 03:11:58 DEBUG HomeLoanTest:76 - Extracted Cell: 
2025-07-30 03:11:58 DEBUG HomeLoanTest:76 - Extracted Cell: 
2025-07-30 03:11:58 DEBUG HomeLoanTest:76 - Extracted Cell: 
2025-07-30 03:11:58 DEBUG HomeLoanTest:76 - Extracted Cell: 
2025-07-30 03:11:58 DEBUG HomeLoanTest:76 - Extracted Cell: 
2025-07-30 03:11:58 DEBUG HomeLoanTest:76 - Extracted Cell: 
2025-07-30 03:11:58 DEBUG HomeLoanTest:76 - Extracted Cell: 
2025-07-30 03:11:58 DEBUG HomeLoanTest:76 - Extracted Cell: 
2025-07-30 03:11:58 DEBUG HomeLoanTest:76 - Extracted Cell: 
2025-07-30 03:11:58 DEBUG HomeLoanTest:76 - Extracted Cell: 
2025-07-30 03:11:58 DEBUG HomeLoanTest:76 - Extracted Cell: 
2025-07-30 03:11:58 DEBUG HomeLoanTest:76 - Extracted Cell: 
2025-07-30 03:11:58 DEBUG HomeLoanTest:76 - Extracted Cell: 
2025-07-30 03:11:58 DEBUG HomeLoanTest:76 - Extracted Cell: 
2025-07-30 03:11:58 DEBUG HomeLoanTest:76 - Extracted Cell: 
2025-07-30 03:11:58 DEBUG HomeLoanTest:76 - Extracted Cell: 
2025-07-30 03:11:58 DEBUG HomeLoanTest:76 - Extracted Cell: 
2025-07-30 03:11:58 DEBUG HomeLoanTest:76 - Extracted Cell: 
2025-07-30 03:11:58 DEBUG HomeLoanTest:76 - Extracted Cell: 
2025-07-30 03:11:58 DEBUG HomeLoanTest:76 - Extracted Cell: 
2025-07-30 03:11:58 DEBUG HomeLoanTest:76 - Extracted Cell: 
2025-07-30 03:11:58 DEBUG HomeLoanTest:76 - Extracted Cell: 
2025-07-30 03:11:58 DEBUG HomeLoanTest:76 - Extracted Cell: 
2025-07-30 03:11:58 DEBUG HomeLoanTest:76 - Extracted Cell: 
2025-07-30 03:11:58 DEBUG HomeLoanTest:76 - Extracted Cell: 
2025-07-30 03:11:58 DEBUG HomeLoanTest:76 - Extracted Cell: 
2025-07-30 03:11:58 DEBUG HomeLoanTest:76 - Extracted Cell: 
2025-07-30 03:11:58 DEBUG HomeLoanTest:76 - Extracted Cell: 
2025-07-30 03:11:58 DEBUG HomeLoanTest:76 - Extracted Cell: 
2025-07-30 03:11:58 DEBUG HomeLoanTest:76 - Extracted Cell: 
2025-07-30 03:11:58 DEBUG HomeLoanTest:76 - Extracted Cell: 
2025-07-30 03:11:58 DEBUG HomeLoanTest:76 - Extracted Cell: 
2025-07-30 03:11:58 DEBUG HomeLoanTest:76 - Extracted Cell: 
2025-07-30 03:11:58 DEBUG HomeLoanTest:76 - Extracted Cell: 
2025-07-30 03:11:58 DEBUG HomeLoanTest:76 - Extracted Cell: 
2025-07-30 03:11:58 DEBUG HomeLoanTest:76 - Extracted Cell: 
2025-07-30 03:11:58 DEBUG HomeLoanTest:76 - Extracted Cell: 
2025-07-30 03:11:58 DEBUG HomeLoanTest:76 - Extracted Cell: 
2025-07-30 03:11:58 DEBUG HomeLoanTest:76 - Extracted Cell: 
2025-07-30 03:11:58 DEBUG HomeLoanTest:76 - Extracted Cell: 
2025-07-30 03:11:58 DEBUG HomeLoanTest:76 - Extracted Cell: 
2025-07-30 03:11:58 DEBUG HomeLoanTest:76 - Extracted Cell: 
2025-07-30 03:11:58 DEBUG HomeLoanTest:76 - Extracted Cell: 
2025-07-30 03:11:58 DEBUG HomeLoanTest:76 - Extracted Cell: 
2025-07-30 03:11:58 DEBUG HomeLoanTest:76 - Extracted Cell: 
2025-07-30 03:11:58 DEBUG HomeLoanTest:76 - Extracted Cell: 
2025-07-30 03:11:58 DEBUG HomeLoanTest:76 - Extracted Cell: 
2025-07-30 03:11:58 DEBUG HomeLoanTest:76 - Extracted Cell: 
2025-07-30 03:11:58 DEBUG HomeLoanTest:76 - Extracted Cell: 
2025-07-30 03:11:58 DEBUG HomeLoanTest:76 - Extracted Cell: 
2025-07-30 03:11:58 DEBUG HomeLoanTest:76 - Extracted Cell: 
2025-07-30 03:11:58 DEBUG HomeLoanTest:76 - Extracted Cell: 
2025-07-30 03:11:59 DEBUG HomeLoanTest:76 - Extracted Cell: 
2025-07-30 03:11:59 DEBUG HomeLoanTest:76 - Extracted Cell: 
2025-07-30 03:11:59 DEBUG HomeLoanTest:76 - Extracted Cell: 
2025-07-30 03:11:59 DEBUG HomeLoanTest:76 - Extracted Cell: 
2025-07-30 03:11:59 DEBUG HomeLoanTest:76 - Extracted Cell: 
2025-07-30 03:11:59 DEBUG HomeLoanTest:76 - Extracted Cell: 
2025-07-30 03:11:59 DEBUG HomeLoanTest:76 - Extracted Cell: 
2025-07-30 03:11:59 DEBUG HomeLoanTest:76 - Extracted Cell: 
2025-07-30 03:11:59 DEBUG HomeLoanTest:76 - Extracted Cell: 
2025-07-30 03:11:59 DEBUG HomeLoanTest:76 - Extracted Cell: 
2025-07-30 03:11:59 DEBUG HomeLoanTest:76 - Extracted Cell: 
2025-07-30 03:11:59 DEBUG HomeLoanTest:76 - Extracted Cell: 
2025-07-30 03:11:59 DEBUG HomeLoanTest:76 - Extracted Cell: 
2025-07-30 03:11:59 DEBUG HomeLoanTest:76 - Extracted Cell: 
2025-07-30 03:11:59 DEBUG HomeLoanTest:76 - Extracted Cell: 
2025-07-30 03:11:59 DEBUG HomeLoanTest:76 - Extracted Cell: 
2025-07-30 03:11:59 DEBUG HomeLoanTest:76 - Extracted Cell: 
2025-07-30 03:11:59 DEBUG HomeLoanTest:76 - Extracted Cell: 
2025-07-30 03:11:59 DEBUG HomeLoanTest:76 - Extracted Cell: 
2025-07-30 03:11:59 DEBUG HomeLoanTest:76 - Extracted Cell: 
2025-07-30 03:11:59 DEBUG HomeLoanTest:76 - Extracted Cell: 
2025-07-30 03:11:59 DEBUG HomeLoanTest:76 - Extracted Cell: 
2025-07-30 03:11:59 DEBUG HomeLoanTest:76 - Extracted Cell: 
2025-07-30 03:11:59 DEBUG HomeLoanTest:76 - Extracted Cell: 
2025-07-30 03:11:59 DEBUG HomeLoanTest:76 - Extracted Cell: 
2025-07-30 03:11:59 DEBUG HomeLoanTest:76 - Extracted Cell: 
2025-07-30 03:11:59 DEBUG HomeLoanTest:76 - Extracted Cell: 
2025-07-30 03:11:59 DEBUG HomeLoanTest:76 - Extracted Cell: 
2025-07-30 03:11:59 DEBUG HomeLoanTest:76 - Extracted Cell: 
2025-07-30 03:11:59 DEBUG HomeLoanTest:76 - Extracted Cell: 
2025-07-30 03:11:59 DEBUG HomeLoanTest:76 - Extracted Cell: 
2025-07-30 03:11:59 DEBUG HomeLoanTest:76 - Extracted Cell: 
2025-07-30 03:11:59 DEBUG HomeLoanTest:76 - Extracted Cell: 
2025-07-30 03:11:59 DEBUG HomeLoanTest:76 - Extracted Cell: 
2025-07-30 03:11:59 DEBUG HomeLoanTest:76 - Extracted Cell: 
2025-07-30 03:11:59 DEBUG HomeLoanTest:76 - Extracted Cell: 
2025-07-30 03:11:59 DEBUG HomeLoanTest:76 - Extracted Cell: 
2025-07-30 03:11:59 DEBUG HomeLoanTest:76 - Extracted Cell: 
2025-07-30 03:11:59 DEBUG HomeLoanTest:76 - Extracted Cell: 
2025-07-30 03:11:59 DEBUG HomeLoanTest:76 - Extracted Cell: 
2025-07-30 03:11:59 DEBUG HomeLoanTest:76 - Extracted Cell: 
2025-07-30 03:11:59 DEBUG HomeLoanTest:76 - Extracted Cell: 
2025-07-30 03:11:59 DEBUG HomeLoanTest:76 - Extracted Cell: 
2025-07-30 03:11:59 DEBUG HomeLoanTest:76 - Extracted Cell: 
2025-07-30 03:11:59 DEBUG HomeLoanTest:76 - Extracted Cell: 
2025-07-30 03:11:59 DEBUG HomeLoanTest:76 - Extracted Cell: 
2025-07-30 03:11:59 DEBUG HomeLoanTest:76 - Extracted Cell: 
2025-07-30 03:11:59 DEBUG HomeLoanTest:76 - Extracted Cell: 
2025-07-30 03:11:59 DEBUG HomeLoanTest:76 - Extracted Cell: 
2025-07-30 03:11:59 DEBUG HomeLoanTest:76 - Extracted Cell: 
2025-07-30 03:11:59 DEBUG HomeLoanTest:76 - Extracted Cell: 
2025-07-30 03:11:59 DEBUG HomeLoanTest:76 - Extracted Cell: 
2025-07-30 03:11:59 DEBUG HomeLoanTest:76 - Extracted Cell: 
2025-07-30 03:11:59 DEBUG HomeLoanTest:76 - Extracted Cell: 
2025-07-30 03:11:59 DEBUG HomeLoanTest:76 - Extracted Cell: 
2025-07-30 03:11:59 DEBUG HomeLoanTest:76 - Extracted Cell: 
2025-07-30 03:11:59 DEBUG HomeLoanTest:76 - Extracted Cell: 
2025-07-30 03:12:00 DEBUG HomeLoanTest:76 - Extracted Cell: 
2025-07-30 03:12:00 DEBUG HomeLoanTest:76 - Extracted Cell: 
2025-07-30 03:12:00 DEBUG HomeLoanTest:76 - Extracted Cell: 
2025-07-30 03:12:00 DEBUG HomeLoanTest:76 - Extracted Cell: 
2025-07-30 03:12:00 DEBUG HomeLoanTest:76 - Extracted Cell: 
2025-07-30 03:12:00 DEBUG HomeLoanTest:76 - Extracted Cell: 
2025-07-30 03:12:00 DEBUG HomeLoanTest:76 - Extracted Cell: 
2025-07-30 03:12:00 DEBUG HomeLoanTest:76 - Extracted Cell: 
2025-07-30 03:12:00 DEBUG HomeLoanTest:76 - Extracted Cell: 
2025-07-30 03:12:00 DEBUG HomeLoanTest:76 - Extracted Cell: 
2025-07-30 03:12:00 DEBUG HomeLoanTest:76 - Extracted Cell: 
2025-07-30 03:12:00 DEBUG HomeLoanTest:76 - Extracted Cell: 
2025-07-30 03:12:00 DEBUG HomeLoanTest:76 - Extracted Cell: 
2025-07-30 03:12:00 DEBUG HomeLoanTest:76 - Extracted Cell: 
2025-07-30 03:12:00 DEBUG HomeLoanTest:76 - Extracted Cell: 
2025-07-30 03:12:00 DEBUG HomeLoanTest:76 - Extracted Cell: 
2025-07-30 03:12:00 DEBUG HomeLoanTest:76 - Extracted Cell: 
2025-07-30 03:12:00 DEBUG HomeLoanTest:76 - Extracted Cell: 
2025-07-30 03:12:00 DEBUG HomeLoanTest:76 - Extracted Cell: 
2025-07-30 03:12:00 DEBUG HomeLoanTest:76 - Extracted Cell: 
2025-07-30 03:12:00 DEBUG HomeLoanTest:76 - Extracted Cell: 
2025-07-30 03:12:00 DEBUG HomeLoanTest:76 - Extracted Cell: 
2025-07-30 03:12:00 DEBUG HomeLoanTest:76 - Extracted Cell: 
2025-07-30 03:12:00 DEBUG HomeLoanTest:76 - Extracted Cell: 
2025-07-30 03:12:00 DEBUG HomeLoanTest:76 - Extracted Cell: 
2025-07-30 03:12:00 DEBUG HomeLoanTest:76 - Extracted Cell: 
2025-07-30 03:12:00 DEBUG HomeLoanTest:76 - Extracted Cell: 
2025-07-30 03:12:00 DEBUG HomeLoanTest:76 - Extracted Cell: 
2025-07-30 03:12:00 DEBUG HomeLoanTest:76 - Extracted Cell: 
2025-07-30 03:12:00 DEBUG HomeLoanTest:76 - Extracted Cell: 
2025-07-30 03:12:00 DEBUG HomeLoanTest:76 - Extracted Cell: 
2025-07-30 03:12:00 DEBUG HomeLoanTest:76 - Extracted Cell: 
2025-07-30 03:12:00 DEBUG HomeLoanTest:76 - Extracted Cell: 
2025-07-30 03:12:00 DEBUG HomeLoanTest:76 - Extracted Cell: 
2025-07-30 03:12:00 DEBUG HomeLoanTest:76 - Extracted Cell: 
2025-07-30 03:12:00 DEBUG HomeLoanTest:76 - Extracted Cell: 
2025-07-30 03:12:00 DEBUG HomeLoanTest:76 - Extracted Cell: 
2025-07-30 03:12:00 DEBUG HomeLoanTest:76 - Extracted Cell: 
2025-07-30 03:12:00 DEBUG HomeLoanTest:76 - Extracted Cell: 
2025-07-30 03:12:00 DEBUG HomeLoanTest:76 - Extracted Cell: 
2025-07-30 03:12:00 DEBUG HomeLoanTest:76 - Extracted Cell: 
2025-07-30 03:12:01 DEBUG HomeLoanTest:76 - Extracted Cell: 
2025-07-30 03:12:01 DEBUG HomeLoanTest:76 - Extracted Cell: 
2025-07-30 03:12:01 DEBUG HomeLoanTest:76 - Extracted Cell: 
2025-07-30 03:12:01 DEBUG HomeLoanTest:76 - Extracted Cell: 
2025-07-30 03:12:01 DEBUG HomeLoanTest:76 - Extracted Cell: 
2025-07-30 03:12:01 DEBUG HomeLoanTest:76 - Extracted Cell: 
2025-07-30 03:12:01 DEBUG HomeLoanTest:76 - Extracted Cell: 
2025-07-30 03:12:01 DEBUG HomeLoanTest:76 - Extracted Cell: 
2025-07-30 03:12:01 DEBUG HomeLoanTest:76 - Extracted Cell: 
2025-07-30 03:12:01 DEBUG HomeLoanTest:76 - Extracted Cell: 
2025-07-30 03:12:01 DEBUG HomeLoanTest:76 - Extracted Cell: 
2025-07-30 03:12:01 DEBUG HomeLoanTest:76 - Extracted Cell: 
2025-07-30 03:12:01 DEBUG HomeLoanTest:76 - Extracted Cell: 
2025-07-30 03:12:01 DEBUG HomeLoanTest:76 - Extracted Cell: 
2025-07-30 03:12:01 DEBUG HomeLoanTest:76 - Extracted Cell: 
2025-07-30 03:12:01 DEBUG HomeLoanTest:76 - Extracted Cell: 2029
2025-07-30 03:12:01 DEBUG HomeLoanTest:76 - Extracted Cell: ₹ 21,931
2025-07-30 03:12:01 DEBUG HomeLoanTest:76 - Extracted Cell: ₹ 28,128
2025-07-30 03:12:01 DEBUG HomeLoanTest:76 - Extracted Cell: ₹ 3,00,30,250
2025-07-30 03:12:01 DEBUG HomeLoanTest:76 - Extracted Cell: ₹ 3,00,80,309
2025-07-30 03:12:01 DEBUG HomeLoanTest:76 - Extracted Cell: ₹ 3,63,027
2025-07-30 03:12:01 DEBUG HomeLoanTest:76 - Extracted Cell: 19.33%
2025-07-30 03:12:01 DEBUG HomeLoanTest:76 - Extracted Cell: 
2025-07-30 03:12:01 DEBUG HomeLoanTest:76 - Extracted Cell: 
2025-07-30 03:12:01 DEBUG HomeLoanTest:76 - Extracted Cell: 
2025-07-30 03:12:01 DEBUG HomeLoanTest:76 - Extracted Cell: 
2025-07-30 03:12:01 DEBUG HomeLoanTest:76 - Extracted Cell: 
2025-07-30 03:12:01 DEBUG HomeLoanTest:76 - Extracted Cell: 
2025-07-30 03:12:01 DEBUG HomeLoanTest:76 - Extracted Cell: 
2025-07-30 03:12:01 DEBUG HomeLoanTest:76 - Extracted Cell: 
2025-07-30 03:12:01 DEBUG HomeLoanTest:76 - Extracted Cell: 
2025-07-30 03:12:01 DEBUG HomeLoanTest:76 - Extracted Cell: 
2025-07-30 03:12:01 DEBUG HomeLoanTest:76 - Extracted Cell: 
2025-07-30 03:12:01 DEBUG HomeLoanTest:76 - Extracted Cell: 
2025-07-30 03:12:01 DEBUG HomeLoanTest:76 - Extracted Cell: 
2025-07-30 03:12:01 DEBUG HomeLoanTest:76 - Extracted Cell: 
2025-07-30 03:12:01 DEBUG HomeLoanTest:76 - Extracted Cell: 
2025-07-30 03:12:01 DEBUG HomeLoanTest:76 - Extracted Cell: 
2025-07-30 03:12:01 DEBUG HomeLoanTest:76 - Extracted Cell: 
2025-07-30 03:12:01 DEBUG HomeLoanTest:76 - Extracted Cell: 
2025-07-30 03:12:01 DEBUG HomeLoanTest:76 - Extracted Cell: 
2025-07-30 03:12:01 DEBUG HomeLoanTest:76 - Extracted Cell: 
2025-07-30 03:12:01 DEBUG HomeLoanTest:76 - Extracted Cell: 
2025-07-30 03:12:01 DEBUG HomeLoanTest:76 - Extracted Cell: 
2025-07-30 03:12:01 DEBUG HomeLoanTest:76 - Extracted Cell: 
2025-07-30 03:12:01 DEBUG HomeLoanTest:76 - Extracted Cell: 
2025-07-30 03:12:01 DEBUG HomeLoanTest:76 - Extracted Cell: 
2025-07-30 03:12:01 DEBUG HomeLoanTest:76 - Extracted Cell: 
2025-07-30 03:12:01 DEBUG HomeLoanTest:76 - Extracted Cell: 
2025-07-30 03:12:01 DEBUG HomeLoanTest:76 - Extracted Cell: 
2025-07-30 03:12:01 DEBUG HomeLoanTest:76 - Extracted Cell: 
2025-07-30 03:12:01 DEBUG HomeLoanTest:76 - Extracted Cell: 
2025-07-30 03:12:01 DEBUG HomeLoanTest:76 - Extracted Cell: 
2025-07-30 03:12:01 DEBUG HomeLoanTest:76 - Extracted Cell: 
2025-07-30 03:12:01 DEBUG HomeLoanTest:76 - Extracted Cell: 
2025-07-30 03:12:01 DEBUG HomeLoanTest:76 - Extracted Cell: 
2025-07-30 03:12:01 DEBUG HomeLoanTest:76 - Extracted Cell: 
2025-07-30 03:12:01 DEBUG HomeLoanTest:76 - Extracted Cell: 
2025-07-30 03:12:01 DEBUG HomeLoanTest:76 - Extracted Cell: 
2025-07-30 03:12:01 DEBUG HomeLoanTest:76 - Extracted Cell: 
2025-07-30 03:12:01 DEBUG HomeLoanTest:76 - Extracted Cell: 
2025-07-30 03:12:01 DEBUG HomeLoanTest:76 - Extracted Cell: 
2025-07-30 03:12:01 DEBUG HomeLoanTest:76 - Extracted Cell: 
2025-07-30 03:12:01 DEBUG HomeLoanTest:76 - Extracted Cell: 
2025-07-30 03:12:01 DEBUG HomeLoanTest:76 - Extracted Cell: 
2025-07-30 03:12:01 DEBUG HomeLoanTest:76 - Extracted Cell: 
2025-07-30 03:12:01 DEBUG HomeLoanTest:76 - Extracted Cell: 
2025-07-30 03:12:02 DEBUG HomeLoanTest:76 - Extracted Cell: 
2025-07-30 03:12:02 DEBUG HomeLoanTest:76 - Extracted Cell: 
2025-07-30 03:12:02 DEBUG HomeLoanTest:76 - Extracted Cell: 
2025-07-30 03:12:02 DEBUG HomeLoanTest:76 - Extracted Cell: 
2025-07-30 03:12:02 DEBUG HomeLoanTest:76 - Extracted Cell: 
2025-07-30 03:12:02 DEBUG HomeLoanTest:76 - Extracted Cell: 
2025-07-30 03:12:02 DEBUG HomeLoanTest:76 - Extracted Cell: 
2025-07-30 03:12:02 DEBUG HomeLoanTest:76 - Extracted Cell: 
2025-07-30 03:12:02 DEBUG HomeLoanTest:76 - Extracted Cell: 
2025-07-30 03:12:02 DEBUG HomeLoanTest:76 - Extracted Cell: 
2025-07-30 03:12:02 DEBUG HomeLoanTest:76 - Extracted Cell: 
2025-07-30 03:12:02 DEBUG HomeLoanTest:76 - Extracted Cell: 
2025-07-30 03:12:02 DEBUG HomeLoanTest:76 - Extracted Cell: 
2025-07-30 03:12:02 DEBUG HomeLoanTest:76 - Extracted Cell: 
2025-07-30 03:12:02 DEBUG HomeLoanTest:76 - Extracted Cell: 
2025-07-30 03:12:02 DEBUG HomeLoanTest:76 - Extracted Cell: 
2025-07-30 03:12:02 DEBUG HomeLoanTest:76 - Extracted Cell: 
2025-07-30 03:12:02 DEBUG HomeLoanTest:76 - Extracted Cell: 
2025-07-30 03:12:02 DEBUG HomeLoanTest:76 - Extracted Cell: 
2025-07-30 03:12:02 DEBUG HomeLoanTest:76 - Extracted Cell: 
2025-07-30 03:12:02 DEBUG HomeLoanTest:76 - Extracted Cell: 
2025-07-30 03:12:02 DEBUG HomeLoanTest:76 - Extracted Cell: 
2025-07-30 03:12:02 DEBUG HomeLoanTest:76 - Extracted Cell: 
2025-07-30 03:12:02 DEBUG HomeLoanTest:76 - Extracted Cell: 
2025-07-30 03:12:02 DEBUG HomeLoanTest:76 - Extracted Cell: 
2025-07-30 03:12:02 DEBUG HomeLoanTest:76 - Extracted Cell: 
2025-07-30 03:12:02 DEBUG HomeLoanTest:76 - Extracted Cell: 
2025-07-30 03:12:02 DEBUG HomeLoanTest:76 - Extracted Cell: 
2025-07-30 03:12:02 DEBUG HomeLoanTest:76 - Extracted Cell: 
2025-07-30 03:12:02 DEBUG HomeLoanTest:76 - Extracted Cell: 
2025-07-30 03:12:02 DEBUG HomeLoanTest:76 - Extracted Cell: 
2025-07-30 03:12:02 DEBUG HomeLoanTest:76 - Extracted Cell: 
2025-07-30 03:12:02 DEBUG HomeLoanTest:76 - Extracted Cell: 
2025-07-30 03:12:02 DEBUG HomeLoanTest:76 - Extracted Cell: 
2025-07-30 03:12:02 DEBUG HomeLoanTest:76 - Extracted Cell: 
2025-07-30 03:12:02 DEBUG HomeLoanTest:76 - Extracted Cell: 
2025-07-30 03:12:02 DEBUG HomeLoanTest:76 - Extracted Cell: 
2025-07-30 03:12:02 DEBUG HomeLoanTest:76 - Extracted Cell: 
2025-07-30 03:12:02 DEBUG HomeLoanTest:76 - Extracted Cell: 
2025-07-30 03:12:02 DEBUG HomeLoanTest:76 - Extracted Cell: 
2025-07-30 03:12:02 DEBUG HomeLoanTest:76 - Extracted Cell: 
2025-07-30 03:12:02 DEBUG HomeLoanTest:76 - Extracted Cell: 
2025-07-30 03:12:02 DEBUG HomeLoanTest:76 - Extracted Cell: 
2025-07-30 03:12:02 DEBUG HomeLoanTest:76 - Extracted Cell: 
2025-07-30 03:12:02 DEBUG HomeLoanTest:76 - Extracted Cell: 
2025-07-30 03:12:02 DEBUG HomeLoanTest:76 - Extracted Cell: 
2025-07-30 03:12:02 DEBUG HomeLoanTest:76 - Extracted Cell: 
2025-07-30 03:12:02 DEBUG HomeLoanTest:76 - Extracted Cell: 
2025-07-30 03:12:02 DEBUG HomeLoanTest:76 - Extracted Cell: 
2025-07-30 03:12:02 DEBUG HomeLoanTest:76 - Extracted Cell: 
2025-07-30 03:12:02 DEBUG HomeLoanTest:76 - Extracted Cell: 
2025-07-30 03:12:02 DEBUG HomeLoanTest:76 - Extracted Cell: 
2025-07-30 03:12:02 DEBUG HomeLoanTest:76 - Extracted Cell: 
2025-07-30 03:12:02 DEBUG HomeLoanTest:76 - Extracted Cell: 
2025-07-30 03:12:02 DEBUG HomeLoanTest:76 - Extracted Cell: 
2025-07-30 03:12:02 DEBUG HomeLoanTest:76 - Extracted Cell: 
2025-07-30 03:12:02 DEBUG HomeLoanTest:76 - Extracted Cell: 
2025-07-30 03:12:02 DEBUG HomeLoanTest:76 - Extracted Cell: 
2025-07-30 03:12:02 DEBUG HomeLoanTest:76 - Extracted Cell: 
2025-07-30 03:12:02 DEBUG HomeLoanTest:76 - Extracted Cell: 
2025-07-30 03:12:02 DEBUG HomeLoanTest:76 - Extracted Cell: 
2025-07-30 03:12:02 DEBUG HomeLoanTest:76 - Extracted Cell: 
2025-07-30 03:12:02 DEBUG HomeLoanTest:76 - Extracted Cell: 
2025-07-30 03:12:02 DEBUG HomeLoanTest:76 - Extracted Cell: 
2025-07-30 03:12:02 DEBUG HomeLoanTest:76 - Extracted Cell: 
2025-07-30 03:12:02 DEBUG HomeLoanTest:76 - Extracted Cell: 
2025-07-30 03:12:02 DEBUG HomeLoanTest:76 - Extracted Cell: 
2025-07-30 03:12:02 DEBUG HomeLoanTest:76 - Extracted Cell: 
2025-07-30 03:12:03 DEBUG HomeLoanTest:76 - Extracted Cell: 
2025-07-30 03:12:03 DEBUG HomeLoanTest:76 - Extracted Cell: 
2025-07-30 03:12:03 DEBUG HomeLoanTest:76 - Extracted Cell: 
2025-07-30 03:12:03 DEBUG HomeLoanTest:76 - Extracted Cell: 
2025-07-30 03:12:03 DEBUG HomeLoanTest:76 - Extracted Cell: 
2025-07-30 03:12:03 DEBUG HomeLoanTest:76 - Extracted Cell: 
2025-07-30 03:12:03 DEBUG HomeLoanTest:76 - Extracted Cell: 
2025-07-30 03:12:03 DEBUG HomeLoanTest:76 - Extracted Cell: 
2025-07-30 03:12:03 DEBUG HomeLoanTest:76 - Extracted Cell: 
2025-07-30 03:12:03 DEBUG HomeLoanTest:76 - Extracted Cell: 
2025-07-30 03:12:03 DEBUG HomeLoanTest:76 - Extracted Cell: 
2025-07-30 03:12:03 DEBUG HomeLoanTest:76 - Extracted Cell: 
2025-07-30 03:12:03 DEBUG HomeLoanTest:76 - Extracted Cell: 
2025-07-30 03:12:03 DEBUG HomeLoanTest:76 - Extracted Cell: 
2025-07-30 03:12:03 DEBUG HomeLoanTest:76 - Extracted Cell: 
2025-07-30 03:12:03 DEBUG HomeLoanTest:76 - Extracted Cell: 
2025-07-30 03:12:03 DEBUG HomeLoanTest:76 - Extracted Cell: 
2025-07-30 03:12:03 DEBUG HomeLoanTest:76 - Extracted Cell: 
2025-07-30 03:12:03 DEBUG HomeLoanTest:76 - Extracted Cell: 
2025-07-30 03:12:03 DEBUG HomeLoanTest:76 - Extracted Cell: 
2025-07-30 03:12:03 DEBUG HomeLoanTest:76 - Extracted Cell: 
2025-07-30 03:12:03 DEBUG HomeLoanTest:76 - Extracted Cell: 
2025-07-30 03:12:03 DEBUG HomeLoanTest:76 - Extracted Cell: 
2025-07-30 03:12:03 DEBUG HomeLoanTest:76 - Extracted Cell: 
2025-07-30 03:12:03 DEBUG HomeLoanTest:76 - Extracted Cell: 
2025-07-30 03:12:03 DEBUG HomeLoanTest:76 - Extracted Cell: 
2025-07-30 03:12:03 DEBUG HomeLoanTest:76 - Extracted Cell: 
2025-07-30 03:12:03 DEBUG HomeLoanTest:76 - Extracted Cell: 
2025-07-30 03:12:03 DEBUG HomeLoanTest:76 - Extracted Cell: 
2025-07-30 03:12:03 DEBUG HomeLoanTest:76 - Extracted Cell: 
2025-07-30 03:12:03 DEBUG HomeLoanTest:76 - Extracted Cell: 
2025-07-30 03:12:03 DEBUG HomeLoanTest:76 - Extracted Cell: 
2025-07-30 03:12:03 DEBUG HomeLoanTest:76 - Extracted Cell: 
2025-07-30 03:12:03 DEBUG HomeLoanTest:76 - Extracted Cell: 
2025-07-30 03:12:03 DEBUG HomeLoanTest:76 - Extracted Cell: 
2025-07-30 03:12:03 DEBUG HomeLoanTest:76 - Extracted Cell: 
2025-07-30 03:12:03 DEBUG HomeLoanTest:76 - Extracted Cell: 
2025-07-30 03:12:03 DEBUG HomeLoanTest:76 - Extracted Cell: 
2025-07-30 03:12:03 DEBUG HomeLoanTest:76 - Extracted Cell: 
2025-07-30 03:12:03 DEBUG HomeLoanTest:76 - Extracted Cell: 
2025-07-30 03:12:03 DEBUG HomeLoanTest:76 - Extracted Cell: 
2025-07-30 03:12:03 DEBUG HomeLoanTest:76 - Extracted Cell: 
2025-07-30 03:12:03 DEBUG HomeLoanTest:76 - Extracted Cell: 
2025-07-30 03:12:03 DEBUG HomeLoanTest:76 - Extracted Cell: 
2025-07-30 03:12:03 DEBUG HomeLoanTest:76 - Extracted Cell: 
2025-07-30 03:12:03 DEBUG HomeLoanTest:76 - Extracted Cell: 
2025-07-30 03:12:03 DEBUG HomeLoanTest:76 - Extracted Cell: 
2025-07-30 03:12:03 DEBUG HomeLoanTest:76 - Extracted Cell: 
2025-07-30 03:12:03 DEBUG HomeLoanTest:76 - Extracted Cell: 
2025-07-30 03:12:04 DEBUG HomeLoanTest:76 - Extracted Cell: 
2025-07-30 03:12:04 DEBUG HomeLoanTest:76 - Extracted Cell: 
2025-07-30 03:12:04 DEBUG HomeLoanTest:76 - Extracted Cell: 
2025-07-30 03:12:04 DEBUG HomeLoanTest:76 - Extracted Cell: 
2025-07-30 03:12:04 DEBUG HomeLoanTest:76 - Extracted Cell: 
2025-07-30 03:12:04 DEBUG HomeLoanTest:76 - Extracted Cell: 
2025-07-30 03:12:04 DEBUG HomeLoanTest:76 - Extracted Cell: 
2025-07-30 03:12:04 DEBUG HomeLoanTest:76 - Extracted Cell: 2030
2025-07-30 03:12:04 DEBUG HomeLoanTest:76 - Extracted Cell: ₹ 23,633
2025-07-30 03:12:04 DEBUG HomeLoanTest:76 - Extracted Cell: ₹ 26,426
2025-07-30 03:12:04 DEBUG HomeLoanTest:76 - Extracted Cell: ₹ 3,00,30,250
2025-07-30 03:12:04 DEBUG HomeLoanTest:76 - Extracted Cell: ₹ 3,00,80,309
2025-07-30 03:12:04 DEBUG HomeLoanTest:76 - Extracted Cell: ₹ 3,39,394
2025-07-30 03:12:04 DEBUG HomeLoanTest:76 - Extracted Cell: 24.58%
2025-07-30 03:12:04 DEBUG HomeLoanTest:76 - Extracted Cell: 
2025-07-30 03:12:04 DEBUG HomeLoanTest:76 - Extracted Cell: 
2025-07-30 03:12:04 DEBUG HomeLoanTest:76 - Extracted Cell: 
2025-07-30 03:12:04 DEBUG HomeLoanTest:76 - Extracted Cell: 
2025-07-30 03:12:04 DEBUG HomeLoanTest:76 - Extracted Cell: 
2025-07-30 03:12:04 DEBUG HomeLoanTest:76 - Extracted Cell: 
2025-07-30 03:12:04 DEBUG HomeLoanTest:76 - Extracted Cell: 
2025-07-30 03:12:04 DEBUG HomeLoanTest:76 - Extracted Cell: 
2025-07-30 03:12:04 DEBUG HomeLoanTest:76 - Extracted Cell: 
2025-07-30 03:12:04 DEBUG HomeLoanTest:76 - Extracted Cell: 
2025-07-30 03:12:04 DEBUG HomeLoanTest:76 - Extracted Cell: 
2025-07-30 03:12:04 DEBUG HomeLoanTest:76 - Extracted Cell: 
2025-07-30 03:12:04 DEBUG HomeLoanTest:76 - Extracted Cell: 
2025-07-30 03:12:04 DEBUG HomeLoanTest:76 - Extracted Cell: 
2025-07-30 03:12:04 DEBUG HomeLoanTest:76 - Extracted Cell: 
2025-07-30 03:12:04 DEBUG HomeLoanTest:76 - Extracted Cell: 
2025-07-30 03:12:04 DEBUG HomeLoanTest:76 - Extracted Cell: 
2025-07-30 03:12:04 DEBUG HomeLoanTest:76 - Extracted Cell: 
2025-07-30 03:12:04 DEBUG HomeLoanTest:76 - Extracted Cell: 
2025-07-30 03:12:04 DEBUG HomeLoanTest:76 - Extracted Cell: 
2025-07-30 03:12:04 DEBUG HomeLoanTest:76 - Extracted Cell: 
2025-07-30 03:12:04 DEBUG HomeLoanTest:76 - Extracted Cell: 
2025-07-30 03:12:04 DEBUG HomeLoanTest:76 - Extracted Cell: 
2025-07-30 03:12:04 DEBUG HomeLoanTest:76 - Extracted Cell: 
2025-07-30 03:12:04 DEBUG HomeLoanTest:76 - Extracted Cell: 
2025-07-30 03:12:04 DEBUG HomeLoanTest:76 - Extracted Cell: 
2025-07-30 03:12:04 DEBUG HomeLoanTest:76 - Extracted Cell: 
2025-07-30 03:12:04 DEBUG HomeLoanTest:76 - Extracted Cell: 
2025-07-30 03:12:04 DEBUG HomeLoanTest:76 - Extracted Cell: 
2025-07-30 03:12:04 DEBUG HomeLoanTest:76 - Extracted Cell: 
2025-07-30 03:12:04 DEBUG HomeLoanTest:76 - Extracted Cell: 
2025-07-30 03:12:04 DEBUG HomeLoanTest:76 - Extracted Cell: 
2025-07-30 03:12:04 DEBUG HomeLoanTest:76 - Extracted Cell: 
2025-07-30 03:12:04 DEBUG HomeLoanTest:76 - Extracted Cell: 
2025-07-30 03:12:04 DEBUG HomeLoanTest:76 - Extracted Cell: 
2025-07-30 03:12:04 DEBUG HomeLoanTest:76 - Extracted Cell: 
2025-07-30 03:12:04 DEBUG HomeLoanTest:76 - Extracted Cell: 
2025-07-30 03:12:04 DEBUG HomeLoanTest:76 - Extracted Cell: 
2025-07-30 03:12:04 DEBUG HomeLoanTest:76 - Extracted Cell: 
2025-07-30 03:12:04 DEBUG HomeLoanTest:76 - Extracted Cell: 
2025-07-30 03:12:04 DEBUG HomeLoanTest:76 - Extracted Cell: 
2025-07-30 03:12:04 DEBUG HomeLoanTest:76 - Extracted Cell: 
2025-07-30 03:12:04 DEBUG HomeLoanTest:76 - Extracted Cell: 
2025-07-30 03:12:04 DEBUG HomeLoanTest:76 - Extracted Cell: 
2025-07-30 03:12:04 DEBUG HomeLoanTest:76 - Extracted Cell: 
2025-07-30 03:12:04 DEBUG HomeLoanTest:76 - Extracted Cell: 
2025-07-30 03:12:04 DEBUG HomeLoanTest:76 - Extracted Cell: 
2025-07-30 03:12:04 DEBUG HomeLoanTest:76 - Extracted Cell: 
2025-07-30 03:12:04 DEBUG HomeLoanTest:76 - Extracted Cell: 
2025-07-30 03:12:04 DEBUG HomeLoanTest:76 - Extracted Cell: 
2025-07-30 03:12:04 DEBUG HomeLoanTest:76 - Extracted Cell: 
2025-07-30 03:12:04 DEBUG HomeLoanTest:76 - Extracted Cell: 
2025-07-30 03:12:05 DEBUG HomeLoanTest:76 - Extracted Cell: 
2025-07-30 03:12:05 DEBUG HomeLoanTest:76 - Extracted Cell: 
2025-07-30 03:12:05 DEBUG HomeLoanTest:76 - Extracted Cell: 
2025-07-30 03:12:05 DEBUG HomeLoanTest:76 - Extracted Cell: 
2025-07-30 03:12:05 DEBUG HomeLoanTest:76 - Extracted Cell: 
2025-07-30 03:12:05 DEBUG HomeLoanTest:76 - Extracted Cell: 
2025-07-30 03:12:05 DEBUG HomeLoanTest:76 - Extracted Cell: 
2025-07-30 03:12:05 DEBUG HomeLoanTest:76 - Extracted Cell: 
2025-07-30 03:12:05 DEBUG HomeLoanTest:76 - Extracted Cell: 
2025-07-30 03:12:05 DEBUG HomeLoanTest:76 - Extracted Cell: 
2025-07-30 03:12:05 DEBUG HomeLoanTest:76 - Extracted Cell: 
2025-07-30 03:12:05 DEBUG HomeLoanTest:76 - Extracted Cell: 
2025-07-30 03:12:05 DEBUG HomeLoanTest:76 - Extracted Cell: 
2025-07-30 03:12:05 DEBUG HomeLoanTest:76 - Extracted Cell: 
2025-07-30 03:12:05 DEBUG HomeLoanTest:76 - Extracted Cell: 
2025-07-30 03:12:05 DEBUG HomeLoanTest:76 - Extracted Cell: 
2025-07-30 03:12:05 DEBUG HomeLoanTest:76 - Extracted Cell: 
2025-07-30 03:12:05 DEBUG HomeLoanTest:76 - Extracted Cell: 
2025-07-30 03:12:05 DEBUG HomeLoanTest:76 - Extracted Cell: 
2025-07-30 03:12:05 DEBUG HomeLoanTest:76 - Extracted Cell: 
2025-07-30 03:12:05 DEBUG HomeLoanTest:76 - Extracted Cell: 
2025-07-30 03:12:05 DEBUG HomeLoanTest:76 - Extracted Cell: 
2025-07-30 03:12:05 DEBUG HomeLoanTest:76 - Extracted Cell: 
2025-07-30 03:12:05 DEBUG HomeLoanTest:76 - Extracted Cell: 
2025-07-30 03:12:05 DEBUG HomeLoanTest:76 - Extracted Cell: 
2025-07-30 03:12:05 DEBUG HomeLoanTest:76 - Extracted Cell: 
2025-07-30 03:12:05 DEBUG HomeLoanTest:76 - Extracted Cell: 
2025-07-30 03:12:05 DEBUG HomeLoanTest:76 - Extracted Cell: 
2025-07-30 03:12:05 DEBUG HomeLoanTest:76 - Extracted Cell: 
2025-07-30 03:12:05 DEBUG HomeLoanTest:76 - Extracted Cell: 
2025-07-30 03:12:05 DEBUG HomeLoanTest:76 - Extracted Cell: 
2025-07-30 03:12:05 DEBUG HomeLoanTest:76 - Extracted Cell: 
2025-07-30 03:12:05 DEBUG HomeLoanTest:76 - Extracted Cell: 
2025-07-30 03:12:05 DEBUG HomeLoanTest:76 - Extracted Cell: 
2025-07-30 03:12:05 DEBUG HomeLoanTest:76 - Extracted Cell: 
2025-07-30 03:12:05 DEBUG HomeLoanTest:76 - Extracted Cell: 
2025-07-30 03:12:05 DEBUG HomeLoanTest:76 - Extracted Cell: 
2025-07-30 03:12:05 DEBUG HomeLoanTest:76 - Extracted Cell: 
2025-07-30 03:12:05 DEBUG HomeLoanTest:76 - Extracted Cell: 
2025-07-30 03:12:05 DEBUG HomeLoanTest:76 - Extracted Cell: 
2025-07-30 03:12:05 DEBUG HomeLoanTest:76 - Extracted Cell: 
2025-07-30 03:12:06 DEBUG HomeLoanTest:76 - Extracted Cell: 
2025-07-30 03:12:06 DEBUG HomeLoanTest:76 - Extracted Cell: 
2025-07-30 03:12:06 DEBUG HomeLoanTest:76 - Extracted Cell: 
2025-07-30 03:12:06 DEBUG HomeLoanTest:76 - Extracted Cell: 
2025-07-30 03:12:06 DEBUG HomeLoanTest:76 - Extracted Cell: 
2025-07-30 03:12:06 DEBUG HomeLoanTest:76 - Extracted Cell: 
2025-07-30 03:12:06 DEBUG HomeLoanTest:76 - Extracted Cell: 
2025-07-30 03:12:06 DEBUG HomeLoanTest:76 - Extracted Cell: 
2025-07-30 03:12:06 DEBUG HomeLoanTest:76 - Extracted Cell: 
2025-07-30 03:12:06 DEBUG HomeLoanTest:76 - Extracted Cell: 
2025-07-30 03:12:06 DEBUG HomeLoanTest:76 - Extracted Cell: 
2025-07-30 03:12:06 DEBUG HomeLoanTest:76 - Extracted Cell: 
2025-07-30 03:12:06 DEBUG HomeLoanTest:76 - Extracted Cell: 
2025-07-30 03:12:06 DEBUG HomeLoanTest:76 - Extracted Cell: 
2025-07-30 03:12:06 DEBUG HomeLoanTest:76 - Extracted Cell: 
2025-07-30 03:12:06 DEBUG HomeLoanTest:76 - Extracted Cell: 
2025-07-30 03:12:06 DEBUG HomeLoanTest:76 - Extracted Cell: 
2025-07-30 03:12:06 DEBUG HomeLoanTest:76 - Extracted Cell: 
2025-07-30 03:12:06 DEBUG HomeLoanTest:76 - Extracted Cell: 
2025-07-30 03:12:06 DEBUG HomeLoanTest:76 - Extracted Cell: 
2025-07-30 03:12:06 DEBUG HomeLoanTest:76 - Extracted Cell: 
2025-07-30 03:12:06 DEBUG HomeLoanTest:76 - Extracted Cell: 
2025-07-30 03:12:06 DEBUG HomeLoanTest:76 - Extracted Cell: 
2025-07-30 03:12:06 DEBUG HomeLoanTest:76 - Extracted Cell: 
2025-07-30 03:12:06 DEBUG HomeLoanTest:76 - Extracted Cell: 
2025-07-30 03:12:06 DEBUG HomeLoanTest:76 - Extracted Cell: 
2025-07-30 03:12:06 DEBUG HomeLoanTest:76 - Extracted Cell: 
2025-07-30 03:12:06 DEBUG HomeLoanTest:76 - Extracted Cell: 
2025-07-30 03:12:06 DEBUG HomeLoanTest:76 - Extracted Cell: 
2025-07-30 03:12:06 DEBUG HomeLoanTest:76 - Extracted Cell: 
2025-07-30 03:12:06 DEBUG HomeLoanTest:76 - Extracted Cell: 
2025-07-30 03:12:06 DEBUG HomeLoanTest:76 - Extracted Cell: 
2025-07-30 03:12:06 DEBUG HomeLoanTest:76 - Extracted Cell: 
2025-07-30 03:12:06 DEBUG HomeLoanTest:76 - Extracted Cell: 
2025-07-30 03:12:06 DEBUG HomeLoanTest:76 - Extracted Cell: 
2025-07-30 03:12:06 DEBUG HomeLoanTest:76 - Extracted Cell: 
2025-07-30 03:12:06 DEBUG HomeLoanTest:76 - Extracted Cell: 
2025-07-30 03:12:06 DEBUG HomeLoanTest:76 - Extracted Cell: 
2025-07-30 03:12:06 DEBUG HomeLoanTest:76 - Extracted Cell: 
2025-07-30 03:12:06 DEBUG HomeLoanTest:76 - Extracted Cell: 
2025-07-30 03:12:06 DEBUG HomeLoanTest:76 - Extracted Cell: 
2025-07-30 03:12:07 DEBUG HomeLoanTest:76 - Extracted Cell: 
2025-07-30 03:12:07 DEBUG HomeLoanTest:76 - Extracted Cell: 
2025-07-30 03:12:07 DEBUG HomeLoanTest:76 - Extracted Cell: 
2025-07-30 03:12:07 DEBUG HomeLoanTest:76 - Extracted Cell: 
2025-07-30 03:12:07 DEBUG HomeLoanTest:76 - Extracted Cell: 
2025-07-30 03:12:07 DEBUG HomeLoanTest:76 - Extracted Cell: 
2025-07-30 03:12:07 DEBUG HomeLoanTest:76 - Extracted Cell: 
2025-07-30 03:12:07 DEBUG HomeLoanTest:76 - Extracted Cell: 
2025-07-30 03:12:07 DEBUG HomeLoanTest:76 - Extracted Cell: 
2025-07-30 03:12:07 DEBUG HomeLoanTest:76 - Extracted Cell: 
2025-07-30 03:12:07 DEBUG HomeLoanTest:76 - Extracted Cell: 
2025-07-30 03:12:07 DEBUG HomeLoanTest:76 - Extracted Cell: 
2025-07-30 03:12:07 DEBUG HomeLoanTest:76 - Extracted Cell: 
2025-07-30 03:12:07 DEBUG HomeLoanTest:76 - Extracted Cell: 
2025-07-30 03:12:07 DEBUG HomeLoanTest:76 - Extracted Cell: 
2025-07-30 03:12:07 DEBUG HomeLoanTest:76 - Extracted Cell: 
2025-07-30 03:12:07 DEBUG HomeLoanTest:76 - Extracted Cell: 
2025-07-30 03:12:07 DEBUG HomeLoanTest:76 - Extracted Cell: 
2025-07-30 03:12:07 DEBUG HomeLoanTest:76 - Extracted Cell: 
2025-07-30 03:12:07 DEBUG HomeLoanTest:76 - Extracted Cell: 
2025-07-30 03:12:07 DEBUG HomeLoanTest:76 - Extracted Cell: 
2025-07-30 03:12:07 DEBUG HomeLoanTest:76 - Extracted Cell: 
2025-07-30 03:12:07 DEBUG HomeLoanTest:76 - Extracted Cell: 
2025-07-30 03:12:07 DEBUG HomeLoanTest:76 - Extracted Cell: 
2025-07-30 03:12:07 DEBUG HomeLoanTest:76 - Extracted Cell: 
2025-07-30 03:12:07 DEBUG HomeLoanTest:76 - Extracted Cell: 
2025-07-30 03:12:07 DEBUG HomeLoanTest:76 - Extracted Cell: 
2025-07-30 03:12:07 DEBUG HomeLoanTest:76 - Extracted Cell: 
2025-07-30 03:12:07 DEBUG HomeLoanTest:76 - Extracted Cell: 
2025-07-30 03:12:07 DEBUG HomeLoanTest:76 - Extracted Cell: 
2025-07-30 03:12:07 DEBUG HomeLoanTest:76 - Extracted Cell: 
2025-07-30 03:12:07 DEBUG HomeLoanTest:76 - Extracted Cell: 
2025-07-30 03:12:07 DEBUG HomeLoanTest:76 - Extracted Cell: 
2025-07-30 03:12:07 DEBUG HomeLoanTest:76 - Extracted Cell: 
2025-07-30 03:12:07 DEBUG HomeLoanTest:76 - Extracted Cell: 
2025-07-30 03:12:08 DEBUG HomeLoanTest:76 - Extracted Cell: 2031
2025-07-30 03:12:08 DEBUG HomeLoanTest:76 - Extracted Cell: ₹ 25,468
2025-07-30 03:12:08 DEBUG HomeLoanTest:76 - Extracted Cell: ₹ 24,591
2025-07-30 03:12:08 DEBUG HomeLoanTest:76 - Extracted Cell: ₹ 3,00,30,250
2025-07-30 03:12:08 DEBUG HomeLoanTest:76 - Extracted Cell: ₹ 3,00,80,309
2025-07-30 03:12:08 DEBUG HomeLoanTest:76 - Extracted Cell: ₹ 3,13,927
2025-07-30 03:12:08 DEBUG HomeLoanTest:76 - Extracted Cell: 30.24%
2025-07-30 03:12:08 DEBUG HomeLoanTest:76 - Extracted Cell: 
2025-07-30 03:12:08 DEBUG HomeLoanTest:76 - Extracted Cell: 
2025-07-30 03:12:08 DEBUG HomeLoanTest:76 - Extracted Cell: 
2025-07-30 03:12:08 DEBUG HomeLoanTest:76 - Extracted Cell: 
2025-07-30 03:12:08 DEBUG HomeLoanTest:76 - Extracted Cell: 
2025-07-30 03:12:08 DEBUG HomeLoanTest:76 - Extracted Cell: 
2025-07-30 03:12:08 DEBUG HomeLoanTest:76 - Extracted Cell: 
2025-07-30 03:12:08 DEBUG HomeLoanTest:76 - Extracted Cell: 
2025-07-30 03:12:08 DEBUG HomeLoanTest:76 - Extracted Cell: 
2025-07-30 03:12:08 DEBUG HomeLoanTest:76 - Extracted Cell: 
2025-07-30 03:12:08 DEBUG HomeLoanTest:76 - Extracted Cell: 
2025-07-30 03:12:08 DEBUG HomeLoanTest:76 - Extracted Cell: 
2025-07-30 03:12:08 DEBUG HomeLoanTest:76 - Extracted Cell: 
2025-07-30 03:12:08 DEBUG HomeLoanTest:76 - Extracted Cell: 
2025-07-30 03:12:08 DEBUG HomeLoanTest:76 - Extracted Cell: 
2025-07-30 03:12:08 DEBUG HomeLoanTest:76 - Extracted Cell: 
2025-07-30 03:12:08 DEBUG HomeLoanTest:76 - Extracted Cell: 
2025-07-30 03:12:08 DEBUG HomeLoanTest:76 - Extracted Cell: 
2025-07-30 03:12:08 DEBUG HomeLoanTest:76 - Extracted Cell: 
2025-07-30 03:12:08 DEBUG HomeLoanTest:76 - Extracted Cell: 
2025-07-30 03:12:08 DEBUG HomeLoanTest:76 - Extracted Cell: 
2025-07-30 03:12:08 DEBUG HomeLoanTest:76 - Extracted Cell: 
2025-07-30 03:12:08 DEBUG HomeLoanTest:76 - Extracted Cell: 
2025-07-30 03:12:08 DEBUG HomeLoanTest:76 - Extracted Cell: 
2025-07-30 03:12:08 DEBUG HomeLoanTest:76 - Extracted Cell: 
2025-07-30 03:12:08 DEBUG HomeLoanTest:76 - Extracted Cell: 
2025-07-30 03:12:08 DEBUG HomeLoanTest:76 - Extracted Cell: 
2025-07-30 03:12:08 DEBUG HomeLoanTest:76 - Extracted Cell: 
2025-07-30 03:12:08 DEBUG HomeLoanTest:76 - Extracted Cell: 
2025-07-30 03:12:08 DEBUG HomeLoanTest:76 - Extracted Cell: 
2025-07-30 03:12:08 DEBUG HomeLoanTest:76 - Extracted Cell: 
2025-07-30 03:12:08 DEBUG HomeLoanTest:76 - Extracted Cell: 
2025-07-30 03:12:08 DEBUG HomeLoanTest:76 - Extracted Cell: 
2025-07-30 03:12:08 DEBUG HomeLoanTest:76 - Extracted Cell: 
2025-07-30 03:12:08 DEBUG HomeLoanTest:76 - Extracted Cell: 
2025-07-30 03:12:08 DEBUG HomeLoanTest:76 - Extracted Cell: 
2025-07-30 03:12:08 DEBUG HomeLoanTest:76 - Extracted Cell: 
2025-07-30 03:12:08 DEBUG HomeLoanTest:76 - Extracted Cell: 
2025-07-30 03:12:08 DEBUG HomeLoanTest:76 - Extracted Cell: 
2025-07-30 03:12:08 DEBUG HomeLoanTest:76 - Extracted Cell: 
2025-07-30 03:12:08 DEBUG HomeLoanTest:76 - Extracted Cell: 
2025-07-30 03:12:08 DEBUG HomeLoanTest:76 - Extracted Cell: 
2025-07-30 03:12:08 DEBUG HomeLoanTest:76 - Extracted Cell: 
2025-07-30 03:12:08 DEBUG HomeLoanTest:76 - Extracted Cell: 
2025-07-30 03:12:08 DEBUG HomeLoanTest:76 - Extracted Cell: 
2025-07-30 03:12:08 DEBUG HomeLoanTest:76 - Extracted Cell: 
2025-07-30 03:12:08 DEBUG HomeLoanTest:76 - Extracted Cell: 
2025-07-30 03:12:08 DEBUG HomeLoanTest:76 - Extracted Cell: 
2025-07-30 03:12:08 DEBUG HomeLoanTest:76 - Extracted Cell: 
2025-07-30 03:12:08 DEBUG HomeLoanTest:76 - Extracted Cell: 
2025-07-30 03:12:08 DEBUG HomeLoanTest:76 - Extracted Cell: 
2025-07-30 03:12:09 DEBUG HomeLoanTest:76 - Extracted Cell: 
2025-07-30 03:12:09 DEBUG HomeLoanTest:76 - Extracted Cell: 
2025-07-30 03:12:09 DEBUG HomeLoanTest:76 - Extracted Cell: 
2025-07-30 03:12:09 DEBUG HomeLoanTest:76 - Extracted Cell: 
2025-07-30 03:12:09 DEBUG HomeLoanTest:76 - Extracted Cell: 
2025-07-30 03:12:09 DEBUG HomeLoanTest:76 - Extracted Cell: 
2025-07-30 03:12:09 DEBUG HomeLoanTest:76 - Extracted Cell: 
2025-07-30 03:12:09 DEBUG HomeLoanTest:76 - Extracted Cell: 
2025-07-30 03:12:09 DEBUG HomeLoanTest:76 - Extracted Cell: 
2025-07-30 03:12:09 DEBUG HomeLoanTest:76 - Extracted Cell: 
2025-07-30 03:12:09 DEBUG HomeLoanTest:76 - Extracted Cell: 
2025-07-30 03:12:09 DEBUG HomeLoanTest:76 - Extracted Cell: 
2025-07-30 03:12:09 DEBUG HomeLoanTest:76 - Extracted Cell: 
2025-07-30 03:12:09 DEBUG HomeLoanTest:76 - Extracted Cell: 
2025-07-30 03:12:09 DEBUG HomeLoanTest:76 - Extracted Cell: 
2025-07-30 03:12:09 DEBUG HomeLoanTest:76 - Extracted Cell: 
2025-07-30 03:12:09 DEBUG HomeLoanTest:76 - Extracted Cell: 
2025-07-30 03:12:09 DEBUG HomeLoanTest:76 - Extracted Cell: 
2025-07-30 03:12:09 DEBUG HomeLoanTest:76 - Extracted Cell: 
2025-07-30 03:12:09 DEBUG HomeLoanTest:76 - Extracted Cell: 
2025-07-30 03:12:09 DEBUG HomeLoanTest:76 - Extracted Cell: 
2025-07-30 03:12:09 DEBUG HomeLoanTest:76 - Extracted Cell: 
2025-07-30 03:12:09 DEBUG HomeLoanTest:76 - Extracted Cell: 
2025-07-30 03:12:09 DEBUG HomeLoanTest:76 - Extracted Cell: 
2025-07-30 03:12:09 DEBUG HomeLoanTest:76 - Extracted Cell: 
2025-07-30 03:12:09 DEBUG HomeLoanTest:76 - Extracted Cell: 
2025-07-30 03:12:09 DEBUG HomeLoanTest:76 - Extracted Cell: 
2025-07-30 03:12:09 DEBUG HomeLoanTest:76 - Extracted Cell: 
2025-07-30 03:12:09 DEBUG HomeLoanTest:76 - Extracted Cell: 
2025-07-30 03:12:09 DEBUG HomeLoanTest:76 - Extracted Cell: 
2025-07-30 03:12:09 DEBUG HomeLoanTest:76 - Extracted Cell: 
2025-07-30 03:12:09 DEBUG HomeLoanTest:76 - Extracted Cell: 
2025-07-30 03:12:09 DEBUG HomeLoanTest:76 - Extracted Cell: 
2025-07-30 03:12:09 DEBUG HomeLoanTest:76 - Extracted Cell: 
2025-07-30 03:12:09 DEBUG HomeLoanTest:76 - Extracted Cell: 
2025-07-30 03:12:09 DEBUG HomeLoanTest:76 - Extracted Cell: 
2025-07-30 03:12:09 DEBUG HomeLoanTest:76 - Extracted Cell: 
2025-07-30 03:12:09 DEBUG HomeLoanTest:76 - Extracted Cell: 
2025-07-30 03:12:09 DEBUG HomeLoanTest:76 - Extracted Cell: 
2025-07-30 03:12:09 DEBUG HomeLoanTest:76 - Extracted Cell: 
2025-07-30 03:12:09 DEBUG HomeLoanTest:76 - Extracted Cell: 
2025-07-30 03:12:09 DEBUG HomeLoanTest:76 - Extracted Cell: 
2025-07-30 03:12:09 DEBUG HomeLoanTest:76 - Extracted Cell: 
2025-07-30 03:12:09 DEBUG HomeLoanTest:76 - Extracted Cell: 
2025-07-30 03:12:09 DEBUG HomeLoanTest:76 - Extracted Cell: 
2025-07-30 03:12:09 DEBUG HomeLoanTest:76 - Extracted Cell: 
2025-07-30 03:12:09 DEBUG HomeLoanTest:76 - Extracted Cell: 
2025-07-30 03:12:09 DEBUG HomeLoanTest:76 - Extracted Cell: 
2025-07-30 03:12:09 DEBUG HomeLoanTest:76 - Extracted Cell: 
2025-07-30 03:12:09 DEBUG HomeLoanTest:76 - Extracted Cell: 
2025-07-30 03:12:10 DEBUG HomeLoanTest:76 - Extracted Cell: 
2025-07-30 03:12:10 DEBUG HomeLoanTest:76 - Extracted Cell: 
2025-07-30 03:12:10 DEBUG HomeLoanTest:76 - Extracted Cell: 
2025-07-30 03:12:10 DEBUG HomeLoanTest:76 - Extracted Cell: 
2025-07-30 03:12:10 DEBUG HomeLoanTest:76 - Extracted Cell: 
2025-07-30 03:12:10 DEBUG HomeLoanTest:76 - Extracted Cell: 
2025-07-30 03:12:10 DEBUG HomeLoanTest:76 - Extracted Cell: 
2025-07-30 03:12:10 DEBUG HomeLoanTest:76 - Extracted Cell: 
2025-07-30 03:12:10 DEBUG HomeLoanTest:76 - Extracted Cell: 
2025-07-30 03:12:10 DEBUG HomeLoanTest:76 - Extracted Cell: 
2025-07-30 03:12:10 DEBUG HomeLoanTest:76 - Extracted Cell: 
2025-07-30 03:12:10 DEBUG HomeLoanTest:76 - Extracted Cell: 
2025-07-30 03:12:10 DEBUG HomeLoanTest:76 - Extracted Cell: 
2025-07-30 03:12:10 DEBUG HomeLoanTest:76 - Extracted Cell: 
2025-07-30 03:12:10 DEBUG HomeLoanTest:76 - Extracted Cell: 
2025-07-30 03:12:10 DEBUG HomeLoanTest:76 - Extracted Cell: 
2025-07-30 03:12:10 DEBUG HomeLoanTest:76 - Extracted Cell: 
2025-07-30 03:12:10 DEBUG HomeLoanTest:76 - Extracted Cell: 
2025-07-30 03:12:10 DEBUG HomeLoanTest:76 - Extracted Cell: 
2025-07-30 03:12:10 DEBUG HomeLoanTest:76 - Extracted Cell: 
2025-07-30 03:12:10 DEBUG HomeLoanTest:76 - Extracted Cell: 
2025-07-30 03:12:10 DEBUG HomeLoanTest:76 - Extracted Cell: 
2025-07-30 03:12:10 DEBUG HomeLoanTest:76 - Extracted Cell: 
2025-07-30 03:12:10 DEBUG HomeLoanTest:76 - Extracted Cell: 
2025-07-30 03:12:10 DEBUG HomeLoanTest:76 - Extracted Cell: 
2025-07-30 03:12:10 DEBUG HomeLoanTest:76 - Extracted Cell: 
2025-07-30 03:12:10 DEBUG HomeLoanTest:76 - Extracted Cell: 
2025-07-30 03:12:10 DEBUG HomeLoanTest:76 - Extracted Cell: 
2025-07-30 03:12:10 DEBUG HomeLoanTest:76 - Extracted Cell: 
2025-07-30 03:12:10 DEBUG HomeLoanTest:76 - Extracted Cell: 
2025-07-30 03:12:10 DEBUG HomeLoanTest:76 - Extracted Cell: 
2025-07-30 03:12:10 DEBUG HomeLoanTest:76 - Extracted Cell: 
2025-07-30 03:12:10 DEBUG HomeLoanTest:76 - Extracted Cell: 
2025-07-30 03:12:10 DEBUG HomeLoanTest:76 - Extracted Cell: 
2025-07-30 03:12:10 DEBUG HomeLoanTest:76 - Extracted Cell: 
2025-07-30 03:12:10 DEBUG HomeLoanTest:76 - Extracted Cell: 
2025-07-30 03:12:10 DEBUG HomeLoanTest:76 - Extracted Cell: 
2025-07-30 03:12:10 DEBUG HomeLoanTest:76 - Extracted Cell: 
2025-07-30 03:12:10 DEBUG HomeLoanTest:76 - Extracted Cell: 
2025-07-30 03:12:10 DEBUG HomeLoanTest:76 - Extracted Cell: 
2025-07-30 03:12:10 DEBUG HomeLoanTest:76 - Extracted Cell: 
2025-07-30 03:12:10 DEBUG HomeLoanTest:76 - Extracted Cell: 
2025-07-30 03:12:10 DEBUG HomeLoanTest:76 - Extracted Cell: 
2025-07-30 03:12:10 DEBUG HomeLoanTest:76 - Extracted Cell: 
2025-07-30 03:12:10 DEBUG HomeLoanTest:76 - Extracted Cell: 
2025-07-30 03:12:11 DEBUG HomeLoanTest:76 - Extracted Cell: 
2025-07-30 03:12:11 DEBUG HomeLoanTest:76 - Extracted Cell: 
2025-07-30 03:12:11 DEBUG HomeLoanTest:76 - Extracted Cell: 
2025-07-30 03:12:11 DEBUG HomeLoanTest:76 - Extracted Cell: 
2025-07-30 03:12:11 DEBUG HomeLoanTest:76 - Extracted Cell: 
2025-07-30 03:12:11 DEBUG HomeLoanTest:76 - Extracted Cell: 
2025-07-30 03:12:11 DEBUG HomeLoanTest:76 - Extracted Cell: 
2025-07-30 03:12:11 DEBUG HomeLoanTest:76 - Extracted Cell: 
2025-07-30 03:12:11 DEBUG HomeLoanTest:76 - Extracted Cell: 
2025-07-30 03:12:11 DEBUG HomeLoanTest:76 - Extracted Cell: 
2025-07-30 03:12:11 DEBUG HomeLoanTest:76 - Extracted Cell: 
2025-07-30 03:12:11 DEBUG HomeLoanTest:76 - Extracted Cell: 
2025-07-30 03:12:11 DEBUG HomeLoanTest:76 - Extracted Cell: 
2025-07-30 03:12:11 DEBUG HomeLoanTest:76 - Extracted Cell: 
2025-07-30 03:12:11 DEBUG HomeLoanTest:76 - Extracted Cell: 
2025-07-30 03:12:11 DEBUG HomeLoanTest:76 - Extracted Cell: 
2025-07-30 03:12:11 DEBUG HomeLoanTest:76 - Extracted Cell: 
2025-07-30 03:12:11 DEBUG HomeLoanTest:76 - Extracted Cell: 
2025-07-30 03:12:11 DEBUG HomeLoanTest:76 - Extracted Cell: 
2025-07-30 03:12:11 DEBUG HomeLoanTest:76 - Extracted Cell: 
2025-07-30 03:12:11 DEBUG HomeLoanTest:76 - Extracted Cell: 
2025-07-30 03:12:11 DEBUG HomeLoanTest:76 - Extracted Cell: 
2025-07-30 03:12:11 DEBUG HomeLoanTest:76 - Extracted Cell: 
2025-07-30 03:12:11 DEBUG HomeLoanTest:76 - Extracted Cell: 2032
2025-07-30 03:12:11 DEBUG HomeLoanTest:76 - Extracted Cell: ₹ 27,445
2025-07-30 03:12:11 DEBUG HomeLoanTest:76 - Extracted Cell: ₹ 22,614
2025-07-30 03:12:11 DEBUG HomeLoanTest:76 - Extracted Cell: ₹ 3,00,30,250
2025-07-30 03:12:11 DEBUG HomeLoanTest:76 - Extracted Cell: ₹ 3,00,80,309
2025-07-30 03:12:11 DEBUG HomeLoanTest:76 - Extracted Cell: ₹ 2,86,482
2025-07-30 03:12:11 DEBUG HomeLoanTest:76 - Extracted Cell: 36.34%
2025-07-30 03:12:11 DEBUG HomeLoanTest:76 - Extracted Cell: 
2025-07-30 03:12:11 DEBUG HomeLoanTest:76 - Extracted Cell: 
2025-07-30 03:12:11 DEBUG HomeLoanTest:76 - Extracted Cell: 
2025-07-30 03:12:11 DEBUG HomeLoanTest:76 - Extracted Cell: 
2025-07-30 03:12:11 DEBUG HomeLoanTest:76 - Extracted Cell: 
2025-07-30 03:12:11 DEBUG HomeLoanTest:76 - Extracted Cell: 
2025-07-30 03:12:11 DEBUG HomeLoanTest:76 - Extracted Cell: 
2025-07-30 03:12:11 DEBUG HomeLoanTest:76 - Extracted Cell: 
2025-07-30 03:12:11 DEBUG HomeLoanTest:76 - Extracted Cell: 
2025-07-30 03:12:11 DEBUG HomeLoanTest:76 - Extracted Cell: 
2025-07-30 03:12:11 DEBUG HomeLoanTest:76 - Extracted Cell: 
2025-07-30 03:12:11 DEBUG HomeLoanTest:76 - Extracted Cell: 
2025-07-30 03:12:11 DEBUG HomeLoanTest:76 - Extracted Cell: 
2025-07-30 03:12:11 DEBUG HomeLoanTest:76 - Extracted Cell: 
2025-07-30 03:12:11 DEBUG HomeLoanTest:76 - Extracted Cell: 
2025-07-30 03:12:11 DEBUG HomeLoanTest:76 - Extracted Cell: 
2025-07-30 03:12:11 DEBUG HomeLoanTest:76 - Extracted Cell: 
2025-07-30 03:12:11 DEBUG HomeLoanTest:76 - Extracted Cell: 
2025-07-30 03:12:11 DEBUG HomeLoanTest:76 - Extracted Cell: 
2025-07-30 03:12:12 DEBUG HomeLoanTest:76 - Extracted Cell: 
2025-07-30 03:12:12 DEBUG HomeLoanTest:76 - Extracted Cell: 
2025-07-30 03:12:12 DEBUG HomeLoanTest:76 - Extracted Cell: 
2025-07-30 03:12:12 DEBUG HomeLoanTest:76 - Extracted Cell: 
2025-07-30 03:12:12 DEBUG HomeLoanTest:76 - Extracted Cell: 
2025-07-30 03:12:12 DEBUG HomeLoanTest:76 - Extracted Cell: 
2025-07-30 03:12:12 DEBUG HomeLoanTest:76 - Extracted Cell: 
2025-07-30 03:12:12 DEBUG HomeLoanTest:76 - Extracted Cell: 
2025-07-30 03:12:12 DEBUG HomeLoanTest:76 - Extracted Cell: 
2025-07-30 03:12:12 DEBUG HomeLoanTest:76 - Extracted Cell: 
2025-07-30 03:12:12 DEBUG HomeLoanTest:76 - Extracted Cell: 
2025-07-30 03:12:12 DEBUG HomeLoanTest:76 - Extracted Cell: 
2025-07-30 03:12:12 DEBUG HomeLoanTest:76 - Extracted Cell: 
2025-07-30 03:12:12 DEBUG HomeLoanTest:76 - Extracted Cell: 
2025-07-30 03:12:12 DEBUG HomeLoanTest:76 - Extracted Cell: 
2025-07-30 03:12:12 DEBUG HomeLoanTest:76 - Extracted Cell: 
2025-07-30 03:12:12 DEBUG HomeLoanTest:76 - Extracted Cell: 
2025-07-30 03:12:12 DEBUG HomeLoanTest:76 - Extracted Cell: 
2025-07-30 03:12:12 DEBUG HomeLoanTest:76 - Extracted Cell: 
2025-07-30 03:12:12 DEBUG HomeLoanTest:76 - Extracted Cell: 
2025-07-30 03:12:12 DEBUG HomeLoanTest:76 - Extracted Cell: 
2025-07-30 03:12:12 DEBUG HomeLoanTest:76 - Extracted Cell: 
2025-07-30 03:12:12 DEBUG HomeLoanTest:76 - Extracted Cell: 
2025-07-30 03:12:12 DEBUG HomeLoanTest:76 - Extracted Cell: 
2025-07-30 03:12:12 DEBUG HomeLoanTest:76 - Extracted Cell: 
2025-07-30 03:12:12 DEBUG HomeLoanTest:76 - Extracted Cell: 
2025-07-30 03:12:12 DEBUG HomeLoanTest:76 - Extracted Cell: 
2025-07-30 03:12:12 DEBUG HomeLoanTest:76 - Extracted Cell: 
2025-07-30 03:12:12 DEBUG HomeLoanTest:76 - Extracted Cell: 
2025-07-30 03:12:12 DEBUG HomeLoanTest:76 - Extracted Cell: 
2025-07-30 03:12:12 DEBUG HomeLoanTest:76 - Extracted Cell: 
2025-07-30 03:12:12 DEBUG HomeLoanTest:76 - Extracted Cell: 
2025-07-30 03:12:12 DEBUG HomeLoanTest:76 - Extracted Cell: 
2025-07-30 03:12:12 DEBUG HomeLoanTest:76 - Extracted Cell: 
2025-07-30 03:12:12 DEBUG HomeLoanTest:76 - Extracted Cell: 
2025-07-30 03:12:12 DEBUG HomeLoanTest:76 - Extracted Cell: 
2025-07-30 03:12:12 DEBUG HomeLoanTest:76 - Extracted Cell: 
2025-07-30 03:12:12 DEBUG HomeLoanTest:76 - Extracted Cell: 
2025-07-30 03:12:12 DEBUG HomeLoanTest:76 - Extracted Cell: 
2025-07-30 03:12:12 DEBUG HomeLoanTest:76 - Extracted Cell: 
2025-07-30 03:12:12 DEBUG HomeLoanTest:76 - Extracted Cell: 
2025-07-30 03:12:12 DEBUG HomeLoanTest:76 - Extracted Cell: 
2025-07-30 03:12:12 DEBUG HomeLoanTest:76 - Extracted Cell: 
2025-07-30 03:12:12 DEBUG HomeLoanTest:76 - Extracted Cell: 
2025-07-30 03:12:12 DEBUG HomeLoanTest:76 - Extracted Cell: 
2025-07-30 03:12:12 DEBUG HomeLoanTest:76 - Extracted Cell: 
2025-07-30 03:12:12 DEBUG HomeLoanTest:76 - Extracted Cell: 
2025-07-30 03:12:12 DEBUG HomeLoanTest:76 - Extracted Cell: 
2025-07-30 03:12:12 DEBUG HomeLoanTest:76 - Extracted Cell: 
2025-07-30 03:12:12 DEBUG HomeLoanTest:76 - Extracted Cell: 
2025-07-30 03:12:12 DEBUG HomeLoanTest:76 - Extracted Cell: 
2025-07-30 03:12:12 DEBUG HomeLoanTest:76 - Extracted Cell: 
2025-07-30 03:12:12 DEBUG HomeLoanTest:76 - Extracted Cell: 
2025-07-30 03:12:12 DEBUG HomeLoanTest:76 - Extracted Cell: 
2025-07-30 03:12:12 DEBUG HomeLoanTest:76 - Extracted Cell: 
2025-07-30 03:12:12 DEBUG HomeLoanTest:76 - Extracted Cell: 
2025-07-30 03:12:12 DEBUG HomeLoanTest:76 - Extracted Cell: 
2025-07-30 03:12:12 DEBUG HomeLoanTest:76 - Extracted Cell: 
2025-07-30 03:12:12 DEBUG HomeLoanTest:76 - Extracted Cell: 
2025-07-30 03:12:12 DEBUG HomeLoanTest:76 - Extracted Cell: 
2025-07-30 03:12:12 DEBUG HomeLoanTest:76 - Extracted Cell: 
2025-07-30 03:12:12 DEBUG HomeLoanTest:76 - Extracted Cell: 
2025-07-30 03:12:12 DEBUG HomeLoanTest:76 - Extracted Cell: 
2025-07-30 03:12:12 DEBUG HomeLoanTest:76 - Extracted Cell: 
2025-07-30 03:12:12 DEBUG HomeLoanTest:76 - Extracted Cell: 
2025-07-30 03:12:12 DEBUG HomeLoanTest:76 - Extracted Cell: 
2025-07-30 03:12:12 DEBUG HomeLoanTest:76 - Extracted Cell: 
2025-07-30 03:12:12 DEBUG HomeLoanTest:76 - Extracted Cell: 
2025-07-30 03:12:12 DEBUG HomeLoanTest:76 - Extracted Cell: 
2025-07-30 03:12:13 DEBUG HomeLoanTest:76 - Extracted Cell: 
2025-07-30 03:12:13 DEBUG HomeLoanTest:76 - Extracted Cell: 
2025-07-30 03:12:13 DEBUG HomeLoanTest:76 - Extracted Cell: 
2025-07-30 03:12:13 DEBUG HomeLoanTest:76 - Extracted Cell: 
2025-07-30 03:12:13 DEBUG HomeLoanTest:76 - Extracted Cell: 
2025-07-30 03:12:13 DEBUG HomeLoanTest:76 - Extracted Cell: 
2025-07-30 03:12:13 DEBUG HomeLoanTest:76 - Extracted Cell: 
2025-07-30 03:12:13 DEBUG HomeLoanTest:76 - Extracted Cell: 
2025-07-30 03:12:13 DEBUG HomeLoanTest:76 - Extracted Cell: 
2025-07-30 03:12:13 DEBUG HomeLoanTest:76 - Extracted Cell: 
2025-07-30 03:12:13 DEBUG HomeLoanTest:76 - Extracted Cell: 
2025-07-30 03:12:13 DEBUG HomeLoanTest:76 - Extracted Cell: 
2025-07-30 03:12:13 DEBUG HomeLoanTest:76 - Extracted Cell: 
2025-07-30 03:12:13 DEBUG HomeLoanTest:76 - Extracted Cell: 
2025-07-30 03:12:13 DEBUG HomeLoanTest:76 - Extracted Cell: 
2025-07-30 03:12:13 DEBUG HomeLoanTest:76 - Extracted Cell: 
2025-07-30 03:12:13 DEBUG HomeLoanTest:76 - Extracted Cell: 
2025-07-30 03:12:13 DEBUG HomeLoanTest:76 - Extracted Cell: 
2025-07-30 03:12:13 DEBUG HomeLoanTest:76 - Extracted Cell: 
2025-07-30 03:12:13 DEBUG HomeLoanTest:76 - Extracted Cell: 
2025-07-30 03:12:13 DEBUG HomeLoanTest:76 - Extracted Cell: 
2025-07-30 03:12:13 DEBUG HomeLoanTest:76 - Extracted Cell: 
2025-07-30 03:12:13 DEBUG HomeLoanTest:76 - Extracted Cell: 
2025-07-30 03:12:13 DEBUG HomeLoanTest:76 - Extracted Cell: 
2025-07-30 03:12:13 DEBUG HomeLoanTest:76 - Extracted Cell: 
2025-07-30 03:12:13 DEBUG HomeLoanTest:76 - Extracted Cell: 
2025-07-30 03:12:13 DEBUG HomeLoanTest:76 - Extracted Cell: 
2025-07-30 03:12:13 DEBUG HomeLoanTest:76 - Extracted Cell: 
2025-07-30 03:12:13 DEBUG HomeLoanTest:76 - Extracted Cell: 
2025-07-30 03:12:13 DEBUG HomeLoanTest:76 - Extracted Cell: 
2025-07-30 03:12:13 DEBUG HomeLoanTest:76 - Extracted Cell: 
2025-07-30 03:12:13 DEBUG HomeLoanTest:76 - Extracted Cell: 
2025-07-30 03:12:13 DEBUG HomeLoanTest:76 - Extracted Cell: 
2025-07-30 03:12:13 DEBUG HomeLoanTest:76 - Extracted Cell: 
2025-07-30 03:12:13 DEBUG HomeLoanTest:76 - Extracted Cell: 
2025-07-30 03:12:13 DEBUG HomeLoanTest:76 - Extracted Cell: 
2025-07-30 03:12:13 DEBUG HomeLoanTest:76 - Extracted Cell: 
2025-07-30 03:12:13 DEBUG HomeLoanTest:76 - Extracted Cell: 
2025-07-30 03:12:13 DEBUG HomeLoanTest:76 - Extracted Cell: 
2025-07-30 03:12:13 DEBUG HomeLoanTest:76 - Extracted Cell: 
2025-07-30 03:12:13 DEBUG HomeLoanTest:76 - Extracted Cell: 
2025-07-30 03:12:13 DEBUG HomeLoanTest:76 - Extracted Cell: 
2025-07-30 03:12:13 DEBUG HomeLoanTest:76 - Extracted Cell: 
2025-07-30 03:12:13 DEBUG HomeLoanTest:76 - Extracted Cell: 
2025-07-30 03:12:13 DEBUG HomeLoanTest:76 - Extracted Cell: 
2025-07-30 03:12:14 DEBUG HomeLoanTest:76 - Extracted Cell: 
2025-07-30 03:12:14 DEBUG HomeLoanTest:76 - Extracted Cell: 
2025-07-30 03:12:14 DEBUG HomeLoanTest:76 - Extracted Cell: 
2025-07-30 03:12:14 DEBUG HomeLoanTest:76 - Extracted Cell: 
2025-07-30 03:12:14 DEBUG HomeLoanTest:76 - Extracted Cell: 
2025-07-30 03:12:14 DEBUG HomeLoanTest:76 - Extracted Cell: 
2025-07-30 03:12:14 DEBUG HomeLoanTest:76 - Extracted Cell: 
2025-07-30 03:12:14 DEBUG HomeLoanTest:76 - Extracted Cell: 
2025-07-30 03:12:14 DEBUG HomeLoanTest:76 - Extracted Cell: 
2025-07-30 03:12:14 DEBUG HomeLoanTest:76 - Extracted Cell: 
2025-07-30 03:12:14 DEBUG HomeLoanTest:76 - Extracted Cell: 
2025-07-30 03:12:14 DEBUG HomeLoanTest:76 - Extracted Cell: 
2025-07-30 03:12:14 DEBUG HomeLoanTest:76 - Extracted Cell: 
2025-07-30 03:12:14 DEBUG HomeLoanTest:76 - Extracted Cell: 
2025-07-30 03:12:14 DEBUG HomeLoanTest:76 - Extracted Cell: 
2025-07-30 03:12:14 DEBUG HomeLoanTest:76 - Extracted Cell: 
2025-07-30 03:12:14 DEBUG HomeLoanTest:76 - Extracted Cell: 
2025-07-30 03:12:14 DEBUG HomeLoanTest:76 - Extracted Cell: 
2025-07-30 03:12:14 DEBUG HomeLoanTest:76 - Extracted Cell: 
2025-07-30 03:12:14 DEBUG HomeLoanTest:76 - Extracted Cell: 
2025-07-30 03:12:14 DEBUG HomeLoanTest:76 - Extracted Cell: 
2025-07-30 03:12:14 DEBUG HomeLoanTest:76 - Extracted Cell: 
2025-07-30 03:12:14 DEBUG HomeLoanTest:76 - Extracted Cell: 
2025-07-30 03:12:14 DEBUG HomeLoanTest:76 - Extracted Cell: 
2025-07-30 03:12:14 DEBUG HomeLoanTest:76 - Extracted Cell: 
2025-07-30 03:12:14 DEBUG HomeLoanTest:76 - Extracted Cell: 
2025-07-30 03:12:14 DEBUG HomeLoanTest:76 - Extracted Cell: 
2025-07-30 03:12:14 DEBUG HomeLoanTest:76 - Extracted Cell: 
2025-07-30 03:12:14 DEBUG HomeLoanTest:76 - Extracted Cell: 
2025-07-30 03:12:14 DEBUG HomeLoanTest:76 - Extracted Cell: 
2025-07-30 03:12:14 DEBUG HomeLoanTest:76 - Extracted Cell: 
2025-07-30 03:12:14 DEBUG HomeLoanTest:76 - Extracted Cell: 
2025-07-30 03:12:14 DEBUG HomeLoanTest:76 - Extracted Cell: 
2025-07-30 03:12:14 DEBUG HomeLoanTest:76 - Extracted Cell: 
2025-07-30 03:12:14 DEBUG HomeLoanTest:76 - Extracted Cell: 
2025-07-30 03:12:14 DEBUG HomeLoanTest:76 - Extracted Cell: 
2025-07-30 03:12:14 DEBUG HomeLoanTest:76 - Extracted Cell: 2033
2025-07-30 03:12:14 DEBUG HomeLoanTest:76 - Extracted Cell: ₹ 29,575
2025-07-30 03:12:14 DEBUG HomeLoanTest:76 - Extracted Cell: ₹ 20,483
2025-07-30 03:12:14 DEBUG HomeLoanTest:76 - Extracted Cell: ₹ 3,00,30,250
2025-07-30 03:12:14 DEBUG HomeLoanTest:76 - Extracted Cell: ₹ 3,00,80,309
2025-07-30 03:12:14 DEBUG HomeLoanTest:76 - Extracted Cell: ₹ 2,56,906
2025-07-30 03:12:14 DEBUG HomeLoanTest:76 - Extracted Cell: 42.91%
2025-07-30 03:12:15 DEBUG HomeLoanTest:76 - Extracted Cell: 
2025-07-30 03:12:15 DEBUG HomeLoanTest:76 - Extracted Cell: 
2025-07-30 03:12:15 DEBUG HomeLoanTest:76 - Extracted Cell: 
2025-07-30 03:12:15 DEBUG HomeLoanTest:76 - Extracted Cell: 
2025-07-30 03:12:15 DEBUG HomeLoanTest:76 - Extracted Cell: 
2025-07-30 03:12:15 DEBUG HomeLoanTest:76 - Extracted Cell: 
2025-07-30 03:12:15 DEBUG HomeLoanTest:76 - Extracted Cell: 
2025-07-30 03:12:15 DEBUG HomeLoanTest:76 - Extracted Cell: 
2025-07-30 03:12:15 DEBUG HomeLoanTest:76 - Extracted Cell: 
2025-07-30 03:12:15 DEBUG HomeLoanTest:76 - Extracted Cell: 
2025-07-30 03:12:15 DEBUG HomeLoanTest:76 - Extracted Cell: 
2025-07-30 03:12:15 DEBUG HomeLoanTest:76 - Extracted Cell: 
2025-07-30 03:12:15 DEBUG HomeLoanTest:76 - Extracted Cell: 
2025-07-30 03:12:15 DEBUG HomeLoanTest:76 - Extracted Cell: 
2025-07-30 03:12:15 DEBUG HomeLoanTest:76 - Extracted Cell: 
2025-07-30 03:12:15 DEBUG HomeLoanTest:76 - Extracted Cell: 
2025-07-30 03:12:15 DEBUG HomeLoanTest:76 - Extracted Cell: 
2025-07-30 03:12:15 DEBUG HomeLoanTest:76 - Extracted Cell: 
2025-07-30 03:12:15 DEBUG HomeLoanTest:76 - Extracted Cell: 
2025-07-30 03:12:15 DEBUG HomeLoanTest:76 - Extracted Cell: 
2025-07-30 03:12:15 DEBUG HomeLoanTest:76 - Extracted Cell: 
2025-07-30 03:12:15 DEBUG HomeLoanTest:76 - Extracted Cell: 
2025-07-30 03:12:15 DEBUG HomeLoanTest:76 - Extracted Cell: 
2025-07-30 03:12:15 DEBUG HomeLoanTest:76 - Extracted Cell: 
2025-07-30 03:12:15 DEBUG HomeLoanTest:76 - Extracted Cell: 
2025-07-30 03:12:15 DEBUG HomeLoanTest:76 - Extracted Cell: 
2025-07-30 03:12:15 DEBUG HomeLoanTest:76 - Extracted Cell: 
2025-07-30 03:12:15 DEBUG HomeLoanTest:76 - Extracted Cell: 
2025-07-30 03:12:15 DEBUG HomeLoanTest:76 - Extracted Cell: 
2025-07-30 03:12:15 DEBUG HomeLoanTest:76 - Extracted Cell: 
2025-07-30 03:12:15 DEBUG HomeLoanTest:76 - Extracted Cell: 
2025-07-30 03:12:15 DEBUG HomeLoanTest:76 - Extracted Cell: 
2025-07-30 03:12:15 DEBUG HomeLoanTest:76 - Extracted Cell: 
2025-07-30 03:12:15 DEBUG HomeLoanTest:76 - Extracted Cell: 
2025-07-30 03:12:15 DEBUG HomeLoanTest:76 - Extracted Cell: 
2025-07-30 03:12:15 DEBUG HomeLoanTest:76 - Extracted Cell: 
2025-07-30 03:12:15 DEBUG HomeLoanTest:76 - Extracted Cell: 
2025-07-30 03:12:15 DEBUG HomeLoanTest:76 - Extracted Cell: 
2025-07-30 03:12:15 DEBUG HomeLoanTest:76 - Extracted Cell: 
2025-07-30 03:12:15 DEBUG HomeLoanTest:76 - Extracted Cell: 
2025-07-30 03:12:15 DEBUG HomeLoanTest:76 - Extracted Cell: 
2025-07-30 03:12:15 DEBUG HomeLoanTest:76 - Extracted Cell: 
2025-07-30 03:12:15 DEBUG HomeLoanTest:76 - Extracted Cell: 
2025-07-30 03:12:15 DEBUG HomeLoanTest:76 - Extracted Cell: 
2025-07-30 03:12:15 DEBUG HomeLoanTest:76 - Extracted Cell: 
2025-07-30 03:12:15 DEBUG HomeLoanTest:76 - Extracted Cell: 
2025-07-30 03:12:15 DEBUG HomeLoanTest:76 - Extracted Cell: 
2025-07-30 03:12:15 DEBUG HomeLoanTest:76 - Extracted Cell: 
2025-07-30 03:12:15 DEBUG HomeLoanTest:76 - Extracted Cell: 
2025-07-30 03:12:15 DEBUG HomeLoanTest:76 - Extracted Cell: 
2025-07-30 03:12:15 DEBUG HomeLoanTest:76 - Extracted Cell: 
2025-07-30 03:12:15 DEBUG HomeLoanTest:76 - Extracted Cell: 
2025-07-30 03:12:15 DEBUG HomeLoanTest:76 - Extracted Cell: 
2025-07-30 03:12:15 DEBUG HomeLoanTest:76 - Extracted Cell: 
2025-07-30 03:12:15 DEBUG HomeLoanTest:76 - Extracted Cell: 
2025-07-30 03:12:15 DEBUG HomeLoanTest:76 - Extracted Cell: 
2025-07-30 03:12:15 DEBUG HomeLoanTest:76 - Extracted Cell: 
2025-07-30 03:12:15 DEBUG HomeLoanTest:76 - Extracted Cell: 
2025-07-30 03:12:15 DEBUG HomeLoanTest:76 - Extracted Cell: 
2025-07-30 03:12:15 DEBUG HomeLoanTest:76 - Extracted Cell: 
2025-07-30 03:12:15 DEBUG HomeLoanTest:76 - Extracted Cell: 
2025-07-30 03:12:15 DEBUG HomeLoanTest:76 - Extracted Cell: 
2025-07-30 03:12:15 DEBUG HomeLoanTest:76 - Extracted Cell: 
2025-07-30 03:12:15 DEBUG HomeLoanTest:76 - Extracted Cell: 
2025-07-30 03:12:15 DEBUG HomeLoanTest:76 - Extracted Cell: 
2025-07-30 03:12:15 DEBUG HomeLoanTest:76 - Extracted Cell: 
2025-07-30 03:12:15 DEBUG HomeLoanTest:76 - Extracted Cell: 
2025-07-30 03:12:15 DEBUG HomeLoanTest:76 - Extracted Cell: 
2025-07-30 03:12:15 DEBUG HomeLoanTest:76 - Extracted Cell: 
2025-07-30 03:12:15 DEBUG HomeLoanTest:76 - Extracted Cell: 
2025-07-30 03:12:15 DEBUG HomeLoanTest:76 - Extracted Cell: 
2025-07-30 03:12:15 DEBUG HomeLoanTest:76 - Extracted Cell: 
2025-07-30 03:12:15 DEBUG HomeLoanTest:76 - Extracted Cell: 
2025-07-30 03:12:15 DEBUG HomeLoanTest:76 - Extracted Cell: 
2025-07-30 03:12:15 DEBUG HomeLoanTest:76 - Extracted Cell: 
2025-07-30 03:12:15 DEBUG HomeLoanTest:76 - Extracted Cell: 
2025-07-30 03:12:16 DEBUG HomeLoanTest:76 - Extracted Cell: 
2025-07-30 03:12:16 DEBUG HomeLoanTest:76 - Extracted Cell: 
2025-07-30 03:12:16 DEBUG HomeLoanTest:76 - Extracted Cell: 
2025-07-30 03:12:16 DEBUG HomeLoanTest:76 - Extracted Cell: 
2025-07-30 03:12:16 DEBUG HomeLoanTest:76 - Extracted Cell: 
2025-07-30 03:12:16 DEBUG HomeLoanTest:76 - Extracted Cell: 
2025-07-30 03:12:16 DEBUG HomeLoanTest:76 - Extracted Cell: 
2025-07-30 03:12:16 DEBUG HomeLoanTest:76 - Extracted Cell: 
2025-07-30 03:12:16 DEBUG HomeLoanTest:76 - Extracted Cell: 
2025-07-30 03:12:16 DEBUG HomeLoanTest:76 - Extracted Cell: 
2025-07-30 03:12:16 DEBUG HomeLoanTest:76 - Extracted Cell: 
2025-07-30 03:12:16 DEBUG HomeLoanTest:76 - Extracted Cell: 
2025-07-30 03:12:16 DEBUG HomeLoanTest:76 - Extracted Cell: 
2025-07-30 03:12:16 DEBUG HomeLoanTest:76 - Extracted Cell: 
2025-07-30 03:12:16 DEBUG HomeLoanTest:76 - Extracted Cell: 
2025-07-30 03:12:16 DEBUG HomeLoanTest:76 - Extracted Cell: 
2025-07-30 03:12:16 DEBUG HomeLoanTest:76 - Extracted Cell: 
2025-07-30 03:12:16 DEBUG HomeLoanTest:76 - Extracted Cell: 
2025-07-30 03:12:16 DEBUG HomeLoanTest:76 - Extracted Cell: 
2025-07-30 03:12:16 DEBUG HomeLoanTest:76 - Extracted Cell: 
2025-07-30 03:12:16 DEBUG HomeLoanTest:76 - Extracted Cell: 
2025-07-30 03:12:16 DEBUG HomeLoanTest:76 - Extracted Cell: 
2025-07-30 03:12:16 DEBUG HomeLoanTest:76 - Extracted Cell: 
2025-07-30 03:12:16 DEBUG HomeLoanTest:76 - Extracted Cell: 
2025-07-30 03:12:16 DEBUG HomeLoanTest:76 - Extracted Cell: 
2025-07-30 03:12:16 DEBUG HomeLoanTest:76 - Extracted Cell: 
2025-07-30 03:12:16 DEBUG HomeLoanTest:76 - Extracted Cell: 
2025-07-30 03:12:16 DEBUG HomeLoanTest:76 - Extracted Cell: 
2025-07-30 03:12:16 DEBUG HomeLoanTest:76 - Extracted Cell: 
2025-07-30 03:12:16 DEBUG HomeLoanTest:76 - Extracted Cell: 
2025-07-30 03:12:16 DEBUG HomeLoanTest:76 - Extracted Cell: 
2025-07-30 03:12:16 DEBUG HomeLoanTest:76 - Extracted Cell: 
2025-07-30 03:12:16 DEBUG HomeLoanTest:76 - Extracted Cell: 
2025-07-30 03:12:16 DEBUG HomeLoanTest:76 - Extracted Cell: 
2025-07-30 03:12:16 DEBUG HomeLoanTest:76 - Extracted Cell: 
2025-07-30 03:12:16 DEBUG HomeLoanTest:76 - Extracted Cell: 
2025-07-30 03:12:16 DEBUG HomeLoanTest:76 - Extracted Cell: 
2025-07-30 03:12:16 DEBUG HomeLoanTest:76 - Extracted Cell: 
2025-07-30 03:12:16 DEBUG HomeLoanTest:76 - Extracted Cell: 
2025-07-30 03:12:16 DEBUG HomeLoanTest:76 - Extracted Cell: 
2025-07-30 03:12:16 DEBUG HomeLoanTest:76 - Extracted Cell: 
2025-07-30 03:12:16 DEBUG HomeLoanTest:76 - Extracted Cell: 
2025-07-30 03:12:16 DEBUG HomeLoanTest:76 - Extracted Cell: 
2025-07-30 03:12:17 DEBUG HomeLoanTest:76 - Extracted Cell: 
2025-07-30 03:12:17 DEBUG HomeLoanTest:76 - Extracted Cell: 
2025-07-30 03:12:17 DEBUG HomeLoanTest:76 - Extracted Cell: 
2025-07-30 03:12:17 DEBUG HomeLoanTest:76 - Extracted Cell: 
2025-07-30 03:12:17 DEBUG HomeLoanTest:76 - Extracted Cell: 
2025-07-30 03:12:17 DEBUG HomeLoanTest:76 - Extracted Cell: 
2025-07-30 03:12:17 DEBUG HomeLoanTest:76 - Extracted Cell: 
2025-07-30 03:12:17 DEBUG HomeLoanTest:76 - Extracted Cell: 
2025-07-30 03:12:17 DEBUG HomeLoanTest:76 - Extracted Cell: 
2025-07-30 03:12:17 DEBUG HomeLoanTest:76 - Extracted Cell: 
2025-07-30 03:12:17 DEBUG HomeLoanTest:76 - Extracted Cell: 
2025-07-30 03:12:17 DEBUG HomeLoanTest:76 - Extracted Cell: 
2025-07-30 03:12:17 DEBUG HomeLoanTest:76 - Extracted Cell: 
2025-07-30 03:12:17 DEBUG HomeLoanTest:76 - Extracted Cell: 
2025-07-30 03:12:17 DEBUG HomeLoanTest:76 - Extracted Cell: 
2025-07-30 03:12:17 DEBUG HomeLoanTest:76 - Extracted Cell: 
2025-07-30 03:12:17 DEBUG HomeLoanTest:76 - Extracted Cell: 
2025-07-30 03:12:17 DEBUG HomeLoanTest:76 - Extracted Cell: 
2025-07-30 03:12:17 DEBUG HomeLoanTest:76 - Extracted Cell: 
2025-07-30 03:12:17 DEBUG HomeLoanTest:76 - Extracted Cell: 
2025-07-30 03:12:17 DEBUG HomeLoanTest:76 - Extracted Cell: 
2025-07-30 03:12:17 DEBUG HomeLoanTest:76 - Extracted Cell: 
2025-07-30 03:12:17 DEBUG HomeLoanTest:76 - Extracted Cell: 
2025-07-30 03:12:17 DEBUG HomeLoanTest:76 - Extracted Cell: 
2025-07-30 03:12:17 DEBUG HomeLoanTest:76 - Extracted Cell: 
2025-07-30 03:12:17 DEBUG HomeLoanTest:76 - Extracted Cell: 
2025-07-30 03:12:17 DEBUG HomeLoanTest:76 - Extracted Cell: 
2025-07-30 03:12:17 DEBUG HomeLoanTest:76 - Extracted Cell: 
2025-07-30 03:12:17 DEBUG HomeLoanTest:76 - Extracted Cell: 
2025-07-30 03:12:17 DEBUG HomeLoanTest:76 - Extracted Cell: 
2025-07-30 03:12:17 DEBUG HomeLoanTest:76 - Extracted Cell: 
2025-07-30 03:12:17 DEBUG HomeLoanTest:76 - Extracted Cell: 
2025-07-30 03:12:17 DEBUG HomeLoanTest:76 - Extracted Cell: 
2025-07-30 03:12:17 DEBUG HomeLoanTest:76 - Extracted Cell: 
2025-07-30 03:12:17 DEBUG HomeLoanTest:76 - Extracted Cell: 
2025-07-30 03:12:17 DEBUG HomeLoanTest:76 - Extracted Cell: 
2025-07-30 03:12:18 DEBUG HomeLoanTest:76 - Extracted Cell: 
2025-07-30 03:12:18 DEBUG HomeLoanTest:76 - Extracted Cell: 
2025-07-30 03:12:18 DEBUG HomeLoanTest:76 - Extracted Cell: 
2025-07-30 03:12:18 DEBUG HomeLoanTest:76 - Extracted Cell: 
2025-07-30 03:12:18 DEBUG HomeLoanTest:76 - Extracted Cell: 
2025-07-30 03:12:18 DEBUG HomeLoanTest:76 - Extracted Cell: 
2025-07-30 03:12:18 DEBUG HomeLoanTest:76 - Extracted Cell: 
2025-07-30 03:12:18 DEBUG HomeLoanTest:76 - Extracted Cell: 
2025-07-30 03:12:18 DEBUG HomeLoanTest:76 - Extracted Cell: 
2025-07-30 03:12:18 DEBUG HomeLoanTest:76 - Extracted Cell: 
2025-07-30 03:12:18 DEBUG HomeLoanTest:76 - Extracted Cell: 
2025-07-30 03:12:18 DEBUG HomeLoanTest:76 - Extracted Cell: 
2025-07-30 03:12:18 DEBUG HomeLoanTest:76 - Extracted Cell: 
2025-07-30 03:12:18 DEBUG HomeLoanTest:76 - Extracted Cell: 
2025-07-30 03:12:18 DEBUG HomeLoanTest:76 - Extracted Cell: 2034
2025-07-30 03:12:18 DEBUG HomeLoanTest:76 - Extracted Cell: ₹ 31,871
2025-07-30 03:12:18 DEBUG HomeLoanTest:76 - Extracted Cell: ₹ 18,187
2025-07-30 03:12:18 DEBUG HomeLoanTest:76 - Extracted Cell: ₹ 3,00,30,250
2025-07-30 03:12:18 DEBUG HomeLoanTest:76 - Extracted Cell: ₹ 3,00,80,309
2025-07-30 03:12:18 DEBUG HomeLoanTest:76 - Extracted Cell: ₹ 2,25,035
2025-07-30 03:12:18 DEBUG HomeLoanTest:76 - Extracted Cell: 49.99%
2025-07-30 03:12:18 DEBUG HomeLoanTest:76 - Extracted Cell: 
2025-07-30 03:12:18 DEBUG HomeLoanTest:76 - Extracted Cell: 
2025-07-30 03:12:18 DEBUG HomeLoanTest:76 - Extracted Cell: 
2025-07-30 03:12:18 DEBUG HomeLoanTest:76 - Extracted Cell: 
2025-07-30 03:12:18 DEBUG HomeLoanTest:76 - Extracted Cell: 
2025-07-30 03:12:18 DEBUG HomeLoanTest:76 - Extracted Cell: 
2025-07-30 03:12:18 DEBUG HomeLoanTest:76 - Extracted Cell: 
2025-07-30 03:12:18 DEBUG HomeLoanTest:76 - Extracted Cell: 
2025-07-30 03:12:18 DEBUG HomeLoanTest:76 - Extracted Cell: 
2025-07-30 03:12:18 DEBUG HomeLoanTest:76 - Extracted Cell: 
2025-07-30 03:12:18 DEBUG HomeLoanTest:76 - Extracted Cell: 
2025-07-30 03:12:18 DEBUG HomeLoanTest:76 - Extracted Cell: 
2025-07-30 03:12:18 DEBUG HomeLoanTest:76 - Extracted Cell: 
2025-07-30 03:12:18 DEBUG HomeLoanTest:76 - Extracted Cell: 
2025-07-30 03:12:18 DEBUG HomeLoanTest:76 - Extracted Cell: 
2025-07-30 03:12:18 DEBUG HomeLoanTest:76 - Extracted Cell: 
2025-07-30 03:12:18 DEBUG HomeLoanTest:76 - Extracted Cell: 
2025-07-30 03:12:18 DEBUG HomeLoanTest:76 - Extracted Cell: 
2025-07-30 03:12:18 DEBUG HomeLoanTest:76 - Extracted Cell: 
2025-07-30 03:12:18 DEBUG HomeLoanTest:76 - Extracted Cell: 
2025-07-30 03:12:18 DEBUG HomeLoanTest:76 - Extracted Cell: 
2025-07-30 03:12:18 DEBUG HomeLoanTest:76 - Extracted Cell: 
2025-07-30 03:12:18 DEBUG HomeLoanTest:76 - Extracted Cell: 
2025-07-30 03:12:18 DEBUG HomeLoanTest:76 - Extracted Cell: 
2025-07-30 03:12:19 DEBUG HomeLoanTest:76 - Extracted Cell: 
2025-07-30 03:12:19 DEBUG HomeLoanTest:76 - Extracted Cell: 
2025-07-30 03:12:19 DEBUG HomeLoanTest:76 - Extracted Cell: 
2025-07-30 03:12:19 DEBUG HomeLoanTest:76 - Extracted Cell: 
2025-07-30 03:12:19 DEBUG HomeLoanTest:76 - Extracted Cell: 
2025-07-30 03:12:19 DEBUG HomeLoanTest:76 - Extracted Cell: 
2025-07-30 03:12:19 DEBUG HomeLoanTest:76 - Extracted Cell: 
2025-07-30 03:12:19 DEBUG HomeLoanTest:76 - Extracted Cell: 
2025-07-30 03:12:19 DEBUG HomeLoanTest:76 - Extracted Cell: 
2025-07-30 03:12:19 DEBUG HomeLoanTest:76 - Extracted Cell: 
2025-07-30 03:12:19 DEBUG HomeLoanTest:76 - Extracted Cell: 
2025-07-30 03:12:19 DEBUG HomeLoanTest:76 - Extracted Cell: 
2025-07-30 03:12:19 DEBUG HomeLoanTest:76 - Extracted Cell: 
2025-07-30 03:12:19 DEBUG HomeLoanTest:76 - Extracted Cell: 
2025-07-30 03:12:19 DEBUG HomeLoanTest:76 - Extracted Cell: 
2025-07-30 03:12:19 DEBUG HomeLoanTest:76 - Extracted Cell: 
2025-07-30 03:12:19 DEBUG HomeLoanTest:76 - Extracted Cell: 
2025-07-30 03:12:19 DEBUG HomeLoanTest:76 - Extracted Cell: 
2025-07-30 03:12:19 DEBUG HomeLoanTest:76 - Extracted Cell: 
2025-07-30 03:12:19 DEBUG HomeLoanTest:76 - Extracted Cell: 
2025-07-30 03:12:19 DEBUG HomeLoanTest:76 - Extracted Cell: 
2025-07-30 03:12:19 DEBUG HomeLoanTest:76 - Extracted Cell: 
2025-07-30 03:12:19 DEBUG HomeLoanTest:76 - Extracted Cell: 
2025-07-30 03:12:19 DEBUG HomeLoanTest:76 - Extracted Cell: 
2025-07-30 03:12:19 DEBUG HomeLoanTest:76 - Extracted Cell: 
2025-07-30 03:12:19 DEBUG HomeLoanTest:76 - Extracted Cell: 
2025-07-30 03:12:19 DEBUG HomeLoanTest:76 - Extracted Cell: 
2025-07-30 03:12:19 DEBUG HomeLoanTest:76 - Extracted Cell: 
2025-07-30 03:12:19 DEBUG HomeLoanTest:76 - Extracted Cell: 
2025-07-30 03:12:19 DEBUG HomeLoanTest:76 - Extracted Cell: 
2025-07-30 03:12:19 DEBUG HomeLoanTest:76 - Extracted Cell: 
2025-07-30 03:12:19 DEBUG HomeLoanTest:76 - Extracted Cell: 
2025-07-30 03:12:19 DEBUG HomeLoanTest:76 - Extracted Cell: 
2025-07-30 03:12:19 DEBUG HomeLoanTest:76 - Extracted Cell: 
2025-07-30 03:12:19 DEBUG HomeLoanTest:76 - Extracted Cell: 
2025-07-30 03:12:19 DEBUG HomeLoanTest:76 - Extracted Cell: 
2025-07-30 03:12:19 DEBUG HomeLoanTest:76 - Extracted Cell: 
2025-07-30 03:12:19 DEBUG HomeLoanTest:76 - Extracted Cell: 
2025-07-30 03:12:19 DEBUG HomeLoanTest:76 - Extracted Cell: 
2025-07-30 03:12:19 DEBUG HomeLoanTest:76 - Extracted Cell: 
2025-07-30 03:12:19 DEBUG HomeLoanTest:76 - Extracted Cell: 
2025-07-30 03:12:19 DEBUG HomeLoanTest:76 - Extracted Cell: 
2025-07-30 03:12:19 DEBUG HomeLoanTest:76 - Extracted Cell: 
2025-07-30 03:12:19 DEBUG HomeLoanTest:76 - Extracted Cell: 
2025-07-30 03:12:19 DEBUG HomeLoanTest:76 - Extracted Cell: 
2025-07-30 03:12:19 DEBUG HomeLoanTest:76 - Extracted Cell: 
2025-07-30 03:12:19 DEBUG HomeLoanTest:76 - Extracted Cell: 
2025-07-30 03:12:19 DEBUG HomeLoanTest:76 - Extracted Cell: 
2025-07-30 03:12:19 DEBUG HomeLoanTest:76 - Extracted Cell: 
2025-07-30 03:12:19 DEBUG HomeLoanTest:76 - Extracted Cell: 
2025-07-30 03:12:19 DEBUG HomeLoanTest:76 - Extracted Cell: 
2025-07-30 03:12:19 DEBUG HomeLoanTest:76 - Extracted Cell: 
2025-07-30 03:12:19 DEBUG HomeLoanTest:76 - Extracted Cell: 
2025-07-30 03:12:19 DEBUG HomeLoanTest:76 - Extracted Cell: 
2025-07-30 03:12:19 DEBUG HomeLoanTest:76 - Extracted Cell: 
2025-07-30 03:12:19 DEBUG HomeLoanTest:76 - Extracted Cell: 
2025-07-30 03:12:19 DEBUG HomeLoanTest:76 - Extracted Cell: 
2025-07-30 03:12:19 DEBUG HomeLoanTest:76 - Extracted Cell: 
2025-07-30 03:12:19 DEBUG HomeLoanTest:76 - Extracted Cell: 
2025-07-30 03:12:19 DEBUG HomeLoanTest:76 - Extracted Cell: 
2025-07-30 03:12:19 DEBUG HomeLoanTest:76 - Extracted Cell: 
2025-07-30 03:12:19 DEBUG HomeLoanTest:76 - Extracted Cell: 
2025-07-30 03:12:19 DEBUG HomeLoanTest:76 - Extracted Cell: 
2025-07-30 03:12:19 DEBUG HomeLoanTest:76 - Extracted Cell: 
2025-07-30 03:12:19 DEBUG HomeLoanTest:76 - Extracted Cell: 
2025-07-30 03:12:19 DEBUG HomeLoanTest:76 - Extracted Cell: 
2025-07-30 03:12:19 DEBUG HomeLoanTest:76 - Extracted Cell: 
2025-07-30 03:12:19 DEBUG HomeLoanTest:76 - Extracted Cell: 
2025-07-30 03:12:20 DEBUG HomeLoanTest:76 - Extracted Cell: 
2025-07-30 03:12:20 DEBUG HomeLoanTest:76 - Extracted Cell: 
2025-07-30 03:12:20 DEBUG HomeLoanTest:76 - Extracted Cell: 
2025-07-30 03:12:20 DEBUG HomeLoanTest:76 - Extracted Cell: 
2025-07-30 03:12:20 DEBUG HomeLoanTest:76 - Extracted Cell: 
2025-07-30 03:12:20 DEBUG HomeLoanTest:76 - Extracted Cell: 
2025-07-30 03:12:20 DEBUG HomeLoanTest:76 - Extracted Cell: 
2025-07-30 03:12:20 DEBUG HomeLoanTest:76 - Extracted Cell: 
2025-07-30 03:12:20 DEBUG HomeLoanTest:76 - Extracted Cell: 
2025-07-30 03:12:20 DEBUG HomeLoanTest:76 - Extracted Cell: 
2025-07-30 03:12:20 DEBUG HomeLoanTest:76 - Extracted Cell: 
2025-07-30 03:12:20 DEBUG HomeLoanTest:76 - Extracted Cell: 
2025-07-30 03:12:20 DEBUG HomeLoanTest:76 - Extracted Cell: 
2025-07-30 03:12:20 DEBUG HomeLoanTest:76 - Extracted Cell: 
2025-07-30 03:12:20 DEBUG HomeLoanTest:76 - Extracted Cell: 
2025-07-30 03:12:20 DEBUG HomeLoanTest:76 - Extracted Cell: 
2025-07-30 03:12:20 DEBUG HomeLoanTest:76 - Extracted Cell: 
2025-07-30 03:12:20 DEBUG HomeLoanTest:76 - Extracted Cell: 
2025-07-30 03:12:20 DEBUG HomeLoanTest:76 - Extracted Cell: 
2025-07-30 03:12:20 DEBUG HomeLoanTest:76 - Extracted Cell: 
2025-07-30 03:12:20 DEBUG HomeLoanTest:76 - Extracted Cell: 
2025-07-30 03:12:20 DEBUG HomeLoanTest:76 - Extracted Cell: 
2025-07-30 03:12:20 DEBUG HomeLoanTest:76 - Extracted Cell: 
2025-07-30 03:12:20 DEBUG HomeLoanTest:76 - Extracted Cell: 
2025-07-30 03:12:20 DEBUG HomeLoanTest:76 - Extracted Cell: 
2025-07-30 03:12:20 DEBUG HomeLoanTest:76 - Extracted Cell: 
2025-07-30 03:12:20 DEBUG HomeLoanTest:76 - Extracted Cell: 
2025-07-30 03:12:20 DEBUG HomeLoanTest:76 - Extracted Cell: 
2025-07-30 03:12:20 DEBUG HomeLoanTest:76 - Extracted Cell: 
2025-07-30 03:12:20 DEBUG HomeLoanTest:76 - Extracted Cell: 
2025-07-30 03:12:20 DEBUG HomeLoanTest:76 - Extracted Cell: 
2025-07-30 03:12:20 DEBUG HomeLoanTest:76 - Extracted Cell: 
2025-07-30 03:12:20 DEBUG HomeLoanTest:76 - Extracted Cell: 
2025-07-30 03:12:20 DEBUG HomeLoanTest:76 - Extracted Cell: 
2025-07-30 03:12:20 DEBUG HomeLoanTest:76 - Extracted Cell: 
2025-07-30 03:12:20 DEBUG HomeLoanTest:76 - Extracted Cell: 
2025-07-30 03:12:20 DEBUG HomeLoanTest:76 - Extracted Cell: 
2025-07-30 03:12:20 DEBUG HomeLoanTest:76 - Extracted Cell: 
2025-07-30 03:12:20 DEBUG HomeLoanTest:76 - Extracted Cell: 
2025-07-30 03:12:20 DEBUG HomeLoanTest:76 - Extracted Cell: 
2025-07-30 03:12:20 DEBUG HomeLoanTest:76 - Extracted Cell: 
2025-07-30 03:12:20 DEBUG HomeLoanTest:76 - Extracted Cell: 
2025-07-30 03:12:20 DEBUG HomeLoanTest:76 - Extracted Cell: 
2025-07-30 03:12:20 DEBUG HomeLoanTest:76 - Extracted Cell: 
2025-07-30 03:12:21 DEBUG HomeLoanTest:76 - Extracted Cell: 
2025-07-30 03:12:21 DEBUG HomeLoanTest:76 - Extracted Cell: 
2025-07-30 03:12:21 DEBUG HomeLoanTest:76 - Extracted Cell: 
2025-07-30 03:12:21 DEBUG HomeLoanTest:76 - Extracted Cell: 
2025-07-30 03:12:21 DEBUG HomeLoanTest:76 - Extracted Cell: 
2025-07-30 03:12:21 DEBUG HomeLoanTest:76 - Extracted Cell: 
2025-07-30 03:12:21 DEBUG HomeLoanTest:76 - Extracted Cell: 
2025-07-30 03:12:21 DEBUG HomeLoanTest:76 - Extracted Cell: 
2025-07-30 03:12:21 DEBUG HomeLoanTest:76 - Extracted Cell: 
2025-07-30 03:12:21 DEBUG HomeLoanTest:76 - Extracted Cell: 
2025-07-30 03:12:21 DEBUG HomeLoanTest:76 - Extracted Cell: 
2025-07-30 03:12:21 DEBUG HomeLoanTest:76 - Extracted Cell: 
2025-07-30 03:12:21 DEBUG HomeLoanTest:76 - Extracted Cell: 
2025-07-30 03:12:21 DEBUG HomeLoanTest:76 - Extracted Cell: 
2025-07-30 03:12:21 DEBUG HomeLoanTest:76 - Extracted Cell: 
2025-07-30 03:12:21 DEBUG HomeLoanTest:76 - Extracted Cell: 
2025-07-30 03:12:21 DEBUG HomeLoanTest:76 - Extracted Cell: 
2025-07-30 03:12:21 DEBUG HomeLoanTest:76 - Extracted Cell: 
2025-07-30 03:12:21 DEBUG HomeLoanTest:76 - Extracted Cell: 
2025-07-30 03:12:21 DEBUG HomeLoanTest:76 - Extracted Cell: 
2025-07-30 03:12:21 DEBUG HomeLoanTest:76 - Extracted Cell: 
2025-07-30 03:12:21 DEBUG HomeLoanTest:76 - Extracted Cell: 
2025-07-30 03:12:21 DEBUG HomeLoanTest:76 - Extracted Cell: 
2025-07-30 03:12:21 DEBUG HomeLoanTest:76 - Extracted Cell: 
2025-07-30 03:12:21 DEBUG HomeLoanTest:76 - Extracted Cell: 
2025-07-30 03:12:21 DEBUG HomeLoanTest:76 - Extracted Cell: 
2025-07-30 03:12:21 DEBUG HomeLoanTest:76 - Extracted Cell: 
2025-07-30 03:12:21 DEBUG HomeLoanTest:76 - Extracted Cell: 
2025-07-30 03:12:21 DEBUG HomeLoanTest:76 - Extracted Cell: 
2025-07-30 03:12:21 DEBUG HomeLoanTest:76 - Extracted Cell: 
2025-07-30 03:12:21 DEBUG HomeLoanTest:76 - Extracted Cell: 
2025-07-30 03:12:21 DEBUG HomeLoanTest:76 - Extracted Cell: 
2025-07-30 03:12:21 DEBUG HomeLoanTest:76 - Extracted Cell: 
2025-07-30 03:12:21 DEBUG HomeLoanTest:76 - Extracted Cell: 2035
2025-07-30 03:12:21 DEBUG HomeLoanTest:76 - Extracted Cell: ₹ 34,346
2025-07-30 03:12:21 DEBUG HomeLoanTest:76 - Extracted Cell: ₹ 15,713
2025-07-30 03:12:21 DEBUG HomeLoanTest:76 - Extracted Cell: ₹ 3,00,30,250
2025-07-30 03:12:21 DEBUG HomeLoanTest:76 - Extracted Cell: ₹ 3,00,80,309
2025-07-30 03:12:21 DEBUG HomeLoanTest:76 - Extracted Cell: ₹ 1,90,689
2025-07-30 03:12:21 DEBUG HomeLoanTest:76 - Extracted Cell: 57.62%
2025-07-30 03:12:21 DEBUG HomeLoanTest:76 - Extracted Cell: 
2025-07-30 03:12:21 DEBUG HomeLoanTest:76 - Extracted Cell: 
2025-07-30 03:12:22 DEBUG HomeLoanTest:76 - Extracted Cell: 
2025-07-30 03:12:22 DEBUG HomeLoanTest:76 - Extracted Cell: 
2025-07-30 03:12:22 DEBUG HomeLoanTest:76 - Extracted Cell: 
2025-07-30 03:12:22 DEBUG HomeLoanTest:76 - Extracted Cell: 
2025-07-30 03:12:22 DEBUG HomeLoanTest:76 - Extracted Cell: 
2025-07-30 03:12:22 DEBUG HomeLoanTest:76 - Extracted Cell: 
2025-07-30 03:12:22 DEBUG HomeLoanTest:76 - Extracted Cell: 
2025-07-30 03:12:22 DEBUG HomeLoanTest:76 - Extracted Cell: 
2025-07-30 03:12:22 DEBUG HomeLoanTest:76 - Extracted Cell: 
2025-07-30 03:12:22 DEBUG HomeLoanTest:76 - Extracted Cell: 
2025-07-30 03:12:22 DEBUG HomeLoanTest:76 - Extracted Cell: 
2025-07-30 03:12:22 DEBUG HomeLoanTest:76 - Extracted Cell: 
2025-07-30 03:12:22 DEBUG HomeLoanTest:76 - Extracted Cell: 
2025-07-30 03:12:22 DEBUG HomeLoanTest:76 - Extracted Cell: 
2025-07-30 03:12:22 DEBUG HomeLoanTest:76 - Extracted Cell: 
2025-07-30 03:12:22 DEBUG HomeLoanTest:76 - Extracted Cell: 
2025-07-30 03:12:22 DEBUG HomeLoanTest:76 - Extracted Cell: 
2025-07-30 03:12:22 DEBUG HomeLoanTest:76 - Extracted Cell: 
2025-07-30 03:12:22 DEBUG HomeLoanTest:76 - Extracted Cell: 
2025-07-30 03:12:22 DEBUG HomeLoanTest:76 - Extracted Cell: 
2025-07-30 03:12:22 DEBUG HomeLoanTest:76 - Extracted Cell: 
2025-07-30 03:12:22 DEBUG HomeLoanTest:76 - Extracted Cell: 
2025-07-30 03:12:22 DEBUG HomeLoanTest:76 - Extracted Cell: 
2025-07-30 03:12:22 DEBUG HomeLoanTest:76 - Extracted Cell: 
2025-07-30 03:12:22 DEBUG HomeLoanTest:76 - Extracted Cell: 
2025-07-30 03:12:22 DEBUG HomeLoanTest:76 - Extracted Cell: 
2025-07-30 03:12:22 DEBUG HomeLoanTest:76 - Extracted Cell: 
2025-07-30 03:12:22 DEBUG HomeLoanTest:76 - Extracted Cell: 
2025-07-30 03:12:22 DEBUG HomeLoanTest:76 - Extracted Cell: 
2025-07-30 03:12:22 DEBUG HomeLoanTest:76 - Extracted Cell: 
2025-07-30 03:12:22 DEBUG HomeLoanTest:76 - Extracted Cell: 
2025-07-30 03:12:22 DEBUG HomeLoanTest:76 - Extracted Cell: 
2025-07-30 03:12:22 DEBUG HomeLoanTest:76 - Extracted Cell: 
2025-07-30 03:12:22 DEBUG HomeLoanTest:76 - Extracted Cell: 
2025-07-30 03:12:22 DEBUG HomeLoanTest:76 - Extracted Cell: 
2025-07-30 03:12:22 DEBUG HomeLoanTest:76 - Extracted Cell: 
2025-07-30 03:12:22 DEBUG HomeLoanTest:76 - Extracted Cell: 
2025-07-30 03:12:22 DEBUG HomeLoanTest:76 - Extracted Cell: 
2025-07-30 03:12:22 DEBUG HomeLoanTest:76 - Extracted Cell: 
2025-07-30 03:12:22 DEBUG HomeLoanTest:76 - Extracted Cell: 
2025-07-30 03:12:22 DEBUG HomeLoanTest:76 - Extracted Cell: 
2025-07-30 03:12:22 DEBUG HomeLoanTest:76 - Extracted Cell: 
2025-07-30 03:12:22 DEBUG HomeLoanTest:76 - Extracted Cell: 
2025-07-30 03:12:22 DEBUG HomeLoanTest:76 - Extracted Cell: 
2025-07-30 03:12:22 DEBUG HomeLoanTest:76 - Extracted Cell: 
2025-07-30 03:12:22 DEBUG HomeLoanTest:76 - Extracted Cell: 
2025-07-30 03:12:22 DEBUG HomeLoanTest:76 - Extracted Cell: 
2025-07-30 03:12:22 DEBUG HomeLoanTest:76 - Extracted Cell: 
2025-07-30 03:12:22 DEBUG HomeLoanTest:76 - Extracted Cell: 
2025-07-30 03:12:22 DEBUG HomeLoanTest:76 - Extracted Cell: 
2025-07-30 03:12:22 DEBUG HomeLoanTest:76 - Extracted Cell: 
2025-07-30 03:12:22 DEBUG HomeLoanTest:76 - Extracted Cell: 
2025-07-30 03:12:22 DEBUG HomeLoanTest:76 - Extracted Cell: 
2025-07-30 03:12:22 DEBUG HomeLoanTest:76 - Extracted Cell: 
2025-07-30 03:12:22 DEBUG HomeLoanTest:76 - Extracted Cell: 
2025-07-30 03:12:22 DEBUG HomeLoanTest:76 - Extracted Cell: 
2025-07-30 03:12:22 DEBUG HomeLoanTest:76 - Extracted Cell: 
2025-07-30 03:12:22 DEBUG HomeLoanTest:76 - Extracted Cell: 
2025-07-30 03:12:22 DEBUG HomeLoanTest:76 - Extracted Cell: 
2025-07-30 03:12:22 DEBUG HomeLoanTest:76 - Extracted Cell: 
2025-07-30 03:12:22 DEBUG HomeLoanTest:76 - Extracted Cell: 
2025-07-30 03:12:22 DEBUG HomeLoanTest:76 - Extracted Cell: 
2025-07-30 03:12:22 DEBUG HomeLoanTest:76 - Extracted Cell: 
2025-07-30 03:12:22 DEBUG HomeLoanTest:76 - Extracted Cell: 
2025-07-30 03:12:22 DEBUG HomeLoanTest:76 - Extracted Cell: 
2025-07-30 03:12:22 DEBUG HomeLoanTest:76 - Extracted Cell: 
2025-07-30 03:12:22 DEBUG HomeLoanTest:76 - Extracted Cell: 
2025-07-30 03:12:22 DEBUG HomeLoanTest:76 - Extracted Cell: 
2025-07-30 03:12:22 DEBUG HomeLoanTest:76 - Extracted Cell: 
2025-07-30 03:12:22 DEBUG HomeLoanTest:76 - Extracted Cell: 
2025-07-30 03:12:22 DEBUG HomeLoanTest:76 - Extracted Cell: 
2025-07-30 03:12:22 DEBUG HomeLoanTest:76 - Extracted Cell: 
2025-07-30 03:12:22 DEBUG HomeLoanTest:76 - Extracted Cell: 
2025-07-30 03:12:22 DEBUG HomeLoanTest:76 - Extracted Cell: 
2025-07-30 03:12:22 DEBUG HomeLoanTest:76 - Extracted Cell: 
2025-07-30 03:12:22 DEBUG HomeLoanTest:76 - Extracted Cell: 
2025-07-30 03:12:22 DEBUG HomeLoanTest:76 - Extracted Cell: 
2025-07-30 03:12:22 DEBUG HomeLoanTest:76 - Extracted Cell: 
2025-07-30 03:12:22 DEBUG HomeLoanTest:76 - Extracted Cell: 
2025-07-30 03:12:22 DEBUG HomeLoanTest:76 - Extracted Cell: 
2025-07-30 03:12:22 DEBUG HomeLoanTest:76 - Extracted Cell: 
2025-07-30 03:12:22 DEBUG HomeLoanTest:76 - Extracted Cell: 
2025-07-30 03:12:23 DEBUG HomeLoanTest:76 - Extracted Cell: 
2025-07-30 03:12:23 DEBUG HomeLoanTest:76 - Extracted Cell: 
2025-07-30 03:12:23 DEBUG HomeLoanTest:76 - Extracted Cell: 
2025-07-30 03:12:23 DEBUG HomeLoanTest:76 - Extracted Cell: 
2025-07-30 03:12:23 DEBUG HomeLoanTest:76 - Extracted Cell: 
2025-07-30 03:12:23 DEBUG HomeLoanTest:76 - Extracted Cell: 
2025-07-30 03:12:23 DEBUG HomeLoanTest:76 - Extracted Cell: 
2025-07-30 03:12:23 DEBUG HomeLoanTest:76 - Extracted Cell: 
2025-07-30 03:12:23 DEBUG HomeLoanTest:76 - Extracted Cell: 
2025-07-30 03:12:23 DEBUG HomeLoanTest:76 - Extracted Cell: 
2025-07-30 03:12:23 DEBUG HomeLoanTest:76 - Extracted Cell: 
2025-07-30 03:12:23 DEBUG HomeLoanTest:76 - Extracted Cell: 
2025-07-30 03:12:23 DEBUG HomeLoanTest:76 - Extracted Cell: 
2025-07-30 03:12:23 DEBUG HomeLoanTest:76 - Extracted Cell: 
2025-07-30 03:12:23 DEBUG HomeLoanTest:76 - Extracted Cell: 
2025-07-30 03:12:23 DEBUG HomeLoanTest:76 - Extracted Cell: 
2025-07-30 03:12:23 DEBUG HomeLoanTest:76 - Extracted Cell: 
2025-07-30 03:12:23 DEBUG HomeLoanTest:76 - Extracted Cell: 
2025-07-30 03:12:23 DEBUG HomeLoanTest:76 - Extracted Cell: 
2025-07-30 03:12:23 DEBUG HomeLoanTest:76 - Extracted Cell: 
2025-07-30 03:12:23 DEBUG HomeLoanTest:76 - Extracted Cell: 
2025-07-30 03:12:23 DEBUG HomeLoanTest:76 - Extracted Cell: 
2025-07-30 03:12:23 DEBUG HomeLoanTest:76 - Extracted Cell: 
2025-07-30 03:12:23 DEBUG HomeLoanTest:76 - Extracted Cell: 
2025-07-30 03:12:23 DEBUG HomeLoanTest:76 - Extracted Cell: 
2025-07-30 03:12:23 DEBUG HomeLoanTest:76 - Extracted Cell: 
2025-07-30 03:12:23 DEBUG HomeLoanTest:76 - Extracted Cell: 
2025-07-30 03:12:23 DEBUG HomeLoanTest:76 - Extracted Cell: 
2025-07-30 03:12:23 DEBUG HomeLoanTest:76 - Extracted Cell: 
2025-07-30 03:12:23 DEBUG HomeLoanTest:76 - Extracted Cell: 
2025-07-30 03:12:23 DEBUG HomeLoanTest:76 - Extracted Cell: 
2025-07-30 03:12:23 DEBUG HomeLoanTest:76 - Extracted Cell: 
2025-07-30 03:12:23 DEBUG HomeLoanTest:76 - Extracted Cell: 
2025-07-30 03:12:23 DEBUG HomeLoanTest:76 - Extracted Cell: 
2025-07-30 03:12:23 DEBUG HomeLoanTest:76 - Extracted Cell: 
2025-07-30 03:12:23 DEBUG HomeLoanTest:76 - Extracted Cell: 
2025-07-30 03:12:23 DEBUG HomeLoanTest:76 - Extracted Cell: 
2025-07-30 03:12:23 DEBUG HomeLoanTest:76 - Extracted Cell: 
2025-07-30 03:12:23 DEBUG HomeLoanTest:76 - Extracted Cell: 
2025-07-30 03:12:23 DEBUG HomeLoanTest:76 - Extracted Cell: 
2025-07-30 03:12:23 DEBUG HomeLoanTest:76 - Extracted Cell: 
2025-07-30 03:12:23 DEBUG HomeLoanTest:76 - Extracted Cell: 
2025-07-30 03:12:23 DEBUG HomeLoanTest:76 - Extracted Cell: 
2025-07-30 03:12:23 DEBUG HomeLoanTest:76 - Extracted Cell: 
2025-07-30 03:12:23 DEBUG HomeLoanTest:76 - Extracted Cell: 
2025-07-30 03:12:23 DEBUG HomeLoanTest:76 - Extracted Cell: 
2025-07-30 03:12:24 DEBUG HomeLoanTest:76 - Extracted Cell: 
2025-07-30 03:12:24 DEBUG HomeLoanTest:76 - Extracted Cell: 
2025-07-30 03:12:24 DEBUG HomeLoanTest:76 - Extracted Cell: 
2025-07-30 03:12:24 DEBUG HomeLoanTest:76 - Extracted Cell: 
2025-07-30 03:12:24 DEBUG HomeLoanTest:76 - Extracted Cell: 
2025-07-30 03:12:24 DEBUG HomeLoanTest:76 - Extracted Cell: 
2025-07-30 03:12:24 DEBUG HomeLoanTest:76 - Extracted Cell: 
2025-07-30 03:12:24 DEBUG HomeLoanTest:76 - Extracted Cell: 
2025-07-30 03:12:24 DEBUG HomeLoanTest:76 - Extracted Cell: 
2025-07-30 03:12:24 DEBUG HomeLoanTest:76 - Extracted Cell: 
2025-07-30 03:12:24 DEBUG HomeLoanTest:76 - Extracted Cell: 
2025-07-30 03:12:24 DEBUG HomeLoanTest:76 - Extracted Cell: 
2025-07-30 03:12:24 DEBUG HomeLoanTest:76 - Extracted Cell: 
2025-07-30 03:12:24 DEBUG HomeLoanTest:76 - Extracted Cell: 
2025-07-30 03:12:24 DEBUG HomeLoanTest:76 - Extracted Cell: 
2025-07-30 03:12:24 DEBUG HomeLoanTest:76 - Extracted Cell: 
2025-07-30 03:12:24 DEBUG HomeLoanTest:76 - Extracted Cell: 
2025-07-30 03:12:24 DEBUG HomeLoanTest:76 - Extracted Cell: 
2025-07-30 03:12:24 DEBUG HomeLoanTest:76 - Extracted Cell: 
2025-07-30 03:12:24 DEBUG HomeLoanTest:76 - Extracted Cell: 
2025-07-30 03:12:24 DEBUG HomeLoanTest:76 - Extracted Cell: 
2025-07-30 03:12:24 DEBUG HomeLoanTest:76 - Extracted Cell: 
2025-07-30 03:12:24 DEBUG HomeLoanTest:76 - Extracted Cell: 
2025-07-30 03:12:24 DEBUG HomeLoanTest:76 - Extracted Cell: 
2025-07-30 03:12:24 DEBUG HomeLoanTest:76 - Extracted Cell: 
2025-07-30 03:12:24 DEBUG HomeLoanTest:76 - Extracted Cell: 
2025-07-30 03:12:24 DEBUG HomeLoanTest:76 - Extracted Cell: 
2025-07-30 03:12:24 DEBUG HomeLoanTest:76 - Extracted Cell: 
2025-07-30 03:12:24 DEBUG HomeLoanTest:76 - Extracted Cell: 
2025-07-30 03:12:24 DEBUG HomeLoanTest:76 - Extracted Cell: 
2025-07-30 03:12:24 DEBUG HomeLoanTest:76 - Extracted Cell: 
2025-07-30 03:12:24 DEBUG HomeLoanTest:76 - Extracted Cell: 
2025-07-30 03:12:24 DEBUG HomeLoanTest:76 - Extracted Cell: 
2025-07-30 03:12:24 DEBUG HomeLoanTest:76 - Extracted Cell: 
2025-07-30 03:12:24 DEBUG HomeLoanTest:76 - Extracted Cell: 
2025-07-30 03:12:24 DEBUG HomeLoanTest:76 - Extracted Cell: 
2025-07-30 03:12:24 DEBUG HomeLoanTest:76 - Extracted Cell: 
2025-07-30 03:12:24 DEBUG HomeLoanTest:76 - Extracted Cell: 
2025-07-30 03:12:24 DEBUG HomeLoanTest:76 - Extracted Cell: 
2025-07-30 03:12:24 DEBUG HomeLoanTest:76 - Extracted Cell: 2036
2025-07-30 03:12:24 DEBUG HomeLoanTest:76 - Extracted Cell: ₹ 37,012
2025-07-30 03:12:24 DEBUG HomeLoanTest:76 - Extracted Cell: ₹ 13,047
2025-07-30 03:12:24 DEBUG HomeLoanTest:76 - Extracted Cell: ₹ 3,00,30,250
2025-07-30 03:12:24 DEBUG HomeLoanTest:76 - Extracted Cell: ₹ 3,00,80,309
2025-07-30 03:12:24 DEBUG HomeLoanTest:76 - Extracted Cell: ₹ 1,53,677
2025-07-30 03:12:24 DEBUG HomeLoanTest:76 - Extracted Cell: 65.85%
2025-07-30 03:12:25 DEBUG HomeLoanTest:76 - Extracted Cell: 
2025-07-30 03:12:25 DEBUG HomeLoanTest:76 - Extracted Cell: 
2025-07-30 03:12:25 DEBUG HomeLoanTest:76 - Extracted Cell: 
2025-07-30 03:12:25 DEBUG HomeLoanTest:76 - Extracted Cell: 
2025-07-30 03:12:25 DEBUG HomeLoanTest:76 - Extracted Cell: 
2025-07-30 03:12:25 DEBUG HomeLoanTest:76 - Extracted Cell: 
2025-07-30 03:12:25 DEBUG HomeLoanTest:76 - Extracted Cell: 
2025-07-30 03:12:25 DEBUG HomeLoanTest:76 - Extracted Cell: 
2025-07-30 03:12:25 DEBUG HomeLoanTest:76 - Extracted Cell: 
2025-07-30 03:12:25 DEBUG HomeLoanTest:76 - Extracted Cell: 
2025-07-30 03:12:25 DEBUG HomeLoanTest:76 - Extracted Cell: 
2025-07-30 03:12:25 DEBUG HomeLoanTest:76 - Extracted Cell: 
2025-07-30 03:12:25 DEBUG HomeLoanTest:76 - Extracted Cell: 
2025-07-30 03:12:25 DEBUG HomeLoanTest:76 - Extracted Cell: 
2025-07-30 03:12:25 DEBUG HomeLoanTest:76 - Extracted Cell: 
2025-07-30 03:12:25 DEBUG HomeLoanTest:76 - Extracted Cell: 
2025-07-30 03:12:25 DEBUG HomeLoanTest:76 - Extracted Cell: 
2025-07-30 03:12:25 DEBUG HomeLoanTest:76 - Extracted Cell: 
2025-07-30 03:12:25 DEBUG HomeLoanTest:76 - Extracted Cell: 
2025-07-30 03:12:25 DEBUG HomeLoanTest:76 - Extracted Cell: 
2025-07-30 03:12:25 DEBUG HomeLoanTest:76 - Extracted Cell: 
2025-07-30 03:12:25 DEBUG HomeLoanTest:76 - Extracted Cell: 
2025-07-30 03:12:25 DEBUG HomeLoanTest:76 - Extracted Cell: 
2025-07-30 03:12:25 DEBUG HomeLoanTest:76 - Extracted Cell: 
2025-07-30 03:12:25 DEBUG HomeLoanTest:76 - Extracted Cell: 
2025-07-30 03:12:25 DEBUG HomeLoanTest:76 - Extracted Cell: 
2025-07-30 03:12:25 DEBUG HomeLoanTest:76 - Extracted Cell: 
2025-07-30 03:12:25 DEBUG HomeLoanTest:76 - Extracted Cell: 
2025-07-30 03:12:25 DEBUG HomeLoanTest:76 - Extracted Cell: 
2025-07-30 03:12:25 DEBUG HomeLoanTest:76 - Extracted Cell: 
2025-07-30 03:12:25 DEBUG HomeLoanTest:76 - Extracted Cell: 
2025-07-30 03:12:25 DEBUG HomeLoanTest:76 - Extracted Cell: 
2025-07-30 03:12:25 DEBUG HomeLoanTest:76 - Extracted Cell: 
2025-07-30 03:12:25 DEBUG HomeLoanTest:76 - Extracted Cell: 
2025-07-30 03:12:25 DEBUG HomeLoanTest:76 - Extracted Cell: 
2025-07-30 03:12:25 DEBUG HomeLoanTest:76 - Extracted Cell: 
2025-07-30 03:12:25 DEBUG HomeLoanTest:76 - Extracted Cell: 
2025-07-30 03:12:25 DEBUG HomeLoanTest:76 - Extracted Cell: 
2025-07-30 03:12:25 DEBUG HomeLoanTest:76 - Extracted Cell: 
2025-07-30 03:12:25 DEBUG HomeLoanTest:76 - Extracted Cell: 
2025-07-30 03:12:25 DEBUG HomeLoanTest:76 - Extracted Cell: 
2025-07-30 03:12:25 DEBUG HomeLoanTest:76 - Extracted Cell: 
2025-07-30 03:12:25 DEBUG HomeLoanTest:76 - Extracted Cell: 
2025-07-30 03:12:25 DEBUG HomeLoanTest:76 - Extracted Cell: 
2025-07-30 03:12:25 DEBUG HomeLoanTest:76 - Extracted Cell: 
2025-07-30 03:12:25 DEBUG HomeLoanTest:76 - Extracted Cell: 
2025-07-30 03:12:25 DEBUG HomeLoanTest:76 - Extracted Cell: 
2025-07-30 03:12:25 DEBUG HomeLoanTest:76 - Extracted Cell: 
2025-07-30 03:12:25 DEBUG HomeLoanTest:76 - Extracted Cell: 
2025-07-30 03:12:25 DEBUG HomeLoanTest:76 - Extracted Cell: 
2025-07-30 03:12:25 DEBUG HomeLoanTest:76 - Extracted Cell: 
2025-07-30 03:12:25 DEBUG HomeLoanTest:76 - Extracted Cell: 
2025-07-30 03:12:25 DEBUG HomeLoanTest:76 - Extracted Cell: 
2025-07-30 03:12:25 DEBUG HomeLoanTest:76 - Extracted Cell: 
2025-07-30 03:12:25 DEBUG HomeLoanTest:76 - Extracted Cell: 
2025-07-30 03:12:25 DEBUG HomeLoanTest:76 - Extracted Cell: 
2025-07-30 03:12:25 DEBUG HomeLoanTest:76 - Extracted Cell: 
2025-07-30 03:12:25 DEBUG HomeLoanTest:76 - Extracted Cell: 
2025-07-30 03:12:25 DEBUG HomeLoanTest:76 - Extracted Cell: 
2025-07-30 03:12:25 DEBUG HomeLoanTest:76 - Extracted Cell: 
2025-07-30 03:12:25 DEBUG HomeLoanTest:76 - Extracted Cell: 
2025-07-30 03:12:26 DEBUG HomeLoanTest:76 - Extracted Cell: 
2025-07-30 03:12:26 DEBUG HomeLoanTest:76 - Extracted Cell: 
2025-07-30 03:12:26 DEBUG HomeLoanTest:76 - Extracted Cell: 
2025-07-30 03:12:26 DEBUG HomeLoanTest:76 - Extracted Cell: 
2025-07-30 03:12:26 DEBUG HomeLoanTest:76 - Extracted Cell: 
2025-07-30 03:12:26 DEBUG HomeLoanTest:76 - Extracted Cell: 
2025-07-30 03:12:26 DEBUG HomeLoanTest:76 - Extracted Cell: 
2025-07-30 03:12:26 DEBUG HomeLoanTest:76 - Extracted Cell: 
2025-07-30 03:12:26 DEBUG HomeLoanTest:76 - Extracted Cell: 
2025-07-30 03:12:26 DEBUG HomeLoanTest:76 - Extracted Cell: 
2025-07-30 03:12:26 DEBUG HomeLoanTest:76 - Extracted Cell: 
2025-07-30 03:12:26 DEBUG HomeLoanTest:76 - Extracted Cell: 
2025-07-30 03:12:26 DEBUG HomeLoanTest:76 - Extracted Cell: 
2025-07-30 03:12:26 DEBUG HomeLoanTest:76 - Extracted Cell: 
2025-07-30 03:12:26 DEBUG HomeLoanTest:76 - Extracted Cell: 
2025-07-30 03:12:26 DEBUG HomeLoanTest:76 - Extracted Cell: 
2025-07-30 03:12:26 DEBUG HomeLoanTest:76 - Extracted Cell: 
2025-07-30 03:12:26 DEBUG HomeLoanTest:76 - Extracted Cell: 
2025-07-30 03:12:26 DEBUG HomeLoanTest:76 - Extracted Cell: 
2025-07-30 03:12:26 DEBUG HomeLoanTest:76 - Extracted Cell: 
2025-07-30 03:12:26 DEBUG HomeLoanTest:76 - Extracted Cell: 
2025-07-30 03:12:26 DEBUG HomeLoanTest:76 - Extracted Cell: 
2025-07-30 03:12:26 DEBUG HomeLoanTest:76 - Extracted Cell: 
2025-07-30 03:12:26 DEBUG HomeLoanTest:76 - Extracted Cell: 
2025-07-30 03:12:26 DEBUG HomeLoanTest:76 - Extracted Cell: 
2025-07-30 03:12:26 DEBUG HomeLoanTest:76 - Extracted Cell: 
2025-07-30 03:12:26 DEBUG HomeLoanTest:76 - Extracted Cell: 
2025-07-30 03:12:26 DEBUG HomeLoanTest:76 - Extracted Cell: 
2025-07-30 03:12:26 DEBUG HomeLoanTest:76 - Extracted Cell: 
2025-07-30 03:12:26 DEBUG HomeLoanTest:76 - Extracted Cell: 
2025-07-30 03:12:26 DEBUG HomeLoanTest:76 - Extracted Cell: 
2025-07-30 03:12:26 DEBUG HomeLoanTest:76 - Extracted Cell: 
2025-07-30 03:12:26 DEBUG HomeLoanTest:76 - Extracted Cell: 
2025-07-30 03:12:26 DEBUG HomeLoanTest:76 - Extracted Cell: 
2025-07-30 03:12:26 DEBUG HomeLoanTest:76 - Extracted Cell: 
2025-07-30 03:12:26 DEBUG HomeLoanTest:76 - Extracted Cell: 
2025-07-30 03:12:26 DEBUG HomeLoanTest:76 - Extracted Cell: 
2025-07-30 03:12:26 DEBUG HomeLoanTest:76 - Extracted Cell: 
2025-07-30 03:12:26 DEBUG HomeLoanTest:76 - Extracted Cell: 
2025-07-30 03:12:26 DEBUG HomeLoanTest:76 - Extracted Cell: 
2025-07-30 03:12:26 DEBUG HomeLoanTest:76 - Extracted Cell: 
2025-07-30 03:12:26 DEBUG HomeLoanTest:76 - Extracted Cell: 
2025-07-30 03:12:26 DEBUG HomeLoanTest:76 - Extracted Cell: 
2025-07-30 03:12:26 DEBUG HomeLoanTest:76 - Extracted Cell: 
2025-07-30 03:12:26 DEBUG HomeLoanTest:76 - Extracted Cell: 
2025-07-30 03:12:26 DEBUG HomeLoanTest:76 - Extracted Cell: 
2025-07-30 03:12:26 DEBUG HomeLoanTest:76 - Extracted Cell: 
2025-07-30 03:12:26 DEBUG HomeLoanTest:76 - Extracted Cell: 
2025-07-30 03:12:26 DEBUG HomeLoanTest:76 - Extracted Cell: 
2025-07-30 03:12:27 DEBUG HomeLoanTest:76 - Extracted Cell: 
2025-07-30 03:12:27 DEBUG HomeLoanTest:76 - Extracted Cell: 
2025-07-30 03:12:27 DEBUG HomeLoanTest:76 - Extracted Cell: 
2025-07-30 03:12:27 DEBUG HomeLoanTest:76 - Extracted Cell: 
2025-07-30 03:12:27 DEBUG HomeLoanTest:76 - Extracted Cell: 
2025-07-30 03:12:27 DEBUG HomeLoanTest:76 - Extracted Cell: 
2025-07-30 03:12:27 DEBUG HomeLoanTest:76 - Extracted Cell: 
2025-07-30 03:12:27 DEBUG HomeLoanTest:76 - Extracted Cell: 
2025-07-30 03:12:27 DEBUG HomeLoanTest:76 - Extracted Cell: 
2025-07-30 03:12:27 DEBUG HomeLoanTest:76 - Extracted Cell: 
2025-07-30 03:12:27 DEBUG HomeLoanTest:76 - Extracted Cell: 
2025-07-30 03:12:27 DEBUG HomeLoanTest:76 - Extracted Cell: 
2025-07-30 03:12:27 DEBUG HomeLoanTest:76 - Extracted Cell: 
2025-07-30 03:12:27 DEBUG HomeLoanTest:76 - Extracted Cell: 
2025-07-30 03:12:27 DEBUG HomeLoanTest:76 - Extracted Cell: 
2025-07-30 03:12:27 DEBUG HomeLoanTest:76 - Extracted Cell: 
2025-07-30 03:12:27 DEBUG HomeLoanTest:76 - Extracted Cell: 
2025-07-30 03:12:27 DEBUG HomeLoanTest:76 - Extracted Cell: 
2025-07-30 03:12:27 DEBUG HomeLoanTest:76 - Extracted Cell: 
2025-07-30 03:12:27 DEBUG HomeLoanTest:76 - Extracted Cell: 
2025-07-30 03:12:27 DEBUG HomeLoanTest:76 - Extracted Cell: 
2025-07-30 03:12:27 DEBUG HomeLoanTest:76 - Extracted Cell: 
2025-07-30 03:12:27 DEBUG HomeLoanTest:76 - Extracted Cell: 
2025-07-30 03:12:27 DEBUG HomeLoanTest:76 - Extracted Cell: 
2025-07-30 03:12:27 DEBUG HomeLoanTest:76 - Extracted Cell: 
2025-07-30 03:12:27 DEBUG HomeLoanTest:76 - Extracted Cell: 
2025-07-30 03:12:27 DEBUG HomeLoanTest:76 - Extracted Cell: 
2025-07-30 03:12:27 DEBUG HomeLoanTest:76 - Extracted Cell: 
2025-07-30 03:12:27 DEBUG HomeLoanTest:76 - Extracted Cell: 
2025-07-30 03:12:27 DEBUG HomeLoanTest:76 - Extracted Cell: 
2025-07-30 03:12:27 DEBUG HomeLoanTest:76 - Extracted Cell: 
2025-07-30 03:12:27 DEBUG HomeLoanTest:76 - Extracted Cell: 
2025-07-30 03:12:28 DEBUG HomeLoanTest:76 - Extracted Cell: 
2025-07-30 03:12:28 DEBUG HomeLoanTest:76 - Extracted Cell: 
2025-07-30 03:12:28 DEBUG HomeLoanTest:76 - Extracted Cell: 
2025-07-30 03:12:28 DEBUG HomeLoanTest:76 - Extracted Cell: 
2025-07-30 03:12:28 DEBUG HomeLoanTest:76 - Extracted Cell: 
2025-07-30 03:12:28 DEBUG HomeLoanTest:76 - Extracted Cell: 
2025-07-30 03:12:28 DEBUG HomeLoanTest:76 - Extracted Cell: 
2025-07-30 03:12:28 DEBUG HomeLoanTest:76 - Extracted Cell: 
2025-07-30 03:12:28 DEBUG HomeLoanTest:76 - Extracted Cell: 
2025-07-30 03:12:28 DEBUG HomeLoanTest:76 - Extracted Cell: 
2025-07-30 03:12:28 DEBUG HomeLoanTest:76 - Extracted Cell: 
2025-07-30 03:12:28 DEBUG HomeLoanTest:76 - Extracted Cell: 
2025-07-30 03:12:28 DEBUG HomeLoanTest:76 - Extracted Cell: 
2025-07-30 03:12:28 DEBUG HomeLoanTest:76 - Extracted Cell: 
2025-07-30 03:12:28 DEBUG HomeLoanTest:76 - Extracted Cell: 
2025-07-30 03:12:28 DEBUG HomeLoanTest:76 - Extracted Cell: 
2025-07-30 03:12:28 DEBUG HomeLoanTest:76 - Extracted Cell: 
2025-07-30 03:12:28 DEBUG HomeLoanTest:76 - Extracted Cell: 
2025-07-30 03:12:28 DEBUG HomeLoanTest:76 - Extracted Cell: 
2025-07-30 03:12:28 DEBUG HomeLoanTest:76 - Extracted Cell: 
2025-07-30 03:12:28 DEBUG HomeLoanTest:76 - Extracted Cell: 
2025-07-30 03:12:28 DEBUG HomeLoanTest:76 - Extracted Cell: 
2025-07-30 03:12:28 DEBUG HomeLoanTest:76 - Extracted Cell: 
2025-07-30 03:12:28 DEBUG HomeLoanTest:76 - Extracted Cell: 
2025-07-30 03:12:28 DEBUG HomeLoanTest:76 - Extracted Cell: 
2025-07-30 03:12:28 DEBUG HomeLoanTest:76 - Extracted Cell: 
2025-07-30 03:12:28 DEBUG HomeLoanTest:76 - Extracted Cell: 
2025-07-30 03:12:28 DEBUG HomeLoanTest:76 - Extracted Cell: 2037
2025-07-30 03:12:28 DEBUG HomeLoanTest:76 - Extracted Cell: ₹ 39,885
2025-07-30 03:12:28 DEBUG HomeLoanTest:76 - Extracted Cell: ₹ 10,173
2025-07-30 03:12:28 DEBUG HomeLoanTest:76 - Extracted Cell: ₹ 3,00,30,250
2025-07-30 03:12:28 DEBUG HomeLoanTest:76 - Extracted Cell: ₹ 3,00,80,309
2025-07-30 03:12:28 DEBUG HomeLoanTest:76 - Extracted Cell: ₹ 1,13,791
2025-07-30 03:12:28 DEBUG HomeLoanTest:76 - Extracted Cell: 74.71%
2025-07-30 03:12:28 DEBUG HomeLoanTest:76 - Extracted Cell: 
2025-07-30 03:12:28 DEBUG HomeLoanTest:76 - Extracted Cell: 
2025-07-30 03:12:28 DEBUG HomeLoanTest:76 - Extracted Cell: 
2025-07-30 03:12:28 DEBUG HomeLoanTest:76 - Extracted Cell: 
2025-07-30 03:12:28 DEBUG HomeLoanTest:76 - Extracted Cell: 
2025-07-30 03:12:28 DEBUG HomeLoanTest:76 - Extracted Cell: 
2025-07-30 03:12:28 DEBUG HomeLoanTest:76 - Extracted Cell: 
2025-07-30 03:12:28 DEBUG HomeLoanTest:76 - Extracted Cell: 
2025-07-30 03:12:28 DEBUG HomeLoanTest:76 - Extracted Cell: 
2025-07-30 03:12:28 DEBUG HomeLoanTest:76 - Extracted Cell: 
2025-07-30 03:12:28 DEBUG HomeLoanTest:76 - Extracted Cell: 
2025-07-30 03:12:28 DEBUG HomeLoanTest:76 - Extracted Cell: 
2025-07-30 03:12:28 DEBUG HomeLoanTest:76 - Extracted Cell: 
2025-07-30 03:12:28 DEBUG HomeLoanTest:76 - Extracted Cell: 
2025-07-30 03:12:28 DEBUG HomeLoanTest:76 - Extracted Cell: 
2025-07-30 03:12:28 DEBUG HomeLoanTest:76 - Extracted Cell: 
2025-07-30 03:12:28 DEBUG HomeLoanTest:76 - Extracted Cell: 
2025-07-30 03:12:28 DEBUG HomeLoanTest:76 - Extracted Cell: 
2025-07-30 03:12:29 DEBUG HomeLoanTest:76 - Extracted Cell: 
2025-07-30 03:12:29 DEBUG HomeLoanTest:76 - Extracted Cell: 
2025-07-30 03:12:29 DEBUG HomeLoanTest:76 - Extracted Cell: 
2025-07-30 03:12:29 DEBUG HomeLoanTest:76 - Extracted Cell: 
2025-07-30 03:12:29 DEBUG HomeLoanTest:76 - Extracted Cell: 
2025-07-30 03:12:29 DEBUG HomeLoanTest:76 - Extracted Cell: 
2025-07-30 03:12:29 DEBUG HomeLoanTest:76 - Extracted Cell: 
2025-07-30 03:12:29 DEBUG HomeLoanTest:76 - Extracted Cell: 
2025-07-30 03:12:29 DEBUG HomeLoanTest:76 - Extracted Cell: 
2025-07-30 03:12:29 DEBUG HomeLoanTest:76 - Extracted Cell: 
2025-07-30 03:12:29 DEBUG HomeLoanTest:76 - Extracted Cell: 
2025-07-30 03:12:29 DEBUG HomeLoanTest:76 - Extracted Cell: 
2025-07-30 03:12:29 DEBUG HomeLoanTest:76 - Extracted Cell: 
2025-07-30 03:12:29 DEBUG HomeLoanTest:76 - Extracted Cell: 
2025-07-30 03:12:29 DEBUG HomeLoanTest:76 - Extracted Cell: 
2025-07-30 03:12:29 DEBUG HomeLoanTest:76 - Extracted Cell: 
2025-07-30 03:12:29 DEBUG HomeLoanTest:76 - Extracted Cell: 
2025-07-30 03:12:29 DEBUG HomeLoanTest:76 - Extracted Cell: 
2025-07-30 03:12:29 DEBUG HomeLoanTest:76 - Extracted Cell: 
2025-07-30 03:12:29 DEBUG HomeLoanTest:76 - Extracted Cell: 
2025-07-30 03:12:29 DEBUG HomeLoanTest:76 - Extracted Cell: 
2025-07-30 03:12:29 DEBUG HomeLoanTest:76 - Extracted Cell: 
2025-07-30 03:12:29 DEBUG HomeLoanTest:76 - Extracted Cell: 
2025-07-30 03:12:29 DEBUG HomeLoanTest:76 - Extracted Cell: 
2025-07-30 03:12:29 DEBUG HomeLoanTest:76 - Extracted Cell: 
2025-07-30 03:12:29 DEBUG HomeLoanTest:76 - Extracted Cell: 
2025-07-30 03:12:29 DEBUG HomeLoanTest:76 - Extracted Cell: 
2025-07-30 03:12:29 DEBUG HomeLoanTest:76 - Extracted Cell: 
2025-07-30 03:12:29 DEBUG HomeLoanTest:76 - Extracted Cell: 
2025-07-30 03:12:29 DEBUG HomeLoanTest:76 - Extracted Cell: 
2025-07-30 03:12:29 DEBUG HomeLoanTest:76 - Extracted Cell: 
2025-07-30 03:12:29 DEBUG HomeLoanTest:76 - Extracted Cell: 
2025-07-30 03:12:29 DEBUG HomeLoanTest:76 - Extracted Cell: 
2025-07-30 03:12:29 DEBUG HomeLoanTest:76 - Extracted Cell: 
2025-07-30 03:12:29 DEBUG HomeLoanTest:76 - Extracted Cell: 
2025-07-30 03:12:29 DEBUG HomeLoanTest:76 - Extracted Cell: 
2025-07-30 03:12:29 DEBUG HomeLoanTest:76 - Extracted Cell: 
2025-07-30 03:12:29 DEBUG HomeLoanTest:76 - Extracted Cell: 
2025-07-30 03:12:29 DEBUG HomeLoanTest:76 - Extracted Cell: 
2025-07-30 03:12:29 DEBUG HomeLoanTest:76 - Extracted Cell: 
2025-07-30 03:12:29 DEBUG HomeLoanTest:76 - Extracted Cell: 
2025-07-30 03:12:29 DEBUG HomeLoanTest:76 - Extracted Cell: 
2025-07-30 03:12:29 DEBUG HomeLoanTest:76 - Extracted Cell: 
2025-07-30 03:12:29 DEBUG HomeLoanTest:76 - Extracted Cell: 
2025-07-30 03:12:29 DEBUG HomeLoanTest:76 - Extracted Cell: 
2025-07-30 03:12:29 DEBUG HomeLoanTest:76 - Extracted Cell: 
2025-07-30 03:12:29 DEBUG HomeLoanTest:76 - Extracted Cell: 
2025-07-30 03:12:29 DEBUG HomeLoanTest:76 - Extracted Cell: 
2025-07-30 03:12:29 DEBUG HomeLoanTest:76 - Extracted Cell: 
2025-07-30 03:12:29 DEBUG HomeLoanTest:76 - Extracted Cell: 
2025-07-30 03:12:29 DEBUG HomeLoanTest:76 - Extracted Cell: 
2025-07-30 03:12:29 DEBUG HomeLoanTest:76 - Extracted Cell: 
2025-07-30 03:12:29 DEBUG HomeLoanTest:76 - Extracted Cell: 
2025-07-30 03:12:29 DEBUG HomeLoanTest:76 - Extracted Cell: 
2025-07-30 03:12:29 DEBUG HomeLoanTest:76 - Extracted Cell: 
2025-07-30 03:12:29 DEBUG HomeLoanTest:76 - Extracted Cell: 
2025-07-30 03:12:29 DEBUG HomeLoanTest:76 - Extracted Cell: 
2025-07-30 03:12:29 DEBUG HomeLoanTest:76 - Extracted Cell: 
2025-07-30 03:12:29 DEBUG HomeLoanTest:76 - Extracted Cell: 
2025-07-30 03:12:29 DEBUG HomeLoanTest:76 - Extracted Cell: 
2025-07-30 03:12:29 DEBUG HomeLoanTest:76 - Extracted Cell: 
2025-07-30 03:12:29 DEBUG HomeLoanTest:76 - Extracted Cell: 
2025-07-30 03:12:29 DEBUG HomeLoanTest:76 - Extracted Cell: 
2025-07-30 03:12:29 DEBUG HomeLoanTest:76 - Extracted Cell: 
2025-07-30 03:12:29 DEBUG HomeLoanTest:76 - Extracted Cell: 
2025-07-30 03:12:29 DEBUG HomeLoanTest:76 - Extracted Cell: 
2025-07-30 03:12:29 DEBUG HomeLoanTest:76 - Extracted Cell: 
2025-07-30 03:12:29 DEBUG HomeLoanTest:76 - Extracted Cell: 
2025-07-30 03:12:29 DEBUG HomeLoanTest:76 - Extracted Cell: 
2025-07-30 03:12:29 DEBUG HomeLoanTest:76 - Extracted Cell: 
2025-07-30 03:12:29 DEBUG HomeLoanTest:76 - Extracted Cell: 
2025-07-30 03:12:30 DEBUG HomeLoanTest:76 - Extracted Cell: 
2025-07-30 03:12:30 DEBUG HomeLoanTest:76 - Extracted Cell: 
2025-07-30 03:12:30 DEBUG HomeLoanTest:76 - Extracted Cell: 
2025-07-30 03:12:30 DEBUG HomeLoanTest:76 - Extracted Cell: 
2025-07-30 03:12:30 DEBUG HomeLoanTest:76 - Extracted Cell: 
2025-07-30 03:12:30 DEBUG HomeLoanTest:76 - Extracted Cell: 
2025-07-30 03:12:30 DEBUG HomeLoanTest:76 - Extracted Cell: 
2025-07-30 03:12:30 DEBUG HomeLoanTest:76 - Extracted Cell: 
2025-07-30 03:12:30 DEBUG HomeLoanTest:76 - Extracted Cell: 
2025-07-30 03:12:30 DEBUG HomeLoanTest:76 - Extracted Cell: 
2025-07-30 03:12:30 DEBUG HomeLoanTest:76 - Extracted Cell: 
2025-07-30 03:12:30 DEBUG HomeLoanTest:76 - Extracted Cell: 
2025-07-30 03:12:30 DEBUG HomeLoanTest:76 - Extracted Cell: 
2025-07-30 03:12:30 DEBUG HomeLoanTest:76 - Extracted Cell: 
2025-07-30 03:12:30 DEBUG HomeLoanTest:76 - Extracted Cell: 
2025-07-30 03:12:30 DEBUG HomeLoanTest:76 - Extracted Cell: 
2025-07-30 03:12:30 DEBUG HomeLoanTest:76 - Extracted Cell: 
2025-07-30 03:12:30 DEBUG HomeLoanTest:76 - Extracted Cell: 
2025-07-30 03:12:30 DEBUG HomeLoanTest:76 - Extracted Cell: 
2025-07-30 03:12:30 DEBUG HomeLoanTest:76 - Extracted Cell: 
2025-07-30 03:12:30 DEBUG HomeLoanTest:76 - Extracted Cell: 
2025-07-30 03:12:30 DEBUG HomeLoanTest:76 - Extracted Cell: 
2025-07-30 03:12:30 DEBUG HomeLoanTest:76 - Extracted Cell: 
2025-07-30 03:12:30 DEBUG HomeLoanTest:76 - Extracted Cell: 
2025-07-30 03:12:30 DEBUG HomeLoanTest:76 - Extracted Cell: 
2025-07-30 03:12:30 DEBUG HomeLoanTest:76 - Extracted Cell: 
2025-07-30 03:12:30 DEBUG HomeLoanTest:76 - Extracted Cell: 
2025-07-30 03:12:30 DEBUG HomeLoanTest:76 - Extracted Cell: 
2025-07-30 03:12:30 DEBUG HomeLoanTest:76 - Extracted Cell: 
2025-07-30 03:12:30 DEBUG HomeLoanTest:76 - Extracted Cell: 
2025-07-30 03:12:30 DEBUG HomeLoanTest:76 - Extracted Cell: 
2025-07-30 03:12:30 DEBUG HomeLoanTest:76 - Extracted Cell: 
2025-07-30 03:12:30 DEBUG HomeLoanTest:76 - Extracted Cell: 
2025-07-30 03:12:30 DEBUG HomeLoanTest:76 - Extracted Cell: 
2025-07-30 03:12:30 DEBUG HomeLoanTest:76 - Extracted Cell: 
2025-07-30 03:12:30 DEBUG HomeLoanTest:76 - Extracted Cell: 
2025-07-30 03:12:30 DEBUG HomeLoanTest:76 - Extracted Cell: 
2025-07-30 03:12:30 DEBUG HomeLoanTest:76 - Extracted Cell: 
2025-07-30 03:12:30 DEBUG HomeLoanTest:76 - Extracted Cell: 
2025-07-30 03:12:30 DEBUG HomeLoanTest:76 - Extracted Cell: 
2025-07-30 03:12:30 DEBUG HomeLoanTest:76 - Extracted Cell: 
2025-07-30 03:12:30 DEBUG HomeLoanTest:76 - Extracted Cell: 
2025-07-30 03:12:30 DEBUG HomeLoanTest:76 - Extracted Cell: 
2025-07-30 03:12:30 DEBUG HomeLoanTest:76 - Extracted Cell: 
2025-07-30 03:12:31 DEBUG HomeLoanTest:76 - Extracted Cell: 
2025-07-30 03:12:31 DEBUG HomeLoanTest:76 - Extracted Cell: 
2025-07-30 03:12:31 DEBUG HomeLoanTest:76 - Extracted Cell: 
2025-07-30 03:12:31 DEBUG HomeLoanTest:76 - Extracted Cell: 
2025-07-30 03:12:31 DEBUG HomeLoanTest:76 - Extracted Cell: 
2025-07-30 03:12:31 DEBUG HomeLoanTest:76 - Extracted Cell: 
2025-07-30 03:12:31 DEBUG HomeLoanTest:76 - Extracted Cell: 
2025-07-30 03:12:31 DEBUG HomeLoanTest:76 - Extracted Cell: 
2025-07-30 03:12:31 DEBUG HomeLoanTest:76 - Extracted Cell: 
2025-07-30 03:12:31 DEBUG HomeLoanTest:76 - Extracted Cell: 
2025-07-30 03:12:31 DEBUG HomeLoanTest:76 - Extracted Cell: 
2025-07-30 03:12:31 DEBUG HomeLoanTest:76 - Extracted Cell: 
2025-07-30 03:12:31 DEBUG HomeLoanTest:76 - Extracted Cell: 
2025-07-30 03:12:31 DEBUG HomeLoanTest:76 - Extracted Cell: 
2025-07-30 03:12:31 DEBUG HomeLoanTest:76 - Extracted Cell: 
2025-07-30 03:12:31 DEBUG HomeLoanTest:76 - Extracted Cell: 
2025-07-30 03:12:31 DEBUG HomeLoanTest:76 - Extracted Cell: 
2025-07-30 03:12:31 DEBUG HomeLoanTest:76 - Extracted Cell: 
2025-07-30 03:12:31 DEBUG HomeLoanTest:76 - Extracted Cell: 
2025-07-30 03:12:31 DEBUG HomeLoanTest:76 - Extracted Cell: 
2025-07-30 03:12:31 DEBUG HomeLoanTest:76 - Extracted Cell: 
2025-07-30 03:12:31 DEBUG HomeLoanTest:76 - Extracted Cell: 
2025-07-30 03:12:31 DEBUG HomeLoanTest:76 - Extracted Cell: 
2025-07-30 03:12:31 DEBUG HomeLoanTest:76 - Extracted Cell: 
2025-07-30 03:12:31 DEBUG HomeLoanTest:76 - Extracted Cell: 
2025-07-30 03:12:31 DEBUG HomeLoanTest:76 - Extracted Cell: 
2025-07-30 03:12:31 DEBUG HomeLoanTest:76 - Extracted Cell: 
2025-07-30 03:12:31 DEBUG HomeLoanTest:76 - Extracted Cell: 
2025-07-30 03:12:31 DEBUG HomeLoanTest:76 - Extracted Cell: 
2025-07-30 03:12:31 DEBUG HomeLoanTest:76 - Extracted Cell: 
2025-07-30 03:12:31 DEBUG HomeLoanTest:76 - Extracted Cell: 
2025-07-30 03:12:31 DEBUG HomeLoanTest:76 - Extracted Cell: 
2025-07-30 03:12:31 DEBUG HomeLoanTest:76 - Extracted Cell: 
2025-07-30 03:12:31 DEBUG HomeLoanTest:76 - Extracted Cell: 
2025-07-30 03:12:31 DEBUG HomeLoanTest:76 - Extracted Cell: 
2025-07-30 03:12:31 DEBUG HomeLoanTest:76 - Extracted Cell: 
2025-07-30 03:12:31 DEBUG HomeLoanTest:76 - Extracted Cell: 2038
2025-07-30 03:12:31 DEBUG HomeLoanTest:76 - Extracted Cell: ₹ 42,982
2025-07-30 03:12:31 DEBUG HomeLoanTest:76 - Extracted Cell: ₹ 7,077
2025-07-30 03:12:31 DEBUG HomeLoanTest:76 - Extracted Cell: ₹ 3,00,30,250
2025-07-30 03:12:31 DEBUG HomeLoanTest:76 - Extracted Cell: ₹ 3,00,80,309
2025-07-30 03:12:31 DEBUG HomeLoanTest:76 - Extracted Cell: ₹ 70,809
2025-07-30 03:12:31 DEBUG HomeLoanTest:76 - Extracted Cell: 84.26%
2025-07-30 03:12:31 DEBUG HomeLoanTest:76 - Extracted Cell: 
2025-07-30 03:12:32 DEBUG HomeLoanTest:76 - Extracted Cell: 
2025-07-30 03:12:32 DEBUG HomeLoanTest:76 - Extracted Cell: 
2025-07-30 03:12:32 DEBUG HomeLoanTest:76 - Extracted Cell: 
2025-07-30 03:12:32 DEBUG HomeLoanTest:76 - Extracted Cell: 
2025-07-30 03:12:32 DEBUG HomeLoanTest:76 - Extracted Cell: 
2025-07-30 03:12:32 DEBUG HomeLoanTest:76 - Extracted Cell: 
2025-07-30 03:12:32 DEBUG HomeLoanTest:76 - Extracted Cell: 
2025-07-30 03:12:32 DEBUG HomeLoanTest:76 - Extracted Cell: 
2025-07-30 03:12:32 DEBUG HomeLoanTest:76 - Extracted Cell: 
2025-07-30 03:12:32 DEBUG HomeLoanTest:76 - Extracted Cell: 
2025-07-30 03:12:32 DEBUG HomeLoanTest:76 - Extracted Cell: 
2025-07-30 03:12:32 DEBUG HomeLoanTest:76 - Extracted Cell: 
2025-07-30 03:12:32 DEBUG HomeLoanTest:76 - Extracted Cell: 
2025-07-30 03:12:32 DEBUG HomeLoanTest:76 - Extracted Cell: 
2025-07-30 03:12:32 DEBUG HomeLoanTest:76 - Extracted Cell: 
2025-07-30 03:12:32 DEBUG HomeLoanTest:76 - Extracted Cell: 
2025-07-30 03:12:32 DEBUG HomeLoanTest:76 - Extracted Cell: 
2025-07-30 03:12:32 DEBUG HomeLoanTest:76 - Extracted Cell: 
2025-07-30 03:12:32 DEBUG HomeLoanTest:76 - Extracted Cell: 
2025-07-30 03:12:32 DEBUG HomeLoanTest:76 - Extracted Cell: 
2025-07-30 03:12:32 DEBUG HomeLoanTest:76 - Extracted Cell: 
2025-07-30 03:12:32 DEBUG HomeLoanTest:76 - Extracted Cell: 
2025-07-30 03:12:32 DEBUG HomeLoanTest:76 - Extracted Cell: 
2025-07-30 03:12:32 DEBUG HomeLoanTest:76 - Extracted Cell: 
2025-07-30 03:12:32 DEBUG HomeLoanTest:76 - Extracted Cell: 
2025-07-30 03:12:32 DEBUG HomeLoanTest:76 - Extracted Cell: 
2025-07-30 03:12:32 DEBUG HomeLoanTest:76 - Extracted Cell: 
2025-07-30 03:12:32 DEBUG HomeLoanTest:76 - Extracted Cell: 
2025-07-30 03:12:32 DEBUG HomeLoanTest:76 - Extracted Cell: 
2025-07-30 03:12:32 DEBUG HomeLoanTest:76 - Extracted Cell: 
2025-07-30 03:12:32 DEBUG HomeLoanTest:76 - Extracted Cell: 
2025-07-30 03:12:32 DEBUG HomeLoanTest:76 - Extracted Cell: 
2025-07-30 03:12:32 DEBUG HomeLoanTest:76 - Extracted Cell: 
2025-07-30 03:12:32 DEBUG HomeLoanTest:76 - Extracted Cell: 
2025-07-30 03:12:32 DEBUG HomeLoanTest:76 - Extracted Cell: 
2025-07-30 03:12:32 DEBUG HomeLoanTest:76 - Extracted Cell: 
2025-07-30 03:12:32 DEBUG HomeLoanTest:76 - Extracted Cell: 
2025-07-30 03:12:32 DEBUG HomeLoanTest:76 - Extracted Cell: 
2025-07-30 03:12:32 DEBUG HomeLoanTest:76 - Extracted Cell: 
2025-07-30 03:12:32 DEBUG HomeLoanTest:76 - Extracted Cell: 
2025-07-30 03:12:32 DEBUG HomeLoanTest:76 - Extracted Cell: 
2025-07-30 03:12:32 DEBUG HomeLoanTest:76 - Extracted Cell: 
2025-07-30 03:12:32 DEBUG HomeLoanTest:76 - Extracted Cell: 
2025-07-30 03:12:32 DEBUG HomeLoanTest:76 - Extracted Cell: 
2025-07-30 03:12:32 DEBUG HomeLoanTest:76 - Extracted Cell: 
2025-07-30 03:12:32 DEBUG HomeLoanTest:76 - Extracted Cell: 
2025-07-30 03:12:32 DEBUG HomeLoanTest:76 - Extracted Cell: 
2025-07-30 03:12:32 DEBUG HomeLoanTest:76 - Extracted Cell: 
2025-07-30 03:12:32 DEBUG HomeLoanTest:76 - Extracted Cell: 
2025-07-30 03:12:32 DEBUG HomeLoanTest:76 - Extracted Cell: 
2025-07-30 03:12:32 DEBUG HomeLoanTest:76 - Extracted Cell: 
2025-07-30 03:12:32 DEBUG HomeLoanTest:76 - Extracted Cell: 
2025-07-30 03:12:32 DEBUG HomeLoanTest:76 - Extracted Cell: 
2025-07-30 03:12:32 DEBUG HomeLoanTest:76 - Extracted Cell: 
2025-07-30 03:12:32 DEBUG HomeLoanTest:76 - Extracted Cell: 
2025-07-30 03:12:32 DEBUG HomeLoanTest:76 - Extracted Cell: 
2025-07-30 03:12:32 DEBUG HomeLoanTest:76 - Extracted Cell: 
2025-07-30 03:12:32 DEBUG HomeLoanTest:76 - Extracted Cell: 
2025-07-30 03:12:32 DEBUG HomeLoanTest:76 - Extracted Cell: 
2025-07-30 03:12:32 DEBUG HomeLoanTest:76 - Extracted Cell: 
2025-07-30 03:12:32 DEBUG HomeLoanTest:76 - Extracted Cell: 
2025-07-30 03:12:32 DEBUG HomeLoanTest:76 - Extracted Cell: 
2025-07-30 03:12:32 DEBUG HomeLoanTest:76 - Extracted Cell: 
2025-07-30 03:12:32 DEBUG HomeLoanTest:76 - Extracted Cell: 
2025-07-30 03:12:32 DEBUG HomeLoanTest:76 - Extracted Cell: 
2025-07-30 03:12:32 DEBUG HomeLoanTest:76 - Extracted Cell: 
2025-07-30 03:12:32 DEBUG HomeLoanTest:76 - Extracted Cell: 
2025-07-30 03:12:32 DEBUG HomeLoanTest:76 - Extracted Cell: 
2025-07-30 03:12:33 DEBUG HomeLoanTest:76 - Extracted Cell: 
2025-07-30 03:12:33 DEBUG HomeLoanTest:76 - Extracted Cell: 
2025-07-30 03:12:33 DEBUG HomeLoanTest:76 - Extracted Cell: 
2025-07-30 03:12:33 DEBUG HomeLoanTest:76 - Extracted Cell: 
2025-07-30 03:12:33 DEBUG HomeLoanTest:76 - Extracted Cell: 
2025-07-30 03:12:33 DEBUG HomeLoanTest:76 - Extracted Cell: 
2025-07-30 03:12:33 DEBUG HomeLoanTest:76 - Extracted Cell: 
2025-07-30 03:12:33 DEBUG HomeLoanTest:76 - Extracted Cell: 
2025-07-30 03:12:33 DEBUG HomeLoanTest:76 - Extracted Cell: 
2025-07-30 03:12:33 DEBUG HomeLoanTest:76 - Extracted Cell: 
2025-07-30 03:12:33 DEBUG HomeLoanTest:76 - Extracted Cell: 
2025-07-30 03:12:33 DEBUG HomeLoanTest:76 - Extracted Cell: 
2025-07-30 03:12:33 DEBUG HomeLoanTest:76 - Extracted Cell: 
2025-07-30 03:12:33 DEBUG HomeLoanTest:76 - Extracted Cell: 
2025-07-30 03:12:33 DEBUG HomeLoanTest:76 - Extracted Cell: 
2025-07-30 03:12:33 DEBUG HomeLoanTest:76 - Extracted Cell: 
2025-07-30 03:12:33 DEBUG HomeLoanTest:76 - Extracted Cell: 
2025-07-30 03:12:33 DEBUG HomeLoanTest:76 - Extracted Cell: 
2025-07-30 03:12:33 DEBUG HomeLoanTest:76 - Extracted Cell: 
2025-07-30 03:12:33 DEBUG HomeLoanTest:76 - Extracted Cell: 
2025-07-30 03:12:33 DEBUG HomeLoanTest:76 - Extracted Cell: 
2025-07-30 03:12:33 DEBUG HomeLoanTest:76 - Extracted Cell: 
2025-07-30 03:12:33 DEBUG HomeLoanTest:76 - Extracted Cell: 
2025-07-30 03:12:33 DEBUG HomeLoanTest:76 - Extracted Cell: 
2025-07-30 03:12:33 DEBUG HomeLoanTest:76 - Extracted Cell: 
2025-07-30 03:12:33 DEBUG HomeLoanTest:76 - Extracted Cell: 
2025-07-30 03:12:33 DEBUG HomeLoanTest:76 - Extracted Cell: 
2025-07-30 03:12:33 DEBUG HomeLoanTest:76 - Extracted Cell: 
2025-07-30 03:12:33 DEBUG HomeLoanTest:76 - Extracted Cell: 
2025-07-30 03:12:33 DEBUG HomeLoanTest:76 - Extracted Cell: 
2025-07-30 03:12:33 DEBUG HomeLoanTest:76 - Extracted Cell: 
2025-07-30 03:12:33 DEBUG HomeLoanTest:76 - Extracted Cell: 
2025-07-30 03:12:33 DEBUG HomeLoanTest:76 - Extracted Cell: 
2025-07-30 03:12:33 DEBUG HomeLoanTest:76 - Extracted Cell: 
2025-07-30 03:12:33 DEBUG HomeLoanTest:76 - Extracted Cell: 
2025-07-30 03:12:33 DEBUG HomeLoanTest:76 - Extracted Cell: 
2025-07-30 03:12:33 DEBUG HomeLoanTest:76 - Extracted Cell: 
2025-07-30 03:12:33 DEBUG HomeLoanTest:76 - Extracted Cell: 
2025-07-30 03:12:33 DEBUG HomeLoanTest:76 - Extracted Cell: 
2025-07-30 03:12:33 DEBUG HomeLoanTest:76 - Extracted Cell: 
2025-07-30 03:12:33 DEBUG HomeLoanTest:76 - Extracted Cell: 
2025-07-30 03:12:33 DEBUG HomeLoanTest:76 - Extracted Cell: 
2025-07-30 03:12:33 DEBUG HomeLoanTest:76 - Extracted Cell: 
2025-07-30 03:12:33 DEBUG HomeLoanTest:76 - Extracted Cell: 
2025-07-30 03:12:34 DEBUG HomeLoanTest:76 - Extracted Cell: 
2025-07-30 03:12:34 DEBUG HomeLoanTest:76 - Extracted Cell: 
2025-07-30 03:12:34 DEBUG HomeLoanTest:76 - Extracted Cell: 
2025-07-30 03:12:34 DEBUG HomeLoanTest:76 - Extracted Cell: 
2025-07-30 03:12:34 DEBUG HomeLoanTest:76 - Extracted Cell: 
2025-07-30 03:12:34 DEBUG HomeLoanTest:76 - Extracted Cell: 
2025-07-30 03:12:34 DEBUG HomeLoanTest:76 - Extracted Cell: 
2025-07-30 03:12:34 DEBUG HomeLoanTest:76 - Extracted Cell: 
2025-07-30 03:12:34 DEBUG HomeLoanTest:76 - Extracted Cell: 
2025-07-30 03:12:34 DEBUG HomeLoanTest:76 - Extracted Cell: 
2025-07-30 03:12:34 DEBUG HomeLoanTest:76 - Extracted Cell: 
2025-07-30 03:12:34 DEBUG HomeLoanTest:76 - Extracted Cell: 
2025-07-30 03:12:34 DEBUG HomeLoanTest:76 - Extracted Cell: 
2025-07-30 03:12:34 DEBUG HomeLoanTest:76 - Extracted Cell: 
2025-07-30 03:12:34 DEBUG HomeLoanTest:76 - Extracted Cell: 
2025-07-30 03:12:34 DEBUG HomeLoanTest:76 - Extracted Cell: 
2025-07-30 03:12:34 DEBUG HomeLoanTest:76 - Extracted Cell: 
2025-07-30 03:12:34 DEBUG HomeLoanTest:76 - Extracted Cell: 
2025-07-30 03:12:34 DEBUG HomeLoanTest:76 - Extracted Cell: 
2025-07-30 03:12:34 DEBUG HomeLoanTest:76 - Extracted Cell: 
2025-07-30 03:12:34 DEBUG HomeLoanTest:76 - Extracted Cell: 
2025-07-30 03:12:34 DEBUG HomeLoanTest:76 - Extracted Cell: 
2025-07-30 03:12:34 DEBUG HomeLoanTest:76 - Extracted Cell: 
2025-07-30 03:12:34 DEBUG HomeLoanTest:76 - Extracted Cell: 
2025-07-30 03:12:34 DEBUG HomeLoanTest:76 - Extracted Cell: 
2025-07-30 03:12:34 DEBUG HomeLoanTest:76 - Extracted Cell: 
2025-07-30 03:12:34 DEBUG HomeLoanTest:76 - Extracted Cell: 
2025-07-30 03:12:34 DEBUG HomeLoanTest:76 - Extracted Cell: 
2025-07-30 03:12:34 DEBUG HomeLoanTest:76 - Extracted Cell: 
2025-07-30 03:12:34 DEBUG HomeLoanTest:76 - Extracted Cell: 
2025-07-30 03:12:34 DEBUG HomeLoanTest:76 - Extracted Cell: 
2025-07-30 03:12:34 DEBUG HomeLoanTest:76 - Extracted Cell: 
2025-07-30 03:12:34 DEBUG HomeLoanTest:76 - Extracted Cell: 
2025-07-30 03:12:34 DEBUG HomeLoanTest:76 - Extracted Cell: 
2025-07-30 03:12:34 DEBUG HomeLoanTest:76 - Extracted Cell: 
2025-07-30 03:12:34 DEBUG HomeLoanTest:76 - Extracted Cell: 
2025-07-30 03:12:34 DEBUG HomeLoanTest:76 - Extracted Cell: 
2025-07-30 03:12:34 DEBUG HomeLoanTest:76 - Extracted Cell: 
2025-07-30 03:12:34 DEBUG HomeLoanTest:76 - Extracted Cell: 
2025-07-30 03:12:34 DEBUG HomeLoanTest:76 - Extracted Cell: 
2025-07-30 03:12:34 DEBUG HomeLoanTest:76 - Extracted Cell: 
2025-07-30 03:12:34 DEBUG HomeLoanTest:76 - Extracted Cell: 
2025-07-30 03:12:34 DEBUG HomeLoanTest:76 - Extracted Cell: 
2025-07-30 03:12:34 DEBUG HomeLoanTest:76 - Extracted Cell: 
2025-07-30 03:12:35 DEBUG HomeLoanTest:76 - Extracted Cell: 
2025-07-30 03:12:35 DEBUG HomeLoanTest:76 - Extracted Cell: 
2025-07-30 03:12:35 DEBUG HomeLoanTest:76 - Extracted Cell: 
2025-07-30 03:12:35 DEBUG HomeLoanTest:76 - Extracted Cell: 
2025-07-30 03:12:35 DEBUG HomeLoanTest:76 - Extracted Cell: 
2025-07-30 03:12:35 DEBUG HomeLoanTest:76 - Extracted Cell: 
2025-07-30 03:12:35 DEBUG HomeLoanTest:76 - Extracted Cell: 
2025-07-30 03:12:35 DEBUG HomeLoanTest:76 - Extracted Cell: 
2025-07-30 03:12:35 DEBUG HomeLoanTest:76 - Extracted Cell: 
2025-07-30 03:12:35 DEBUG HomeLoanTest:76 - Extracted Cell: 
2025-07-30 03:12:35 DEBUG HomeLoanTest:76 - Extracted Cell: 
2025-07-30 03:12:35 DEBUG HomeLoanTest:76 - Extracted Cell: 
2025-07-30 03:12:35 DEBUG HomeLoanTest:76 - Extracted Cell: 2039
2025-07-30 03:12:35 DEBUG HomeLoanTest:76 - Extracted Cell: ₹ 46,319
2025-07-30 03:12:35 DEBUG HomeLoanTest:76 - Extracted Cell: ₹ 3,740
2025-07-30 03:12:35 DEBUG HomeLoanTest:76 - Extracted Cell: ₹ 3,00,30,250
2025-07-30 03:12:35 DEBUG HomeLoanTest:76 - Extracted Cell: ₹ 3,00,80,309
2025-07-30 03:12:35 DEBUG HomeLoanTest:76 - Extracted Cell: ₹ 24,491
2025-07-30 03:12:35 DEBUG HomeLoanTest:76 - Extracted Cell: 94.56%
2025-07-30 03:12:35 DEBUG HomeLoanTest:76 - Extracted Cell: 
2025-07-30 03:12:35 DEBUG HomeLoanTest:76 - Extracted Cell: 
2025-07-30 03:12:35 DEBUG HomeLoanTest:76 - Extracted Cell: 
2025-07-30 03:12:35 DEBUG HomeLoanTest:76 - Extracted Cell: 
2025-07-30 03:12:35 DEBUG HomeLoanTest:76 - Extracted Cell: 
2025-07-30 03:12:35 DEBUG HomeLoanTest:76 - Extracted Cell: 
2025-07-30 03:12:35 DEBUG HomeLoanTest:76 - Extracted Cell: 
2025-07-30 03:12:35 DEBUG HomeLoanTest:76 - Extracted Cell: 
2025-07-30 03:12:35 DEBUG HomeLoanTest:76 - Extracted Cell: 
2025-07-30 03:12:35 DEBUG HomeLoanTest:76 - Extracted Cell: 
2025-07-30 03:12:35 DEBUG HomeLoanTest:76 - Extracted Cell: 
2025-07-30 03:12:35 DEBUG HomeLoanTest:76 - Extracted Cell: 
2025-07-30 03:12:35 DEBUG HomeLoanTest:76 - Extracted Cell: 
2025-07-30 03:12:35 DEBUG HomeLoanTest:76 - Extracted Cell: 
2025-07-30 03:12:35 DEBUG HomeLoanTest:76 - Extracted Cell: 
2025-07-30 03:12:35 DEBUG HomeLoanTest:76 - Extracted Cell: 
2025-07-30 03:12:35 DEBUG HomeLoanTest:76 - Extracted Cell: 
2025-07-30 03:12:35 DEBUG HomeLoanTest:76 - Extracted Cell: 
2025-07-30 03:12:35 DEBUG HomeLoanTest:76 - Extracted Cell: 
2025-07-30 03:12:35 DEBUG HomeLoanTest:76 - Extracted Cell: 
2025-07-30 03:12:35 DEBUG HomeLoanTest:76 - Extracted Cell: 
2025-07-30 03:12:35 DEBUG HomeLoanTest:76 - Extracted Cell: 
2025-07-30 03:12:35 DEBUG HomeLoanTest:76 - Extracted Cell: 
2025-07-30 03:12:35 DEBUG HomeLoanTest:76 - Extracted Cell: 
2025-07-30 03:12:35 DEBUG HomeLoanTest:76 - Extracted Cell: 
2025-07-30 03:12:35 DEBUG HomeLoanTest:76 - Extracted Cell: 
2025-07-30 03:12:35 DEBUG HomeLoanTest:76 - Extracted Cell: 
2025-07-30 03:12:35 DEBUG HomeLoanTest:76 - Extracted Cell: 
2025-07-30 03:12:35 DEBUG HomeLoanTest:76 - Extracted Cell: 
2025-07-30 03:12:35 DEBUG HomeLoanTest:76 - Extracted Cell: 
2025-07-30 03:12:35 DEBUG HomeLoanTest:76 - Extracted Cell: 
2025-07-30 03:12:35 DEBUG HomeLoanTest:76 - Extracted Cell: 
2025-07-30 03:12:35 DEBUG HomeLoanTest:76 - Extracted Cell: 
2025-07-30 03:12:35 DEBUG HomeLoanTest:76 - Extracted Cell: 
2025-07-30 03:12:35 DEBUG HomeLoanTest:76 - Extracted Cell: 
2025-07-30 03:12:35 DEBUG HomeLoanTest:76 - Extracted Cell: 
2025-07-30 03:12:35 DEBUG HomeLoanTest:76 - Extracted Cell: 
2025-07-30 03:12:35 DEBUG HomeLoanTest:76 - Extracted Cell: 
2025-07-30 03:12:35 DEBUG HomeLoanTest:76 - Extracted Cell: 
2025-07-30 03:12:35 DEBUG HomeLoanTest:76 - Extracted Cell: 
2025-07-30 03:12:35 DEBUG HomeLoanTest:76 - Extracted Cell: 
2025-07-30 03:12:35 DEBUG HomeLoanTest:76 - Extracted Cell: 
2025-07-30 03:12:36 DEBUG HomeLoanTest:76 - Extracted Cell: 
2025-07-30 03:12:36 DEBUG HomeLoanTest:76 - Extracted Cell: 
2025-07-30 03:12:36 DEBUG HomeLoanTest:76 - Extracted Cell: 
2025-07-30 03:12:36 DEBUG HomeLoanTest:76 - Extracted Cell: 
2025-07-30 03:12:36 DEBUG HomeLoanTest:76 - Extracted Cell: 
2025-07-30 03:12:36 DEBUG HomeLoanTest:76 - Extracted Cell: 
2025-07-30 03:12:36 DEBUG HomeLoanTest:76 - Extracted Cell: 
2025-07-30 03:12:36 DEBUG HomeLoanTest:76 - Extracted Cell: 
2025-07-30 03:12:36 DEBUG HomeLoanTest:76 - Extracted Cell: 
2025-07-30 03:12:36 DEBUG HomeLoanTest:76 - Extracted Cell: 
2025-07-30 03:12:36 DEBUG HomeLoanTest:76 - Extracted Cell: 
2025-07-30 03:12:36 DEBUG HomeLoanTest:76 - Extracted Cell: 
2025-07-30 03:12:36 DEBUG HomeLoanTest:76 - Extracted Cell: 
2025-07-30 03:12:36 DEBUG HomeLoanTest:76 - Extracted Cell: 
2025-07-30 03:12:36 DEBUG HomeLoanTest:76 - Extracted Cell: 
2025-07-30 03:12:36 DEBUG HomeLoanTest:76 - Extracted Cell: 
2025-07-30 03:12:36 DEBUG HomeLoanTest:76 - Extracted Cell: 
2025-07-30 03:12:36 DEBUG HomeLoanTest:76 - Extracted Cell: 
2025-07-30 03:12:36 DEBUG HomeLoanTest:76 - Extracted Cell: 
2025-07-30 03:12:36 DEBUG HomeLoanTest:76 - Extracted Cell: 
2025-07-30 03:12:36 DEBUG HomeLoanTest:76 - Extracted Cell: 
2025-07-30 03:12:36 DEBUG HomeLoanTest:76 - Extracted Cell: 
2025-07-30 03:12:36 DEBUG HomeLoanTest:76 - Extracted Cell: 
2025-07-30 03:12:36 DEBUG HomeLoanTest:76 - Extracted Cell: 
2025-07-30 03:12:36 DEBUG HomeLoanTest:76 - Extracted Cell: 
2025-07-30 03:12:36 DEBUG HomeLoanTest:76 - Extracted Cell: 
2025-07-30 03:12:36 DEBUG HomeLoanTest:76 - Extracted Cell: 
2025-07-30 03:12:36 DEBUG HomeLoanTest:76 - Extracted Cell: 
2025-07-30 03:12:36 DEBUG HomeLoanTest:76 - Extracted Cell: 
2025-07-30 03:12:36 DEBUG HomeLoanTest:76 - Extracted Cell: 
2025-07-30 03:12:36 DEBUG HomeLoanTest:76 - Extracted Cell: 
2025-07-30 03:12:36 DEBUG HomeLoanTest:76 - Extracted Cell: 
2025-07-30 03:12:36 DEBUG HomeLoanTest:76 - Extracted Cell: 
2025-07-30 03:12:36 DEBUG HomeLoanTest:76 - Extracted Cell: 
2025-07-30 03:12:36 DEBUG HomeLoanTest:76 - Extracted Cell: 
2025-07-30 03:12:36 DEBUG HomeLoanTest:76 - Extracted Cell: 
2025-07-30 03:12:36 DEBUG HomeLoanTest:76 - Extracted Cell: 
2025-07-30 03:12:36 DEBUG HomeLoanTest:76 - Extracted Cell: 
2025-07-30 03:12:36 DEBUG HomeLoanTest:76 - Extracted Cell: 
2025-07-30 03:12:36 DEBUG HomeLoanTest:76 - Extracted Cell: 
2025-07-30 03:12:36 DEBUG HomeLoanTest:76 - Extracted Cell: 
2025-07-30 03:12:36 DEBUG HomeLoanTest:76 - Extracted Cell: 
2025-07-30 03:12:36 DEBUG HomeLoanTest:76 - Extracted Cell: 
2025-07-30 03:12:36 DEBUG HomeLoanTest:76 - Extracted Cell: 
2025-07-30 03:12:36 DEBUG HomeLoanTest:76 - Extracted Cell: 
2025-07-30 03:12:36 DEBUG HomeLoanTest:76 - Extracted Cell: 
2025-07-30 03:12:36 DEBUG HomeLoanTest:76 - Extracted Cell: 
2025-07-30 03:12:36 DEBUG HomeLoanTest:76 - Extracted Cell: 
2025-07-30 03:12:36 DEBUG HomeLoanTest:76 - Extracted Cell: 
2025-07-30 03:12:36 DEBUG HomeLoanTest:76 - Extracted Cell: 
2025-07-30 03:12:36 DEBUG HomeLoanTest:76 - Extracted Cell: 
2025-07-30 03:12:36 DEBUG HomeLoanTest:76 - Extracted Cell: 
2025-07-30 03:12:36 DEBUG HomeLoanTest:76 - Extracted Cell: 
2025-07-30 03:12:36 DEBUG HomeLoanTest:76 - Extracted Cell: 
2025-07-30 03:12:36 DEBUG HomeLoanTest:76 - Extracted Cell: 
2025-07-30 03:12:36 DEBUG HomeLoanTest:76 - Extracted Cell: 
2025-07-30 03:12:36 DEBUG HomeLoanTest:76 - Extracted Cell: 
2025-07-30 03:12:36 DEBUG HomeLoanTest:76 - Extracted Cell: 
2025-07-30 03:12:36 DEBUG HomeLoanTest:76 - Extracted Cell: 
2025-07-30 03:12:36 DEBUG HomeLoanTest:76 - Extracted Cell: 
2025-07-30 03:12:36 DEBUG HomeLoanTest:76 - Extracted Cell: 
2025-07-30 03:12:36 DEBUG HomeLoanTest:76 - Extracted Cell: 
2025-07-30 03:12:37 DEBUG HomeLoanTest:76 - Extracted Cell: 
2025-07-30 03:12:37 DEBUG HomeLoanTest:76 - Extracted Cell: 
2025-07-30 03:12:37 DEBUG HomeLoanTest:76 - Extracted Cell: 
2025-07-30 03:12:37 DEBUG HomeLoanTest:76 - Extracted Cell: 
2025-07-30 03:12:37 DEBUG HomeLoanTest:76 - Extracted Cell: 
2025-07-30 03:12:37 DEBUG HomeLoanTest:76 - Extracted Cell: 
2025-07-30 03:12:37 DEBUG HomeLoanTest:76 - Extracted Cell: 
2025-07-30 03:12:37 DEBUG HomeLoanTest:76 - Extracted Cell: 
2025-07-30 03:12:37 DEBUG HomeLoanTest:76 - Extracted Cell: 
2025-07-30 03:12:37 DEBUG HomeLoanTest:76 - Extracted Cell: 
2025-07-30 03:12:37 DEBUG HomeLoanTest:76 - Extracted Cell: 
2025-07-30 03:12:37 DEBUG HomeLoanTest:76 - Extracted Cell: 
2025-07-30 03:12:37 DEBUG HomeLoanTest:76 - Extracted Cell: 
2025-07-30 03:12:37 DEBUG HomeLoanTest:76 - Extracted Cell: 
2025-07-30 03:12:37 DEBUG HomeLoanTest:76 - Extracted Cell: 
2025-07-30 03:12:37 DEBUG HomeLoanTest:76 - Extracted Cell: 
2025-07-30 03:12:37 DEBUG HomeLoanTest:76 - Extracted Cell: 
2025-07-30 03:12:37 DEBUG HomeLoanTest:76 - Extracted Cell: 
2025-07-30 03:12:37 DEBUG HomeLoanTest:76 - Extracted Cell: 
2025-07-30 03:12:37 DEBUG HomeLoanTest:76 - Extracted Cell: 
2025-07-30 03:12:37 DEBUG HomeLoanTest:76 - Extracted Cell: 
2025-07-30 03:12:37 DEBUG HomeLoanTest:76 - Extracted Cell: 
2025-07-30 03:12:37 DEBUG HomeLoanTest:76 - Extracted Cell: 
2025-07-30 03:12:37 DEBUG HomeLoanTest:76 - Extracted Cell: 
2025-07-30 03:12:38 DEBUG HomeLoanTest:76 - Extracted Cell: 
2025-07-30 03:12:38 DEBUG HomeLoanTest:76 - Extracted Cell: 
2025-07-30 03:12:38 DEBUG HomeLoanTest:76 - Extracted Cell: 
2025-07-30 03:12:38 DEBUG HomeLoanTest:76 - Extracted Cell: 
2025-07-30 03:12:38 DEBUG HomeLoanTest:76 - Extracted Cell: 
2025-07-30 03:12:38 DEBUG HomeLoanTest:76 - Extracted Cell: 
2025-07-30 03:12:38 DEBUG HomeLoanTest:76 - Extracted Cell: 
2025-07-30 03:12:38 DEBUG HomeLoanTest:76 - Extracted Cell: 
2025-07-30 03:12:38 DEBUG HomeLoanTest:76 - Extracted Cell: 
2025-07-30 03:12:38 DEBUG HomeLoanTest:76 - Extracted Cell: 
2025-07-30 03:12:38 DEBUG HomeLoanTest:76 - Extracted Cell: 
2025-07-30 03:12:38 DEBUG HomeLoanTest:76 - Extracted Cell: 
2025-07-30 03:12:38 DEBUG HomeLoanTest:76 - Extracted Cell: 
2025-07-30 03:12:38 DEBUG HomeLoanTest:76 - Extracted Cell: 
2025-07-30 03:12:38 DEBUG HomeLoanTest:76 - Extracted Cell: 
2025-07-30 03:12:38 DEBUG HomeLoanTest:76 - Extracted Cell: 
2025-07-30 03:12:38 DEBUG HomeLoanTest:76 - Extracted Cell: 
2025-07-30 03:12:38 DEBUG HomeLoanTest:76 - Extracted Cell: 
2025-07-30 03:12:38 DEBUG HomeLoanTest:76 - Extracted Cell: 
2025-07-30 03:12:38 DEBUG HomeLoanTest:76 - Extracted Cell: 
2025-07-30 03:12:38 DEBUG HomeLoanTest:76 - Extracted Cell: 
2025-07-30 03:12:38 DEBUG HomeLoanTest:76 - Extracted Cell: 
2025-07-30 03:12:38 DEBUG HomeLoanTest:76 - Extracted Cell: 
2025-07-30 03:12:38 DEBUG HomeLoanTest:76 - Extracted Cell: 
2025-07-30 03:12:38 DEBUG HomeLoanTest:76 - Extracted Cell: 
2025-07-30 03:12:38 DEBUG HomeLoanTest:76 - Extracted Cell: 
2025-07-30 03:12:38 DEBUG HomeLoanTest:76 - Extracted Cell: 
2025-07-30 03:12:38 DEBUG HomeLoanTest:76 - Extracted Cell: 
2025-07-30 03:12:38 DEBUG HomeLoanTest:76 - Extracted Cell: 
2025-07-30 03:12:38 DEBUG HomeLoanTest:76 - Extracted Cell: 
2025-07-30 03:12:38 DEBUG HomeLoanTest:76 - Extracted Cell: 
2025-07-30 03:12:38 DEBUG HomeLoanTest:76 - Extracted Cell: 
2025-07-30 03:12:38 DEBUG HomeLoanTest:76 - Extracted Cell: 
2025-07-30 03:12:38 DEBUG HomeLoanTest:76 - Extracted Cell: 
2025-07-30 03:12:38 DEBUG HomeLoanTest:76 - Extracted Cell: 
2025-07-30 03:12:38 DEBUG HomeLoanTest:76 - Extracted Cell: 
2025-07-30 03:12:38 DEBUG HomeLoanTest:76 - Extracted Cell: 
2025-07-30 03:12:38 DEBUG HomeLoanTest:76 - Extracted Cell: 
2025-07-30 03:12:38 DEBUG HomeLoanTest:76 - Extracted Cell: 
2025-07-30 03:12:38 DEBUG HomeLoanTest:76 - Extracted Cell: 
2025-07-30 03:12:38 DEBUG HomeLoanTest:76 - Extracted Cell: 
2025-07-30 03:12:39 DEBUG HomeLoanTest:76 - Extracted Cell: 2040
2025-07-30 03:12:39 DEBUG HomeLoanTest:76 - Extracted Cell: ₹ 24,491
2025-07-30 03:12:39 DEBUG HomeLoanTest:76 - Extracted Cell: ₹ 539
2025-07-30 03:12:39 DEBUG HomeLoanTest:76 - Extracted Cell: ₹ 1,50,15,125
2025-07-30 03:12:39 DEBUG HomeLoanTest:76 - Extracted Cell: ₹ 1,50,40,154
2025-07-30 03:12:39 DEBUG HomeLoanTest:76 - Extracted Cell: ₹ 0
2025-07-30 03:12:39 DEBUG HomeLoanTest:76 - Extracted Cell: 100%
2025-07-30 03:12:39 DEBUG HomeLoanTest:76 - Extracted Cell: 
2025-07-30 03:12:39 DEBUG HomeLoanTest:76 - Extracted Cell: 
2025-07-30 03:12:39 DEBUG HomeLoanTest:76 - Extracted Cell: 
2025-07-30 03:12:39 DEBUG HomeLoanTest:76 - Extracted Cell: 
2025-07-30 03:12:39 DEBUG HomeLoanTest:76 - Extracted Cell: 
2025-07-30 03:12:39 DEBUG HomeLoanTest:76 - Extracted Cell: 
2025-07-30 03:12:39 DEBUG HomeLoanTest:76 - Extracted Cell: 
2025-07-30 03:12:39 DEBUG HomeLoanTest:76 - Extracted Cell: 
2025-07-30 03:12:39 DEBUG HomeLoanTest:76 - Extracted Cell: 
2025-07-30 03:12:39 DEBUG HomeLoanTest:76 - Extracted Cell: 
2025-07-30 03:12:39 DEBUG HomeLoanTest:76 - Extracted Cell: 
2025-07-30 03:12:39 DEBUG HomeLoanTest:76 - Extracted Cell: 
2025-07-30 03:12:39 DEBUG HomeLoanTest:76 - Extracted Cell: 
2025-07-30 03:12:39 DEBUG HomeLoanTest:76 - Extracted Cell: 
2025-07-30 03:12:39 DEBUG HomeLoanTest:76 - Extracted Cell: 
2025-07-30 03:12:39 DEBUG HomeLoanTest:76 - Extracted Cell: 
2025-07-30 03:12:39 DEBUG HomeLoanTest:76 - Extracted Cell: 
2025-07-30 03:12:39 DEBUG HomeLoanTest:76 - Extracted Cell: 
2025-07-30 03:12:39 DEBUG HomeLoanTest:76 - Extracted Cell: 
2025-07-30 03:12:39 DEBUG HomeLoanTest:76 - Extracted Cell: 
2025-07-30 03:12:39 DEBUG HomeLoanTest:76 - Extracted Cell: 
2025-07-30 03:12:39 DEBUG HomeLoanTest:76 - Extracted Cell: 
2025-07-30 03:12:39 DEBUG HomeLoanTest:76 - Extracted Cell: 
2025-07-30 03:12:39 DEBUG HomeLoanTest:76 - Extracted Cell: 
2025-07-30 03:12:39 DEBUG HomeLoanTest:76 - Extracted Cell: 
2025-07-30 03:12:39 DEBUG HomeLoanTest:76 - Extracted Cell: 
2025-07-30 03:12:39 DEBUG HomeLoanTest:76 - Extracted Cell: 
2025-07-30 03:12:39 DEBUG HomeLoanTest:76 - Extracted Cell: 
2025-07-30 03:12:39 DEBUG HomeLoanTest:76 - Extracted Cell: 
2025-07-30 03:12:39 DEBUG HomeLoanTest:76 - Extracted Cell: 
2025-07-30 03:12:39 DEBUG HomeLoanTest:76 - Extracted Cell: 
2025-07-30 03:12:39 DEBUG HomeLoanTest:76 - Extracted Cell: 
2025-07-30 03:12:39 DEBUG HomeLoanTest:76 - Extracted Cell: 
2025-07-30 03:12:39 DEBUG HomeLoanTest:76 - Extracted Cell: 
2025-07-30 03:12:39 DEBUG HomeLoanTest:76 - Extracted Cell: 
2025-07-30 03:12:39 DEBUG HomeLoanTest:76 - Extracted Cell: 
2025-07-30 03:12:39 DEBUG HomeLoanTest:76 - Extracted Cell: 
2025-07-30 03:12:39 DEBUG HomeLoanTest:76 - Extracted Cell: 
2025-07-30 03:12:39 DEBUG HomeLoanTest:76 - Extracted Cell: 
2025-07-30 03:12:39 DEBUG HomeLoanTest:76 - Extracted Cell: 
2025-07-30 03:12:39 DEBUG HomeLoanTest:76 - Extracted Cell: 
2025-07-30 03:12:39 DEBUG HomeLoanTest:76 - Extracted Cell: 
2025-07-30 03:12:39 DEBUG HomeLoanTest:76 - Extracted Cell: 
2025-07-30 03:12:39 DEBUG HomeLoanTest:76 - Extracted Cell: 
2025-07-30 03:12:39 DEBUG HomeLoanTest:76 - Extracted Cell: 
2025-07-30 03:12:39 DEBUG HomeLoanTest:76 - Extracted Cell: 
2025-07-30 03:12:39 DEBUG HomeLoanTest:76 - Extracted Cell: 
2025-07-30 03:12:39 DEBUG HomeLoanTest:76 - Extracted Cell: 
2025-07-30 03:12:39 DEBUG HomeLoanTest:76 - Extracted Cell: 
2025-07-30 03:12:39 DEBUG HomeLoanTest:76 - Extracted Cell: 
2025-07-30 03:12:40 DEBUG HomeLoanTest:76 - Extracted Cell: 
2025-07-30 03:12:40 DEBUG HomeLoanTest:76 - Extracted Cell: 
2025-07-30 03:12:40 DEBUG HomeLoanTest:76 - Extracted Cell: 
2025-07-30 03:12:40 DEBUG HomeLoanTest:76 - Extracted Cell: 
2025-07-30 03:12:40 DEBUG HomeLoanTest:76 - Extracted Cell: 
2025-07-30 03:12:40 DEBUG HomeLoanTest:76 - Extracted Cell: 
2025-07-30 03:12:40 DEBUG HomeLoanTest:76 - Extracted Cell: 
2025-07-30 03:12:40 DEBUG HomeLoanTest:76 - Extracted Cell: 
2025-07-30 03:12:40 DEBUG HomeLoanTest:76 - Extracted Cell: 
2025-07-30 03:12:40 DEBUG HomeLoanTest:76 - Extracted Cell: 
2025-07-30 03:12:40 DEBUG HomeLoanTest:76 - Extracted Cell: 
2025-07-30 03:12:40 DEBUG HomeLoanTest:76 - Extracted Cell: 
2025-07-30 03:12:40 DEBUG HomeLoanTest:76 - Extracted Cell: 
2025-07-30 03:12:40 DEBUG HomeLoanTest:76 - Extracted Cell: 
2025-07-30 03:12:40 DEBUG HomeLoanTest:76 - Extracted Cell: 
2025-07-30 03:12:40 DEBUG HomeLoanTest:76 - Extracted Cell: 
2025-07-30 03:12:40 DEBUG HomeLoanTest:76 - Extracted Cell: 
2025-07-30 03:12:40 DEBUG HomeLoanTest:76 - Extracted Cell: 
2025-07-30 03:12:40 DEBUG HomeLoanTest:76 - Extracted Cell: 
2025-07-30 03:12:40 DEBUG HomeLoanTest:76 - Extracted Cell: 
2025-07-30 03:12:40 DEBUG HomeLoanTest:76 - Extracted Cell: 
2025-07-30 03:12:40 DEBUG HomeLoanTest:76 - Extracted Cell: 
2025-07-30 03:12:40 DEBUG HomeLoanTest:76 - Extracted Cell: 
2025-07-30 03:12:40 DEBUG HomeLoanTest:76 - Extracted Cell: 
2025-07-30 03:12:40 DEBUG HomeLoanTest:76 - Extracted Cell: 
2025-07-30 03:12:40 DEBUG HomeLoanTest:76 - Extracted Cell: 
2025-07-30 03:12:40 DEBUG HomeLoanTest:76 - Extracted Cell: 
2025-07-30 03:12:40 DEBUG HomeLoanTest:76 - Extracted Cell: 
2025-07-30 03:12:40 DEBUG HomeLoanTest:76 - Extracted Cell: 
2025-07-30 03:12:40 DEBUG HomeLoanTest:76 - Extracted Cell: 
2025-07-30 03:12:40 DEBUG HomeLoanTest:76 - Extracted Cell: 
2025-07-30 03:12:40 DEBUG HomeLoanTest:76 - Extracted Cell: 
2025-07-30 03:12:40 DEBUG HomeLoanTest:76 - Extracted Cell: 
2025-07-30 03:12:40 DEBUG HomeLoanTest:76 - Extracted Cell: 
2025-07-30 03:12:40 DEBUG HomeLoanTest:76 - Extracted Cell: 
2025-07-30 03:12:41 INFO  HomeLoanTest:40 - ✅ EMI data extracted from Home Loan calculator and saved to Excel successfully.
2025-07-30 03:22:27 INFO  HomeLoanTest:32 - Navigated to Home Loan Calculator page.
2025-07-30 03:22:32 INFO  HomeLoanTest:36 - Filled Home Loan form with valid values.
2025-07-30 03:22:46 DEBUG HomeLoanTest:76 - Extracted Cell: 2025
2025-07-30 03:22:46 DEBUG HomeLoanTest:76 - Extracted Cell: ₹ 8,283
2025-07-30 03:22:46 DEBUG HomeLoanTest:76 - Extracted Cell: ₹ 16,747
2025-07-30 03:22:46 DEBUG HomeLoanTest:76 - Extracted Cell: ₹ 1,50,15,125
2025-07-30 03:22:46 DEBUG HomeLoanTest:76 - Extracted Cell: ₹ 1,50,40,154
2025-07-30 03:22:46 DEBUG HomeLoanTest:76 - Extracted Cell: ₹ 4,41,717
2025-07-30 03:22:46 DEBUG HomeLoanTest:76 - Extracted Cell: 1.84%
2025-07-30 03:22:47 DEBUG HomeLoanTest:76 - Extracted Cell: 
2025-07-30 03:22:47 DEBUG HomeLoanTest:76 - Extracted Cell: 
2025-07-30 03:22:47 DEBUG HomeLoanTest:76 - Extracted Cell: 
2025-07-30 03:22:47 DEBUG HomeLoanTest:76 - Extracted Cell: 
2025-07-30 03:22:47 DEBUG HomeLoanTest:76 - Extracted Cell: 
2025-07-30 03:22:47 DEBUG HomeLoanTest:76 - Extracted Cell: 
2025-07-30 03:22:47 DEBUG HomeLoanTest:76 - Extracted Cell: 
2025-07-30 03:22:47 DEBUG HomeLoanTest:76 - Extracted Cell: 
2025-07-30 03:22:47 DEBUG HomeLoanTest:76 - Extracted Cell: 
2025-07-30 03:22:47 DEBUG HomeLoanTest:76 - Extracted Cell: 
2025-07-30 03:22:47 DEBUG HomeLoanTest:76 - Extracted Cell: 
2025-07-30 03:22:47 DEBUG HomeLoanTest:76 - Extracted Cell: 
2025-07-30 03:22:47 DEBUG HomeLoanTest:76 - Extracted Cell: 
2025-07-30 03:22:47 DEBUG HomeLoanTest:76 - Extracted Cell: 
2025-07-30 03:22:47 DEBUG HomeLoanTest:76 - Extracted Cell: 
2025-07-30 03:22:47 DEBUG HomeLoanTest:76 - Extracted Cell: 
2025-07-30 03:22:47 DEBUG HomeLoanTest:76 - Extracted Cell: 
2025-07-30 03:22:47 DEBUG HomeLoanTest:76 - Extracted Cell: 
2025-07-30 03:22:47 DEBUG HomeLoanTest:76 - Extracted Cell: 
2025-07-30 03:22:47 DEBUG HomeLoanTest:76 - Extracted Cell: 
2025-07-30 03:22:47 DEBUG HomeLoanTest:76 - Extracted Cell: 
2025-07-30 03:22:47 DEBUG HomeLoanTest:76 - Extracted Cell: 
2025-07-30 03:22:47 DEBUG HomeLoanTest:76 - Extracted Cell: 
2025-07-30 03:22:47 DEBUG HomeLoanTest:76 - Extracted Cell: 
2025-07-30 03:22:47 DEBUG HomeLoanTest:76 - Extracted Cell: 
2025-07-30 03:22:47 DEBUG HomeLoanTest:76 - Extracted Cell: 
2025-07-30 03:22:47 DEBUG HomeLoanTest:76 - Extracted Cell: 
2025-07-30 03:22:47 DEBUG HomeLoanTest:76 - Extracted Cell: 
2025-07-30 03:22:47 DEBUG HomeLoanTest:76 - Extracted Cell: 
2025-07-30 03:22:47 DEBUG HomeLoanTest:76 - Extracted Cell: 
2025-07-30 03:22:47 DEBUG HomeLoanTest:76 - Extracted Cell: 
2025-07-30 03:22:47 DEBUG HomeLoanTest:76 - Extracted Cell: 
2025-07-30 03:22:47 DEBUG HomeLoanTest:76 - Extracted Cell: 
2025-07-30 03:22:47 DEBUG HomeLoanTest:76 - Extracted Cell: 
2025-07-30 03:22:47 DEBUG HomeLoanTest:76 - Extracted Cell: 
2025-07-30 03:22:47 DEBUG HomeLoanTest:76 - Extracted Cell: 
2025-07-30 03:22:47 DEBUG HomeLoanTest:76 - Extracted Cell: 
2025-07-30 03:22:47 DEBUG HomeLoanTest:76 - Extracted Cell: 
2025-07-30 03:22:47 DEBUG HomeLoanTest:76 - Extracted Cell: 
2025-07-30 03:22:47 DEBUG HomeLoanTest:76 - Extracted Cell: 
2025-07-30 03:22:47 DEBUG HomeLoanTest:76 - Extracted Cell: 
2025-07-30 03:22:47 DEBUG HomeLoanTest:76 - Extracted Cell: 
2025-07-30 03:22:47 DEBUG HomeLoanTest:76 - Extracted Cell: 
2025-07-30 03:22:47 DEBUG HomeLoanTest:76 - Extracted Cell: 
2025-07-30 03:22:47 DEBUG HomeLoanTest:76 - Extracted Cell: 
2025-07-30 03:22:47 DEBUG HomeLoanTest:76 - Extracted Cell: 
2025-07-30 03:22:47 DEBUG HomeLoanTest:76 - Extracted Cell: 
2025-07-30 03:22:48 DEBUG HomeLoanTest:76 - Extracted Cell: 
2025-07-30 03:22:48 DEBUG HomeLoanTest:76 - Extracted Cell: 
2025-07-30 03:22:48 DEBUG HomeLoanTest:76 - Extracted Cell: 
2025-07-30 03:22:48 DEBUG HomeLoanTest:76 - Extracted Cell: 
2025-07-30 03:22:48 DEBUG HomeLoanTest:76 - Extracted Cell: 
2025-07-30 03:22:48 DEBUG HomeLoanTest:76 - Extracted Cell: 
2025-07-30 03:22:48 DEBUG HomeLoanTest:76 - Extracted Cell: 
2025-07-30 03:22:48 DEBUG HomeLoanTest:76 - Extracted Cell: 
2025-07-30 03:22:48 DEBUG HomeLoanTest:76 - Extracted Cell: 
2025-07-30 03:22:48 DEBUG HomeLoanTest:76 - Extracted Cell: 
2025-07-30 03:22:48 DEBUG HomeLoanTest:76 - Extracted Cell: 
2025-07-30 03:22:48 DEBUG HomeLoanTest:76 - Extracted Cell: 
2025-07-30 03:22:48 DEBUG HomeLoanTest:76 - Extracted Cell: 
2025-07-30 03:22:48 DEBUG HomeLoanTest:76 - Extracted Cell: 
2025-07-30 03:22:48 DEBUG HomeLoanTest:76 - Extracted Cell: 
2025-07-30 03:22:48 DEBUG HomeLoanTest:76 - Extracted Cell: 
2025-07-30 03:22:48 DEBUG HomeLoanTest:76 - Extracted Cell: 
2025-07-30 03:22:48 DEBUG HomeLoanTest:76 - Extracted Cell: 
2025-07-30 03:22:48 DEBUG HomeLoanTest:76 - Extracted Cell: 
2025-07-30 03:22:48 DEBUG HomeLoanTest:76 - Extracted Cell: 
2025-07-30 03:22:48 DEBUG HomeLoanTest:76 - Extracted Cell: 
2025-07-30 03:22:48 DEBUG HomeLoanTest:76 - Extracted Cell: 
2025-07-30 03:22:48 DEBUG HomeLoanTest:76 - Extracted Cell: 
2025-07-30 03:22:48 DEBUG HomeLoanTest:76 - Extracted Cell: 
2025-07-30 03:22:48 DEBUG HomeLoanTest:76 - Extracted Cell: 
2025-07-30 03:22:48 DEBUG HomeLoanTest:76 - Extracted Cell: 
2025-07-30 03:22:48 DEBUG HomeLoanTest:76 - Extracted Cell: 
2025-07-30 03:22:48 DEBUG HomeLoanTest:76 - Extracted Cell: 
2025-07-30 03:22:48 DEBUG HomeLoanTest:76 - Extracted Cell: 
2025-07-30 03:22:48 DEBUG HomeLoanTest:76 - Extracted Cell: 
2025-07-30 03:22:48 DEBUG HomeLoanTest:76 - Extracted Cell: 
2025-07-30 03:22:49 DEBUG HomeLoanTest:76 - Extracted Cell: 
2025-07-30 03:22:49 DEBUG HomeLoanTest:76 - Extracted Cell: 
2025-07-30 03:22:49 DEBUG HomeLoanTest:76 - Extracted Cell: 
2025-07-30 03:22:49 DEBUG HomeLoanTest:76 - Extracted Cell: 
2025-07-30 03:22:49 DEBUG HomeLoanTest:76 - Extracted Cell: 
2025-07-30 03:22:49 DEBUG HomeLoanTest:76 - Extracted Cell: 
2025-07-30 03:22:49 DEBUG HomeLoanTest:76 - Extracted Cell: 
2025-07-30 03:22:49 DEBUG HomeLoanTest:76 - Extracted Cell: 2026
2025-07-30 03:22:49 DEBUG HomeLoanTest:76 - Extracted Cell: ₹ 17,524
2025-07-30 03:22:49 DEBUG HomeLoanTest:76 - Extracted Cell: ₹ 32,535
2025-07-30 03:22:49 DEBUG HomeLoanTest:76 - Extracted Cell: ₹ 3,00,30,250
2025-07-30 03:22:49 DEBUG HomeLoanTest:76 - Extracted Cell: ₹ 3,00,80,309
2025-07-30 03:22:49 DEBUG HomeLoanTest:76 - Extracted Cell: ₹ 4,24,193
2025-07-30 03:22:49 DEBUG HomeLoanTest:76 - Extracted Cell: 5.73%
2025-07-30 03:22:49 DEBUG HomeLoanTest:76 - Extracted Cell: 
2025-07-30 03:22:49 DEBUG HomeLoanTest:76 - Extracted Cell: 
2025-07-30 03:22:49 DEBUG HomeLoanTest:76 - Extracted Cell: 
2025-07-30 03:22:49 DEBUG HomeLoanTest:76 - Extracted Cell: 
2025-07-30 03:22:49 DEBUG HomeLoanTest:76 - Extracted Cell: 
2025-07-30 03:22:49 DEBUG HomeLoanTest:76 - Extracted Cell: 
2025-07-30 03:22:49 DEBUG HomeLoanTest:76 - Extracted Cell: 
2025-07-30 03:22:49 DEBUG HomeLoanTest:76 - Extracted Cell: 
2025-07-30 03:22:49 DEBUG HomeLoanTest:76 - Extracted Cell: 
2025-07-30 03:22:49 DEBUG HomeLoanTest:76 - Extracted Cell: 
2025-07-30 03:22:49 DEBUG HomeLoanTest:76 - Extracted Cell: 
2025-07-30 03:22:49 DEBUG HomeLoanTest:76 - Extracted Cell: 
2025-07-30 03:22:49 DEBUG HomeLoanTest:76 - Extracted Cell: 
2025-07-30 03:22:49 DEBUG HomeLoanTest:76 - Extracted Cell: 
2025-07-30 03:22:49 DEBUG HomeLoanTest:76 - Extracted Cell: 
2025-07-30 03:22:49 DEBUG HomeLoanTest:76 - Extracted Cell: 
2025-07-30 03:22:49 DEBUG HomeLoanTest:76 - Extracted Cell: 
2025-07-30 03:22:49 DEBUG HomeLoanTest:76 - Extracted Cell: 
2025-07-30 03:22:49 DEBUG HomeLoanTest:76 - Extracted Cell: 
2025-07-30 03:22:49 DEBUG HomeLoanTest:76 - Extracted Cell: 
2025-07-30 03:22:49 DEBUG HomeLoanTest:76 - Extracted Cell: 
2025-07-30 03:22:49 DEBUG HomeLoanTest:76 - Extracted Cell: 
2025-07-30 03:22:49 DEBUG HomeLoanTest:76 - Extracted Cell: 
2025-07-30 03:22:49 DEBUG HomeLoanTest:76 - Extracted Cell: 
2025-07-30 03:22:49 DEBUG HomeLoanTest:76 - Extracted Cell: 
2025-07-30 03:22:49 DEBUG HomeLoanTest:76 - Extracted Cell: 
2025-07-30 03:22:49 DEBUG HomeLoanTest:76 - Extracted Cell: 
2025-07-30 03:22:49 DEBUG HomeLoanTest:76 - Extracted Cell: 
2025-07-30 03:22:49 DEBUG HomeLoanTest:76 - Extracted Cell: 
2025-07-30 03:22:49 DEBUG HomeLoanTest:76 - Extracted Cell: 
2025-07-30 03:22:49 DEBUG HomeLoanTest:76 - Extracted Cell: 
2025-07-30 03:22:49 DEBUG HomeLoanTest:76 - Extracted Cell: 
2025-07-30 03:22:49 DEBUG HomeLoanTest:76 - Extracted Cell: 
2025-07-30 03:22:49 DEBUG HomeLoanTest:76 - Extracted Cell: 
2025-07-30 03:22:49 DEBUG HomeLoanTest:76 - Extracted Cell: 
2025-07-30 03:22:50 DEBUG HomeLoanTest:76 - Extracted Cell: 
2025-07-30 03:22:50 DEBUG HomeLoanTest:76 - Extracted Cell: 
2025-07-30 03:22:50 DEBUG HomeLoanTest:76 - Extracted Cell: 
2025-07-30 03:22:50 DEBUG HomeLoanTest:76 - Extracted Cell: 
2025-07-30 03:22:50 DEBUG HomeLoanTest:76 - Extracted Cell: 
2025-07-30 03:22:50 DEBUG HomeLoanTest:76 - Extracted Cell: 
2025-07-30 03:22:50 DEBUG HomeLoanTest:76 - Extracted Cell: 
2025-07-30 03:22:50 DEBUG HomeLoanTest:76 - Extracted Cell: 
2025-07-30 03:22:50 DEBUG HomeLoanTest:76 - Extracted Cell: 
2025-07-30 03:22:50 DEBUG HomeLoanTest:76 - Extracted Cell: 
2025-07-30 03:22:50 DEBUG HomeLoanTest:76 - Extracted Cell: 
2025-07-30 03:22:50 DEBUG HomeLoanTest:76 - Extracted Cell: 
2025-07-30 03:22:50 DEBUG HomeLoanTest:76 - Extracted Cell: 
2025-07-30 03:22:50 DEBUG HomeLoanTest:76 - Extracted Cell: 
2025-07-30 03:22:50 DEBUG HomeLoanTest:76 - Extracted Cell: 
2025-07-30 03:22:50 DEBUG HomeLoanTest:76 - Extracted Cell: 
2025-07-30 03:22:50 DEBUG HomeLoanTest:76 - Extracted Cell: 
2025-07-30 03:22:50 DEBUG HomeLoanTest:76 - Extracted Cell: 
2025-07-30 03:22:50 DEBUG HomeLoanTest:76 - Extracted Cell: 
2025-07-30 03:22:50 DEBUG HomeLoanTest:76 - Extracted Cell: 
2025-07-30 03:22:50 DEBUG HomeLoanTest:76 - Extracted Cell: 
2025-07-30 03:22:50 DEBUG HomeLoanTest:76 - Extracted Cell: 
2025-07-30 03:22:50 DEBUG HomeLoanTest:76 - Extracted Cell: 
2025-07-30 03:22:50 DEBUG HomeLoanTest:76 - Extracted Cell: 
2025-07-30 03:22:50 DEBUG HomeLoanTest:76 - Extracted Cell: 
2025-07-30 03:22:50 DEBUG HomeLoanTest:76 - Extracted Cell: 
2025-07-30 03:22:50 DEBUG HomeLoanTest:76 - Extracted Cell: 
2025-07-30 03:22:50 DEBUG HomeLoanTest:76 - Extracted Cell: 
2025-07-30 03:22:50 DEBUG HomeLoanTest:76 - Extracted Cell: 
2025-07-30 03:22:50 DEBUG HomeLoanTest:76 - Extracted Cell: 
2025-07-30 03:22:50 DEBUG HomeLoanTest:76 - Extracted Cell: 
2025-07-30 03:22:50 DEBUG HomeLoanTest:76 - Extracted Cell: 
2025-07-30 03:22:50 DEBUG HomeLoanTest:76 - Extracted Cell: 
2025-07-30 03:22:50 DEBUG HomeLoanTest:76 - Extracted Cell: 
2025-07-30 03:22:50 DEBUG HomeLoanTest:76 - Extracted Cell: 
2025-07-30 03:22:50 DEBUG HomeLoanTest:76 - Extracted Cell: 
2025-07-30 03:22:50 DEBUG HomeLoanTest:76 - Extracted Cell: 
2025-07-30 03:22:50 DEBUG HomeLoanTest:76 - Extracted Cell: 
2025-07-30 03:22:50 DEBUG HomeLoanTest:76 - Extracted Cell: 
2025-07-30 03:22:50 DEBUG HomeLoanTest:76 - Extracted Cell: 
2025-07-30 03:22:50 DEBUG HomeLoanTest:76 - Extracted Cell: 
2025-07-30 03:22:50 DEBUG HomeLoanTest:76 - Extracted Cell: 
2025-07-30 03:22:50 DEBUG HomeLoanTest:76 - Extracted Cell: 
2025-07-30 03:22:50 DEBUG HomeLoanTest:76 - Extracted Cell: 
2025-07-30 03:22:50 DEBUG HomeLoanTest:76 - Extracted Cell: 
2025-07-30 03:22:50 DEBUG HomeLoanTest:76 - Extracted Cell: 
2025-07-30 03:22:51 DEBUG HomeLoanTest:76 - Extracted Cell: 
2025-07-30 03:22:51 DEBUG HomeLoanTest:76 - Extracted Cell: 
2025-07-30 03:22:51 DEBUG HomeLoanTest:76 - Extracted Cell: 
2025-07-30 03:22:51 DEBUG HomeLoanTest:76 - Extracted Cell: 
2025-07-30 03:22:51 DEBUG HomeLoanTest:76 - Extracted Cell: 
2025-07-30 03:22:51 DEBUG HomeLoanTest:76 - Extracted Cell: 
2025-07-30 03:22:51 DEBUG HomeLoanTest:76 - Extracted Cell: 
2025-07-30 03:22:51 DEBUG HomeLoanTest:76 - Extracted Cell: 
2025-07-30 03:22:51 DEBUG HomeLoanTest:76 - Extracted Cell: 
2025-07-30 03:22:51 DEBUG HomeLoanTest:76 - Extracted Cell: 
2025-07-30 03:22:51 DEBUG HomeLoanTest:76 - Extracted Cell: 
2025-07-30 03:22:52 DEBUG HomeLoanTest:76 - Extracted Cell: 
2025-07-30 03:22:52 DEBUG HomeLoanTest:76 - Extracted Cell: 
2025-07-30 03:22:52 DEBUG HomeLoanTest:76 - Extracted Cell: 
2025-07-30 03:22:52 DEBUG HomeLoanTest:76 - Extracted Cell: 
2025-07-30 03:22:52 DEBUG HomeLoanTest:76 - Extracted Cell: 
2025-07-30 03:22:52 DEBUG HomeLoanTest:76 - Extracted Cell: 
2025-07-30 03:22:52 DEBUG HomeLoanTest:76 - Extracted Cell: 
2025-07-30 03:22:52 DEBUG HomeLoanTest:76 - Extracted Cell: 
2025-07-30 03:22:52 DEBUG HomeLoanTest:76 - Extracted Cell: 
2025-07-30 03:22:52 DEBUG HomeLoanTest:76 - Extracted Cell: 
2025-07-30 03:22:52 DEBUG HomeLoanTest:76 - Extracted Cell: 
2025-07-30 03:22:52 DEBUG HomeLoanTest:76 - Extracted Cell: 
2025-07-30 03:22:52 DEBUG HomeLoanTest:76 - Extracted Cell: 
2025-07-30 03:22:52 DEBUG HomeLoanTest:76 - Extracted Cell: 
2025-07-30 03:22:52 DEBUG HomeLoanTest:76 - Extracted Cell: 
2025-07-30 03:22:52 DEBUG HomeLoanTest:76 - Extracted Cell: 
2025-07-30 03:22:52 DEBUG HomeLoanTest:76 - Extracted Cell: 
2025-07-30 03:22:52 DEBUG HomeLoanTest:76 - Extracted Cell: 
2025-07-30 03:22:52 DEBUG HomeLoanTest:76 - Extracted Cell: 
2025-07-30 03:22:52 DEBUG HomeLoanTest:76 - Extracted Cell: 
2025-07-30 03:22:52 DEBUG HomeLoanTest:76 - Extracted Cell: 
2025-07-30 03:22:52 DEBUG HomeLoanTest:76 - Extracted Cell: 
2025-07-30 03:22:52 DEBUG HomeLoanTest:76 - Extracted Cell: 
2025-07-30 03:22:53 DEBUG HomeLoanTest:76 - Extracted Cell: 
2025-07-30 03:22:53 DEBUG HomeLoanTest:76 - Extracted Cell: 
2025-07-30 03:22:53 DEBUG HomeLoanTest:76 - Extracted Cell: 
2025-07-30 03:22:53 DEBUG HomeLoanTest:76 - Extracted Cell: 
2025-07-30 03:22:53 DEBUG HomeLoanTest:76 - Extracted Cell: 
2025-07-30 03:22:53 DEBUG HomeLoanTest:76 - Extracted Cell: 
2025-07-30 03:22:53 DEBUG HomeLoanTest:76 - Extracted Cell: 
2025-07-30 03:22:53 DEBUG HomeLoanTest:76 - Extracted Cell: 
2025-07-30 03:22:53 DEBUG HomeLoanTest:76 - Extracted Cell: 
2025-07-30 03:22:53 DEBUG HomeLoanTest:76 - Extracted Cell: 
2025-07-30 03:22:53 DEBUG HomeLoanTest:76 - Extracted Cell: 
2025-07-30 03:22:53 DEBUG HomeLoanTest:76 - Extracted Cell: 
2025-07-30 03:22:53 DEBUG HomeLoanTest:76 - Extracted Cell: 
2025-07-30 03:22:53 DEBUG HomeLoanTest:76 - Extracted Cell: 
2025-07-30 03:22:53 DEBUG HomeLoanTest:76 - Extracted Cell: 
2025-07-30 03:22:53 DEBUG HomeLoanTest:76 - Extracted Cell: 
2025-07-30 03:22:53 DEBUG HomeLoanTest:76 - Extracted Cell: 
2025-07-30 03:22:53 DEBUG HomeLoanTest:76 - Extracted Cell: 
2025-07-30 03:22:53 DEBUG HomeLoanTest:76 - Extracted Cell: 
2025-07-30 03:22:54 DEBUG HomeLoanTest:76 - Extracted Cell: 
2025-07-30 03:22:54 DEBUG HomeLoanTest:76 - Extracted Cell: 
2025-07-30 03:22:54 DEBUG HomeLoanTest:76 - Extracted Cell: 
2025-07-30 03:22:54 DEBUG HomeLoanTest:76 - Extracted Cell: 
2025-07-30 03:22:54 DEBUG HomeLoanTest:76 - Extracted Cell: 
2025-07-30 03:22:54 DEBUG HomeLoanTest:76 - Extracted Cell: 
2025-07-30 03:22:54 DEBUG HomeLoanTest:76 - Extracted Cell: 
2025-07-30 03:22:54 DEBUG HomeLoanTest:76 - Extracted Cell: 
2025-07-30 03:22:54 DEBUG HomeLoanTest:76 - Extracted Cell: 
2025-07-30 03:22:54 DEBUG HomeLoanTest:76 - Extracted Cell: 
2025-07-30 03:22:54 DEBUG HomeLoanTest:76 - Extracted Cell: 
2025-07-30 03:22:54 DEBUG HomeLoanTest:76 - Extracted Cell: 
2025-07-30 03:22:54 DEBUG HomeLoanTest:76 - Extracted Cell: 
2025-07-30 03:22:54 DEBUG HomeLoanTest:76 - Extracted Cell: 
2025-07-30 03:22:54 DEBUG HomeLoanTest:76 - Extracted Cell: 
2025-07-30 03:22:54 INFO  LoanCalculatorTest:27 - ✅ EMI Calculator UI validation completed successfully.
2025-07-30 03:22:54 DEBUG HomeLoanTest:76 - Extracted Cell: 
2025-07-30 03:22:54 DEBUG HomeLoanTest:76 - Extracted Cell: 
2025-07-30 03:22:54 DEBUG HomeLoanTest:76 - Extracted Cell: 
2025-07-30 03:22:54 DEBUG HomeLoanTest:76 - Extracted Cell: 
2025-07-30 03:22:54 DEBUG HomeLoanTest:76 - Extracted Cell: 
2025-07-30 03:22:54 DEBUG HomeLoanTest:76 - Extracted Cell: 
2025-07-30 03:22:54 DEBUG HomeLoanTest:76 - Extracted Cell: 
2025-07-30 03:22:54 DEBUG HomeLoanTest:76 - Extracted Cell: 
2025-07-30 03:22:54 DEBUG HomeLoanTest:76 - Extracted Cell: 
2025-07-30 03:22:54 DEBUG HomeLoanTest:76 - Extracted Cell: 
2025-07-30 03:22:54 DEBUG HomeLoanTest:76 - Extracted Cell: 
2025-07-30 03:22:54 DEBUG HomeLoanTest:76 - Extracted Cell: 
2025-07-30 03:22:54 DEBUG HomeLoanTest:76 - Extracted Cell: 
2025-07-30 03:22:55 DEBUG HomeLoanTest:76 - Extracted Cell: 
2025-07-30 03:22:55 DEBUG HomeLoanTest:76 - Extracted Cell: 
2025-07-30 03:22:55 DEBUG HomeLoanTest:76 - Extracted Cell: 
2025-07-30 03:22:55 DEBUG HomeLoanTest:76 - Extracted Cell: 
2025-07-30 03:22:55 DEBUG HomeLoanTest:76 - Extracted Cell: 
2025-07-30 03:22:55 DEBUG HomeLoanTest:76 - Extracted Cell: 
2025-07-30 03:22:55 DEBUG HomeLoanTest:76 - Extracted Cell: 
2025-07-30 03:22:55 DEBUG HomeLoanTest:76 - Extracted Cell: 2027
2025-07-30 03:22:55 DEBUG HomeLoanTest:76 - Extracted Cell: ₹ 18,885
2025-07-30 03:22:55 DEBUG HomeLoanTest:76 - Extracted Cell: ₹ 31,174
2025-07-30 03:22:55 DEBUG HomeLoanTest:76 - Extracted Cell: ₹ 3,00,30,250
2025-07-30 03:22:55 DEBUG HomeLoanTest:76 - Extracted Cell: ₹ 3,00,80,309
2025-07-30 03:22:55 DEBUG HomeLoanTest:76 - Extracted Cell: ₹ 4,05,308
2025-07-30 03:22:55 DEBUG HomeLoanTest:76 - Extracted Cell: 9.93%
2025-07-30 03:22:55 DEBUG HomeLoanTest:76 - Extracted Cell: 
2025-07-30 03:22:55 DEBUG HomeLoanTest:76 - Extracted Cell: 
2025-07-30 03:22:55 DEBUG HomeLoanTest:76 - Extracted Cell: 
2025-07-30 03:22:55 DEBUG HomeLoanTest:76 - Extracted Cell: 
2025-07-30 03:22:55 DEBUG HomeLoanTest:76 - Extracted Cell: 
2025-07-30 03:22:55 DEBUG HomeLoanTest:76 - Extracted Cell: 
2025-07-30 03:22:55 DEBUG HomeLoanTest:76 - Extracted Cell: 
2025-07-30 03:22:55 DEBUG HomeLoanTest:76 - Extracted Cell: 
2025-07-30 03:22:55 DEBUG HomeLoanTest:76 - Extracted Cell: 
2025-07-30 03:22:55 DEBUG HomeLoanTest:76 - Extracted Cell: 
2025-07-30 03:22:55 DEBUG HomeLoanTest:76 - Extracted Cell: 
2025-07-30 03:22:55 DEBUG HomeLoanTest:76 - Extracted Cell: 
2025-07-30 03:22:55 DEBUG HomeLoanTest:76 - Extracted Cell: 
2025-07-30 03:22:55 DEBUG HomeLoanTest:76 - Extracted Cell: 
2025-07-30 03:22:55 DEBUG HomeLoanTest:76 - Extracted Cell: 
2025-07-30 03:22:55 DEBUG HomeLoanTest:76 - Extracted Cell: 
2025-07-30 03:22:55 DEBUG HomeLoanTest:76 - Extracted Cell: 
2025-07-30 03:22:55 DEBUG HomeLoanTest:76 - Extracted Cell: 
2025-07-30 03:22:55 DEBUG HomeLoanTest:76 - Extracted Cell: 
2025-07-30 03:22:55 DEBUG HomeLoanTest:76 - Extracted Cell: 
2025-07-30 03:22:55 DEBUG HomeLoanTest:76 - Extracted Cell: 
2025-07-30 03:22:55 DEBUG HomeLoanTest:76 - Extracted Cell: 
2025-07-30 03:22:55 DEBUG HomeLoanTest:76 - Extracted Cell: 
2025-07-30 03:22:55 DEBUG HomeLoanTest:76 - Extracted Cell: 
2025-07-30 03:22:55 DEBUG HomeLoanTest:76 - Extracted Cell: 
2025-07-30 03:22:55 DEBUG HomeLoanTest:76 - Extracted Cell: 
2025-07-30 03:22:55 DEBUG HomeLoanTest:76 - Extracted Cell: 
2025-07-30 03:22:56 DEBUG HomeLoanTest:76 - Extracted Cell: 
2025-07-30 03:22:56 DEBUG HomeLoanTest:76 - Extracted Cell: 
2025-07-30 03:22:56 DEBUG HomeLoanTest:76 - Extracted Cell: 
2025-07-30 03:22:56 DEBUG HomeLoanTest:76 - Extracted Cell: 
2025-07-30 03:22:56 DEBUG HomeLoanTest:76 - Extracted Cell: 
2025-07-30 03:22:56 DEBUG HomeLoanTest:76 - Extracted Cell: 
2025-07-30 03:22:56 DEBUG HomeLoanTest:76 - Extracted Cell: 
2025-07-30 03:22:56 DEBUG HomeLoanTest:76 - Extracted Cell: 
2025-07-30 03:22:56 DEBUG HomeLoanTest:76 - Extracted Cell: 
2025-07-30 03:22:56 DEBUG HomeLoanTest:76 - Extracted Cell: 
2025-07-30 03:22:56 DEBUG HomeLoanTest:76 - Extracted Cell: 
2025-07-30 03:22:56 DEBUG HomeLoanTest:76 - Extracted Cell: 
2025-07-30 03:22:56 DEBUG HomeLoanTest:76 - Extracted Cell: 
2025-07-30 03:22:56 DEBUG HomeLoanTest:76 - Extracted Cell: 
2025-07-30 03:22:56 DEBUG HomeLoanTest:76 - Extracted Cell: 
2025-07-30 03:22:56 DEBUG HomeLoanTest:76 - Extracted Cell: 
2025-07-30 03:22:56 DEBUG HomeLoanTest:76 - Extracted Cell: 
2025-07-30 03:22:56 DEBUG HomeLoanTest:76 - Extracted Cell: 
2025-07-30 03:22:56 DEBUG HomeLoanTest:76 - Extracted Cell: 
2025-07-30 03:22:56 DEBUG HomeLoanTest:76 - Extracted Cell: 
2025-07-30 03:22:56 DEBUG HomeLoanTest:76 - Extracted Cell: 
2025-07-30 03:22:56 DEBUG HomeLoanTest:76 - Extracted Cell: 
2025-07-30 03:22:56 DEBUG HomeLoanTest:76 - Extracted Cell: 
2025-07-30 03:22:56 DEBUG HomeLoanTest:76 - Extracted Cell: 
2025-07-30 03:22:56 DEBUG HomeLoanTest:76 - Extracted Cell: 
2025-07-30 03:22:56 DEBUG HomeLoanTest:76 - Extracted Cell: 
2025-07-30 03:22:56 DEBUG HomeLoanTest:76 - Extracted Cell: 
2025-07-30 03:22:56 DEBUG HomeLoanTest:76 - Extracted Cell: 
2025-07-30 03:22:56 DEBUG HomeLoanTest:76 - Extracted Cell: 
2025-07-30 03:22:56 DEBUG HomeLoanTest:76 - Extracted Cell: 
2025-07-30 03:22:56 DEBUG HomeLoanTest:76 - Extracted Cell: 
2025-07-30 03:22:56 DEBUG HomeLoanTest:76 - Extracted Cell: 
2025-07-30 03:22:56 DEBUG HomeLoanTest:76 - Extracted Cell: 
2025-07-30 03:22:56 DEBUG HomeLoanTest:76 - Extracted Cell: 
2025-07-30 03:22:56 DEBUG HomeLoanTest:76 - Extracted Cell: 
2025-07-30 03:22:56 DEBUG HomeLoanTest:76 - Extracted Cell: 
2025-07-30 03:22:56 DEBUG HomeLoanTest:76 - Extracted Cell: 
2025-07-30 03:22:57 DEBUG HomeLoanTest:76 - Extracted Cell: 
2025-07-30 03:22:57 INFO  LoanCalculatorTest:45 - ✅ Loan Amount Calculator UI validation completed successfully.
2025-07-30 03:22:57 DEBUG HomeLoanTest:76 - Extracted Cell: 
2025-07-30 03:22:57 DEBUG HomeLoanTest:76 - Extracted Cell: 
2025-07-30 03:22:57 DEBUG HomeLoanTest:76 - Extracted Cell: 
2025-07-30 03:22:57 DEBUG HomeLoanTest:76 - Extracted Cell: 
2025-07-30 03:22:57 DEBUG HomeLoanTest:76 - Extracted Cell: 
2025-07-30 03:22:57 DEBUG HomeLoanTest:76 - Extracted Cell: 
2025-07-30 03:22:57 DEBUG HomeLoanTest:76 - Extracted Cell: 
2025-07-30 03:22:57 DEBUG HomeLoanTest:76 - Extracted Cell: 
2025-07-30 03:22:57 DEBUG HomeLoanTest:76 - Extracted Cell: 
2025-07-30 03:22:57 DEBUG HomeLoanTest:76 - Extracted Cell: 
2025-07-30 03:22:57 DEBUG HomeLoanTest:76 - Extracted Cell: 
2025-07-30 03:22:57 DEBUG HomeLoanTest:76 - Extracted Cell: 
2025-07-30 03:22:57 DEBUG HomeLoanTest:76 - Extracted Cell: 
2025-07-30 03:22:57 DEBUG HomeLoanTest:76 - Extracted Cell: 
2025-07-30 03:22:57 DEBUG HomeLoanTest:76 - Extracted Cell: 
2025-07-30 03:22:57 DEBUG HomeLoanTest:76 - Extracted Cell: 
2025-07-30 03:22:57 DEBUG HomeLoanTest:76 - Extracted Cell: 
2025-07-30 03:22:57 DEBUG HomeLoanTest:76 - Extracted Cell: 
2025-07-30 03:22:57 DEBUG HomeLoanTest:76 - Extracted Cell: 
2025-07-30 03:22:57 DEBUG HomeLoanTest:76 - Extracted Cell: 
2025-07-30 03:22:57 DEBUG HomeLoanTest:76 - Extracted Cell: 
2025-07-30 03:22:57 DEBUG HomeLoanTest:76 - Extracted Cell: 
2025-07-30 03:22:57 DEBUG HomeLoanTest:76 - Extracted Cell: 
2025-07-30 03:22:57 DEBUG HomeLoanTest:76 - Extracted Cell: 
2025-07-30 03:22:57 DEBUG HomeLoanTest:76 - Extracted Cell: 
2025-07-30 03:22:58 DEBUG HomeLoanTest:76 - Extracted Cell: 
2025-07-30 03:22:58 DEBUG HomeLoanTest:76 - Extracted Cell: 
2025-07-30 03:22:58 DEBUG HomeLoanTest:76 - Extracted Cell: 
2025-07-30 03:22:58 DEBUG HomeLoanTest:76 - Extracted Cell: 
2025-07-30 03:22:58 DEBUG HomeLoanTest:76 - Extracted Cell: 
2025-07-30 03:22:58 DEBUG HomeLoanTest:76 - Extracted Cell: 
2025-07-30 03:22:58 DEBUG HomeLoanTest:76 - Extracted Cell: 
2025-07-30 03:22:58 DEBUG HomeLoanTest:76 - Extracted Cell: 
2025-07-30 03:22:58 DEBUG HomeLoanTest:76 - Extracted Cell: 
2025-07-30 03:22:59 DEBUG HomeLoanTest:76 - Extracted Cell: 
2025-07-30 03:22:59 DEBUG HomeLoanTest:76 - Extracted Cell: 
2025-07-30 03:22:59 DEBUG HomeLoanTest:76 - Extracted Cell: 
2025-07-30 03:22:59 DEBUG HomeLoanTest:76 - Extracted Cell: 
2025-07-30 03:22:59 DEBUG HomeLoanTest:76 - Extracted Cell: 
2025-07-30 03:22:59 DEBUG HomeLoanTest:76 - Extracted Cell: 
2025-07-30 03:22:59 DEBUG HomeLoanTest:76 - Extracted Cell: 
2025-07-30 03:22:59 DEBUG HomeLoanTest:76 - Extracted Cell: 
2025-07-30 03:22:59 DEBUG HomeLoanTest:76 - Extracted Cell: 
2025-07-30 03:22:59 DEBUG HomeLoanTest:76 - Extracted Cell: 
2025-07-30 03:22:59 DEBUG HomeLoanTest:76 - Extracted Cell: 
2025-07-30 03:22:59 DEBUG HomeLoanTest:76 - Extracted Cell: 
2025-07-30 03:22:59 DEBUG HomeLoanTest:76 - Extracted Cell: 
2025-07-30 03:22:59 DEBUG HomeLoanTest:76 - Extracted Cell: 
2025-07-30 03:23:00 INFO  LoanCalculatorTest:59 - ✅ Loan Tenure Calculator UI validation completed successfully.
2025-07-30 03:23:00 DEBUG HomeLoanTest:76 - Extracted Cell: 
2025-07-30 03:23:00 DEBUG HomeLoanTest:76 - Extracted Cell: 
2025-07-30 03:23:00 DEBUG HomeLoanTest:76 - Extracted Cell: 
2025-07-30 03:23:00 DEBUG HomeLoanTest:76 - Extracted Cell: 
2025-07-30 03:23:00 DEBUG HomeLoanTest:76 - Extracted Cell: 
2025-07-30 03:23:00 DEBUG HomeLoanTest:76 - Extracted Cell: 
2025-07-30 03:23:00 DEBUG HomeLoanTest:76 - Extracted Cell: 
2025-07-30 03:23:00 DEBUG HomeLoanTest:76 - Extracted Cell: 
2025-07-30 03:23:00 DEBUG HomeLoanTest:76 - Extracted Cell: 
2025-07-30 03:23:00 DEBUG HomeLoanTest:76 - Extracted Cell: 
2025-07-30 03:23:00 DEBUG HomeLoanTest:76 - Extracted Cell: 
2025-07-30 03:23:00 DEBUG HomeLoanTest:76 - Extracted Cell: 
2025-07-30 03:23:00 DEBUG HomeLoanTest:76 - Extracted Cell: 
2025-07-30 03:23:00 DEBUG HomeLoanTest:76 - Extracted Cell: 
2025-07-30 03:23:00 DEBUG HomeLoanTest:76 - Extracted Cell: 
2025-07-30 03:23:00 DEBUG HomeLoanTest:76 - Extracted Cell: 
2025-07-30 03:23:00 DEBUG HomeLoanTest:76 - Extracted Cell: 
2025-07-30 03:23:00 DEBUG HomeLoanTest:76 - Extracted Cell: 
2025-07-30 03:23:00 DEBUG HomeLoanTest:76 - Extracted Cell: 
2025-07-30 03:23:00 DEBUG HomeLoanTest:76 - Extracted Cell: 
2025-07-30 03:23:00 DEBUG HomeLoanTest:76 - Extracted Cell: 
2025-07-30 03:23:00 DEBUG HomeLoanTest:76 - Extracted Cell: 
2025-07-30 03:23:00 DEBUG HomeLoanTest:76 - Extracted Cell: 
2025-07-30 03:23:00 DEBUG HomeLoanTest:76 - Extracted Cell: 
2025-07-30 03:23:00 DEBUG HomeLoanTest:76 - Extracted Cell: 
2025-07-30 03:23:00 DEBUG HomeLoanTest:76 - Extracted Cell: 
2025-07-30 03:23:00 DEBUG HomeLoanTest:76 - Extracted Cell: 
2025-07-30 03:23:00 DEBUG HomeLoanTest:76 - Extracted Cell: 
2025-07-30 03:23:01 DEBUG HomeLoanTest:76 - Extracted Cell: 
2025-07-30 03:23:01 DEBUG HomeLoanTest:76 - Extracted Cell: 
2025-07-30 03:23:01 DEBUG HomeLoanTest:76 - Extracted Cell: 
2025-07-30 03:23:01 DEBUG HomeLoanTest:76 - Extracted Cell: 
2025-07-30 03:23:01 DEBUG HomeLoanTest:76 - Extracted Cell: 
2025-07-30 03:23:01 DEBUG HomeLoanTest:76 - Extracted Cell: 
2025-07-30 03:23:01 DEBUG HomeLoanTest:76 - Extracted Cell: 
2025-07-30 03:23:01 DEBUG HomeLoanTest:76 - Extracted Cell: 
2025-07-30 03:23:01 DEBUG HomeLoanTest:76 - Extracted Cell: 
2025-07-30 03:23:01 DEBUG HomeLoanTest:76 - Extracted Cell: 
2025-07-30 03:23:01 DEBUG HomeLoanTest:76 - Extracted Cell: 
2025-07-30 03:23:01 DEBUG HomeLoanTest:76 - Extracted Cell: 
2025-07-30 03:23:01 DEBUG HomeLoanTest:76 - Extracted Cell: 
2025-07-30 03:23:01 DEBUG HomeLoanTest:76 - Extracted Cell: 
2025-07-30 03:23:01 DEBUG HomeLoanTest:76 - Extracted Cell: 
2025-07-30 03:23:01 DEBUG HomeLoanTest:76 - Extracted Cell: 
2025-07-30 03:23:01 DEBUG HomeLoanTest:76 - Extracted Cell: 
2025-07-30 03:23:01 DEBUG HomeLoanTest:76 - Extracted Cell: 
2025-07-30 03:23:01 DEBUG HomeLoanTest:76 - Extracted Cell: 
2025-07-30 03:23:01 DEBUG HomeLoanTest:76 - Extracted Cell: 
2025-07-30 03:23:01 DEBUG HomeLoanTest:76 - Extracted Cell: 
2025-07-30 03:23:01 DEBUG HomeLoanTest:76 - Extracted Cell: 
2025-07-30 03:23:01 DEBUG HomeLoanTest:76 - Extracted Cell: 
2025-07-30 03:23:01 DEBUG HomeLoanTest:76 - Extracted Cell: 
2025-07-30 03:23:01 DEBUG HomeLoanTest:76 - Extracted Cell: 
2025-07-30 03:23:01 DEBUG HomeLoanTest:76 - Extracted Cell: 
2025-07-30 03:23:01 DEBUG HomeLoanTest:76 - Extracted Cell: 
2025-07-30 03:23:01 DEBUG HomeLoanTest:76 - Extracted Cell: 
2025-07-30 03:23:01 DEBUG HomeLoanTest:76 - Extracted Cell: 2028
2025-07-30 03:23:01 DEBUG HomeLoanTest:76 - Extracted Cell: ₹ 20,351
2025-07-30 03:23:01 DEBUG HomeLoanTest:76 - Extracted Cell: ₹ 29,708
2025-07-30 03:23:01 DEBUG HomeLoanTest:76 - Extracted Cell: ₹ 3,00,30,250
2025-07-30 03:23:01 DEBUG HomeLoanTest:76 - Extracted Cell: ₹ 3,00,80,309
2025-07-30 03:23:01 DEBUG HomeLoanTest:76 - Extracted Cell: ₹ 3,84,958
2025-07-30 03:23:01 DEBUG HomeLoanTest:76 - Extracted Cell: 14.45%
2025-07-30 03:23:01 DEBUG HomeLoanTest:76 - Extracted Cell: 
2025-07-30 03:23:01 DEBUG HomeLoanTest:76 - Extracted Cell: 
2025-07-30 03:23:02 DEBUG HomeLoanTest:76 - Extracted Cell: 
2025-07-30 03:23:02 DEBUG HomeLoanTest:76 - Extracted Cell: 
2025-07-30 03:23:02 DEBUG HomeLoanTest:76 - Extracted Cell: 
2025-07-30 03:23:02 DEBUG HomeLoanTest:76 - Extracted Cell: 
2025-07-30 03:23:02 DEBUG HomeLoanTest:76 - Extracted Cell: 
2025-07-30 03:23:02 DEBUG HomeLoanTest:76 - Extracted Cell: 
2025-07-30 03:23:02 DEBUG HomeLoanTest:76 - Extracted Cell: 
2025-07-30 03:23:02 DEBUG HomeLoanTest:76 - Extracted Cell: 
2025-07-30 03:23:02 DEBUG HomeLoanTest:76 - Extracted Cell: 
2025-07-30 03:23:02 DEBUG HomeLoanTest:76 - Extracted Cell: 
2025-07-30 03:23:02 DEBUG HomeLoanTest:76 - Extracted Cell: 
2025-07-30 03:23:02 DEBUG HomeLoanTest:76 - Extracted Cell: 
2025-07-30 03:23:02 DEBUG HomeLoanTest:76 - Extracted Cell: 
2025-07-30 03:23:02 DEBUG HomeLoanTest:76 - Extracted Cell: 
2025-07-30 03:23:02 DEBUG HomeLoanTest:76 - Extracted Cell: 
2025-07-30 03:23:02 DEBUG HomeLoanTest:76 - Extracted Cell: 
2025-07-30 03:23:02 DEBUG HomeLoanTest:76 - Extracted Cell: 
2025-07-30 03:23:02 DEBUG HomeLoanTest:76 - Extracted Cell: 
2025-07-30 03:23:02 DEBUG HomeLoanTest:76 - Extracted Cell: 
2025-07-30 03:23:02 DEBUG HomeLoanTest:76 - Extracted Cell: 
2025-07-30 03:23:02 DEBUG HomeLoanTest:76 - Extracted Cell: 
2025-07-30 03:23:02 DEBUG HomeLoanTest:76 - Extracted Cell: 
2025-07-30 03:23:02 DEBUG HomeLoanTest:76 - Extracted Cell: 
2025-07-30 03:23:02 DEBUG HomeLoanTest:76 - Extracted Cell: 
2025-07-30 03:23:02 DEBUG HomeLoanTest:76 - Extracted Cell: 
2025-07-30 03:23:02 DEBUG HomeLoanTest:76 - Extracted Cell: 
2025-07-30 03:23:02 DEBUG HomeLoanTest:76 - Extracted Cell: 
2025-07-30 03:23:02 DEBUG HomeLoanTest:76 - Extracted Cell: 
2025-07-30 03:23:02 DEBUG HomeLoanTest:76 - Extracted Cell: 
2025-07-30 03:23:02 DEBUG HomeLoanTest:76 - Extracted Cell: 
2025-07-30 03:23:02 DEBUG HomeLoanTest:76 - Extracted Cell: 
2025-07-30 03:23:02 DEBUG HomeLoanTest:76 - Extracted Cell: 
2025-07-30 03:23:02 DEBUG HomeLoanTest:76 - Extracted Cell: 
2025-07-30 03:23:02 DEBUG HomeLoanTest:76 - Extracted Cell: 
2025-07-30 03:23:02 DEBUG HomeLoanTest:76 - Extracted Cell: 
2025-07-30 03:23:02 DEBUG HomeLoanTest:76 - Extracted Cell: 
2025-07-30 03:23:02 DEBUG HomeLoanTest:76 - Extracted Cell: 
2025-07-30 03:23:02 DEBUG HomeLoanTest:76 - Extracted Cell: 
2025-07-30 03:23:02 DEBUG HomeLoanTest:76 - Extracted Cell: 
2025-07-30 03:23:02 DEBUG HomeLoanTest:76 - Extracted Cell: 
2025-07-30 03:23:02 DEBUG HomeLoanTest:76 - Extracted Cell: 
2025-07-30 03:23:02 DEBUG HomeLoanTest:76 - Extracted Cell: 
2025-07-30 03:23:02 DEBUG HomeLoanTest:76 - Extracted Cell: 
2025-07-30 03:23:02 DEBUG HomeLoanTest:76 - Extracted Cell: 
2025-07-30 03:23:02 DEBUG HomeLoanTest:76 - Extracted Cell: 
2025-07-30 03:23:02 DEBUG HomeLoanTest:76 - Extracted Cell: 
2025-07-30 03:23:02 DEBUG HomeLoanTest:76 - Extracted Cell: 
2025-07-30 03:23:02 DEBUG HomeLoanTest:76 - Extracted Cell: 
2025-07-30 03:23:02 DEBUG HomeLoanTest:76 - Extracted Cell: 
2025-07-30 03:23:02 DEBUG HomeLoanTest:76 - Extracted Cell: 
2025-07-30 03:23:02 DEBUG HomeLoanTest:76 - Extracted Cell: 
2025-07-30 03:23:03 DEBUG HomeLoanTest:76 - Extracted Cell: 
2025-07-30 03:23:03 DEBUG HomeLoanTest:76 - Extracted Cell: 
2025-07-30 03:23:03 DEBUG HomeLoanTest:76 - Extracted Cell: 
2025-07-30 03:23:03 DEBUG HomeLoanTest:76 - Extracted Cell: 
2025-07-30 03:23:03 DEBUG HomeLoanTest:76 - Extracted Cell: 
2025-07-30 03:23:03 DEBUG HomeLoanTest:76 - Extracted Cell: 
2025-07-30 03:23:03 DEBUG HomeLoanTest:76 - Extracted Cell: 
2025-07-30 03:23:03 DEBUG HomeLoanTest:76 - Extracted Cell: 
2025-07-30 03:23:03 DEBUG HomeLoanTest:76 - Extracted Cell: 
2025-07-30 03:23:03 DEBUG HomeLoanTest:76 - Extracted Cell: 
2025-07-30 03:23:03 DEBUG HomeLoanTest:76 - Extracted Cell: 
2025-07-30 03:23:03 DEBUG HomeLoanTest:76 - Extracted Cell: 
2025-07-30 03:23:03 DEBUG HomeLoanTest:76 - Extracted Cell: 
2025-07-30 03:23:03 DEBUG HomeLoanTest:76 - Extracted Cell: 
2025-07-30 03:23:03 DEBUG HomeLoanTest:76 - Extracted Cell: 
2025-07-30 03:23:03 DEBUG HomeLoanTest:76 - Extracted Cell: 
2025-07-30 03:23:03 DEBUG HomeLoanTest:76 - Extracted Cell: 
2025-07-30 03:23:03 DEBUG HomeLoanTest:76 - Extracted Cell: 
2025-07-30 03:23:03 DEBUG HomeLoanTest:76 - Extracted Cell: 
2025-07-30 03:23:03 DEBUG HomeLoanTest:76 - Extracted Cell: 
2025-07-30 03:23:03 DEBUG HomeLoanTest:76 - Extracted Cell: 
2025-07-30 03:23:03 DEBUG HomeLoanTest:76 - Extracted Cell: 
2025-07-30 03:23:03 DEBUG HomeLoanTest:76 - Extracted Cell: 
2025-07-30 03:23:03 DEBUG HomeLoanTest:76 - Extracted Cell: 
2025-07-30 03:23:03 DEBUG HomeLoanTest:76 - Extracted Cell: 
2025-07-30 03:23:03 DEBUG HomeLoanTest:76 - Extracted Cell: 
2025-07-30 03:23:03 DEBUG HomeLoanTest:76 - Extracted Cell: 
2025-07-30 03:23:03 DEBUG HomeLoanTest:76 - Extracted Cell: 
2025-07-30 03:23:03 DEBUG HomeLoanTest:76 - Extracted Cell: 
2025-07-30 03:23:03 DEBUG HomeLoanTest:76 - Extracted Cell: 
2025-07-30 03:23:03 DEBUG HomeLoanTest:76 - Extracted Cell: 
2025-07-30 03:23:03 DEBUG HomeLoanTest:76 - Extracted Cell: 
2025-07-30 03:23:03 DEBUG HomeLoanTest:76 - Extracted Cell: 
2025-07-30 03:23:03 DEBUG HomeLoanTest:76 - Extracted Cell: 
2025-07-30 03:23:03 DEBUG HomeLoanTest:76 - Extracted Cell: 
2025-07-30 03:23:03 DEBUG HomeLoanTest:76 - Extracted Cell: 
2025-07-30 03:23:03 DEBUG HomeLoanTest:76 - Extracted Cell: 
2025-07-30 03:23:03 DEBUG HomeLoanTest:76 - Extracted Cell: 
2025-07-30 03:23:03 DEBUG HomeLoanTest:76 - Extracted Cell: 
2025-07-30 03:23:03 DEBUG HomeLoanTest:76 - Extracted Cell: 
2025-07-30 03:23:03 DEBUG HomeLoanTest:76 - Extracted Cell: 
2025-07-30 03:23:04 DEBUG HomeLoanTest:76 - Extracted Cell: 
2025-07-30 03:23:04 DEBUG HomeLoanTest:76 - Extracted Cell: 
2025-07-30 03:23:04 DEBUG HomeLoanTest:76 - Extracted Cell: 
2025-07-30 03:23:04 DEBUG HomeLoanTest:76 - Extracted Cell: 
2025-07-30 03:23:04 DEBUG HomeLoanTest:76 - Extracted Cell: 
2025-07-30 03:23:04 DEBUG HomeLoanTest:76 - Extracted Cell: 
2025-07-30 03:23:04 DEBUG HomeLoanTest:76 - Extracted Cell: 
2025-07-30 03:23:04 DEBUG HomeLoanTest:76 - Extracted Cell: 
2025-07-30 03:23:04 DEBUG HomeLoanTest:76 - Extracted Cell: 
2025-07-30 03:23:04 DEBUG HomeLoanTest:76 - Extracted Cell: 
2025-07-30 03:23:04 DEBUG HomeLoanTest:76 - Extracted Cell: 
2025-07-30 03:23:04 DEBUG HomeLoanTest:76 - Extracted Cell: 
2025-07-30 03:23:04 DEBUG HomeLoanTest:76 - Extracted Cell: 
2025-07-30 03:23:04 DEBUG HomeLoanTest:76 - Extracted Cell: 
2025-07-30 03:23:04 DEBUG HomeLoanTest:76 - Extracted Cell: 
2025-07-30 03:23:04 DEBUG HomeLoanTest:76 - Extracted Cell: 
2025-07-30 03:23:04 DEBUG HomeLoanTest:76 - Extracted Cell: 
2025-07-30 03:23:04 DEBUG HomeLoanTest:76 - Extracted Cell: 
2025-07-30 03:23:04 DEBUG HomeLoanTest:76 - Extracted Cell: 
2025-07-30 03:23:04 DEBUG HomeLoanTest:76 - Extracted Cell: 
2025-07-30 03:23:04 DEBUG HomeLoanTest:76 - Extracted Cell: 
2025-07-30 03:23:04 DEBUG HomeLoanTest:76 - Extracted Cell: 
2025-07-30 03:23:04 DEBUG HomeLoanTest:76 - Extracted Cell: 
2025-07-30 03:23:04 DEBUG HomeLoanTest:76 - Extracted Cell: 
2025-07-30 03:23:04 DEBUG HomeLoanTest:76 - Extracted Cell: 
2025-07-30 03:23:04 DEBUG HomeLoanTest:76 - Extracted Cell: 
2025-07-30 03:23:05 DEBUG HomeLoanTest:76 - Extracted Cell: 
2025-07-30 03:23:05 DEBUG HomeLoanTest:76 - Extracted Cell: 
2025-07-30 03:23:05 DEBUG HomeLoanTest:76 - Extracted Cell: 
2025-07-30 03:23:05 DEBUG HomeLoanTest:76 - Extracted Cell: 
2025-07-30 03:23:05 DEBUG HomeLoanTest:76 - Extracted Cell: 
2025-07-30 03:23:05 DEBUG HomeLoanTest:76 - Extracted Cell: 
2025-07-30 03:23:05 DEBUG HomeLoanTest:76 - Extracted Cell: 
2025-07-30 03:23:05 DEBUG HomeLoanTest:76 - Extracted Cell: 
2025-07-30 03:23:05 DEBUG HomeLoanTest:76 - Extracted Cell: 
2025-07-30 03:23:05 DEBUG HomeLoanTest:76 - Extracted Cell: 
2025-07-30 03:23:05 DEBUG HomeLoanTest:76 - Extracted Cell: 
2025-07-30 03:23:05 DEBUG HomeLoanTest:76 - Extracted Cell: 
2025-07-30 03:23:05 DEBUG HomeLoanTest:76 - Extracted Cell: 
2025-07-30 03:23:05 DEBUG HomeLoanTest:76 - Extracted Cell: 
2025-07-30 03:23:05 DEBUG HomeLoanTest:76 - Extracted Cell: 
2025-07-30 03:23:05 DEBUG HomeLoanTest:76 - Extracted Cell: 
2025-07-30 03:23:05 DEBUG HomeLoanTest:76 - Extracted Cell: 
2025-07-30 03:23:05 DEBUG HomeLoanTest:76 - Extracted Cell: 
2025-07-30 03:23:05 DEBUG HomeLoanTest:76 - Extracted Cell: 
2025-07-30 03:23:05 DEBUG HomeLoanTest:76 - Extracted Cell: 
2025-07-30 03:23:05 DEBUG HomeLoanTest:76 - Extracted Cell: 
2025-07-30 03:23:05 DEBUG HomeLoanTest:76 - Extracted Cell: 
2025-07-30 03:23:05 DEBUG HomeLoanTest:76 - Extracted Cell: 
2025-07-30 03:23:05 DEBUG HomeLoanTest:76 - Extracted Cell: 
2025-07-30 03:23:05 DEBUG HomeLoanTest:76 - Extracted Cell: 
2025-07-30 03:23:05 DEBUG HomeLoanTest:76 - Extracted Cell: 
2025-07-30 03:23:05 DEBUG HomeLoanTest:76 - Extracted Cell: 
2025-07-30 03:23:05 DEBUG HomeLoanTest:76 - Extracted Cell: 
2025-07-30 03:23:05 DEBUG HomeLoanTest:76 - Extracted Cell: 
2025-07-30 03:23:05 DEBUG HomeLoanTest:76 - Extracted Cell: 
2025-07-30 03:23:05 DEBUG HomeLoanTest:76 - Extracted Cell: 
2025-07-30 03:23:05 DEBUG HomeLoanTest:76 - Extracted Cell: 
2025-07-30 03:23:05 DEBUG HomeLoanTest:76 - Extracted Cell: 
2025-07-30 03:23:05 DEBUG HomeLoanTest:76 - Extracted Cell: 
2025-07-30 03:23:05 DEBUG HomeLoanTest:76 - Extracted Cell: 
2025-07-30 03:23:06 DEBUG HomeLoanTest:76 - Extracted Cell: 
2025-07-30 03:23:06 DEBUG HomeLoanTest:76 - Extracted Cell: 
2025-07-30 03:23:06 DEBUG HomeLoanTest:76 - Extracted Cell: 
2025-07-30 03:23:06 DEBUG HomeLoanTest:76 - Extracted Cell: 
2025-07-30 03:23:06 DEBUG HomeLoanTest:76 - Extracted Cell: 
2025-07-30 03:23:06 DEBUG HomeLoanTest:76 - Extracted Cell: 
2025-07-30 03:23:06 DEBUG HomeLoanTest:76 - Extracted Cell: 
2025-07-30 03:23:06 DEBUG HomeLoanTest:76 - Extracted Cell: 
2025-07-30 03:23:06 DEBUG HomeLoanTest:76 - Extracted Cell: 
2025-07-30 03:23:06 DEBUG HomeLoanTest:76 - Extracted Cell: 
2025-07-30 03:23:06 DEBUG HomeLoanTest:76 - Extracted Cell: 
2025-07-30 03:23:06 DEBUG HomeLoanTest:76 - Extracted Cell: 
2025-07-30 03:23:06 DEBUG HomeLoanTest:76 - Extracted Cell: 
2025-07-30 03:23:06 DEBUG HomeLoanTest:76 - Extracted Cell: 
2025-07-30 03:23:06 DEBUG HomeLoanTest:76 - Extracted Cell: 2029
2025-07-30 03:23:06 DEBUG HomeLoanTest:76 - Extracted Cell: ₹ 21,931
2025-07-30 03:23:06 DEBUG HomeLoanTest:76 - Extracted Cell: ₹ 28,128
2025-07-30 03:23:06 DEBUG HomeLoanTest:76 - Extracted Cell: ₹ 3,00,30,250
2025-07-30 03:23:06 DEBUG HomeLoanTest:76 - Extracted Cell: ₹ 3,00,80,309
2025-07-30 03:23:06 DEBUG HomeLoanTest:76 - Extracted Cell: ₹ 3,63,027
2025-07-30 03:23:06 DEBUG HomeLoanTest:76 - Extracted Cell: 19.33%
2025-07-30 03:23:06 DEBUG HomeLoanTest:76 - Extracted Cell: 
2025-07-30 03:23:06 DEBUG HomeLoanTest:76 - Extracted Cell: 
2025-07-30 03:23:06 DEBUG HomeLoanTest:76 - Extracted Cell: 
2025-07-30 03:23:06 DEBUG HomeLoanTest:76 - Extracted Cell: 
2025-07-30 03:23:06 DEBUG HomeLoanTest:76 - Extracted Cell: 
2025-07-30 03:23:06 DEBUG HomeLoanTest:76 - Extracted Cell: 
2025-07-30 03:23:06 DEBUG HomeLoanTest:76 - Extracted Cell: 
2025-07-30 03:23:06 DEBUG HomeLoanTest:76 - Extracted Cell: 
2025-07-30 03:23:06 DEBUG HomeLoanTest:76 - Extracted Cell: 
2025-07-30 03:23:06 DEBUG HomeLoanTest:76 - Extracted Cell: 
2025-07-30 03:23:06 DEBUG HomeLoanTest:76 - Extracted Cell: 
2025-07-30 03:23:06 DEBUG HomeLoanTest:76 - Extracted Cell: 
2025-07-30 03:23:06 DEBUG HomeLoanTest:76 - Extracted Cell: 
2025-07-30 03:23:06 DEBUG HomeLoanTest:76 - Extracted Cell: 
2025-07-30 03:23:06 DEBUG HomeLoanTest:76 - Extracted Cell: 
2025-07-30 03:23:06 DEBUG HomeLoanTest:76 - Extracted Cell: 
2025-07-30 03:23:06 DEBUG HomeLoanTest:76 - Extracted Cell: 
2025-07-30 03:23:06 DEBUG HomeLoanTest:76 - Extracted Cell: 
2025-07-30 03:23:06 DEBUG HomeLoanTest:76 - Extracted Cell: 
2025-07-30 03:23:06 DEBUG HomeLoanTest:76 - Extracted Cell: 
2025-07-30 03:23:06 DEBUG HomeLoanTest:76 - Extracted Cell: 
2025-07-30 03:23:07 DEBUG HomeLoanTest:76 - Extracted Cell: 
2025-07-30 03:23:07 DEBUG HomeLoanTest:76 - Extracted Cell: 
2025-07-30 03:23:07 DEBUG HomeLoanTest:76 - Extracted Cell: 
2025-07-30 03:23:07 DEBUG HomeLoanTest:76 - Extracted Cell: 
2025-07-30 03:23:07 DEBUG HomeLoanTest:76 - Extracted Cell: 
2025-07-30 03:23:07 DEBUG HomeLoanTest:76 - Extracted Cell: 
2025-07-30 03:23:07 DEBUG HomeLoanTest:76 - Extracted Cell: 
2025-07-30 03:23:07 DEBUG HomeLoanTest:76 - Extracted Cell: 
2025-07-30 03:23:07 DEBUG HomeLoanTest:76 - Extracted Cell: 
2025-07-30 03:23:07 DEBUG HomeLoanTest:76 - Extracted Cell: 
2025-07-30 03:23:07 DEBUG HomeLoanTest:76 - Extracted Cell: 
2025-07-30 03:23:07 DEBUG HomeLoanTest:76 - Extracted Cell: 
2025-07-30 03:23:07 DEBUG HomeLoanTest:76 - Extracted Cell: 
2025-07-30 03:23:07 DEBUG HomeLoanTest:76 - Extracted Cell: 
2025-07-30 03:23:07 DEBUG HomeLoanTest:76 - Extracted Cell: 
2025-07-30 03:23:07 DEBUG HomeLoanTest:76 - Extracted Cell: 
2025-07-30 03:23:07 DEBUG HomeLoanTest:76 - Extracted Cell: 
2025-07-30 03:23:07 DEBUG HomeLoanTest:76 - Extracted Cell: 
2025-07-30 03:23:07 DEBUG HomeLoanTest:76 - Extracted Cell: 
2025-07-30 03:23:07 DEBUG HomeLoanTest:76 - Extracted Cell: 
2025-07-30 03:23:07 DEBUG HomeLoanTest:76 - Extracted Cell: 
2025-07-30 03:23:07 DEBUG HomeLoanTest:76 - Extracted Cell: 
2025-07-30 03:23:07 DEBUG HomeLoanTest:76 - Extracted Cell: 
2025-07-30 03:23:07 DEBUG HomeLoanTest:76 - Extracted Cell: 
2025-07-30 03:23:07 DEBUG HomeLoanTest:76 - Extracted Cell: 
2025-07-30 03:23:07 DEBUG HomeLoanTest:76 - Extracted Cell: 
2025-07-30 03:23:07 DEBUG HomeLoanTest:76 - Extracted Cell: 
2025-07-30 03:23:07 DEBUG HomeLoanTest:76 - Extracted Cell: 
2025-07-30 03:23:07 DEBUG HomeLoanTest:76 - Extracted Cell: 
2025-07-30 03:23:07 DEBUG HomeLoanTest:76 - Extracted Cell: 
2025-07-30 03:23:07 DEBUG HomeLoanTest:76 - Extracted Cell: 
2025-07-30 03:23:07 DEBUG HomeLoanTest:76 - Extracted Cell: 
2025-07-30 03:23:07 DEBUG HomeLoanTest:76 - Extracted Cell: 
2025-07-30 03:23:07 DEBUG HomeLoanTest:76 - Extracted Cell: 
2025-07-30 03:23:07 DEBUG HomeLoanTest:76 - Extracted Cell: 
2025-07-30 03:23:07 DEBUG HomeLoanTest:76 - Extracted Cell: 
2025-07-30 03:23:07 DEBUG HomeLoanTest:76 - Extracted Cell: 
2025-07-30 03:23:07 DEBUG HomeLoanTest:76 - Extracted Cell: 
2025-07-30 03:23:07 DEBUG HomeLoanTest:76 - Extracted Cell: 
2025-07-30 03:23:07 DEBUG HomeLoanTest:76 - Extracted Cell: 
2025-07-30 03:23:07 DEBUG HomeLoanTest:76 - Extracted Cell: 
2025-07-30 03:23:07 DEBUG HomeLoanTest:76 - Extracted Cell: 
2025-07-30 03:23:07 DEBUG HomeLoanTest:76 - Extracted Cell: 
2025-07-30 03:23:07 DEBUG HomeLoanTest:76 - Extracted Cell: 
2025-07-30 03:23:07 DEBUG HomeLoanTest:76 - Extracted Cell: 
2025-07-30 03:23:07 DEBUG HomeLoanTest:76 - Extracted Cell: 
2025-07-30 03:23:07 DEBUG HomeLoanTest:76 - Extracted Cell: 
2025-07-30 03:23:07 DEBUG HomeLoanTest:76 - Extracted Cell: 
2025-07-30 03:23:07 DEBUG HomeLoanTest:76 - Extracted Cell: 
2025-07-30 03:23:07 DEBUG HomeLoanTest:76 - Extracted Cell: 
2025-07-30 03:23:07 DEBUG HomeLoanTest:76 - Extracted Cell: 
2025-07-30 03:23:07 DEBUG HomeLoanTest:76 - Extracted Cell: 
2025-07-30 03:23:07 DEBUG HomeLoanTest:76 - Extracted Cell: 
2025-07-30 03:23:07 DEBUG HomeLoanTest:76 - Extracted Cell: 
2025-07-30 03:23:07 DEBUG HomeLoanTest:76 - Extracted Cell: 
2025-07-30 03:23:07 DEBUG HomeLoanTest:76 - Extracted Cell: 
2025-07-30 03:23:07 DEBUG HomeLoanTest:76 - Extracted Cell: 
2025-07-30 03:23:07 DEBUG HomeLoanTest:76 - Extracted Cell: 
2025-07-30 03:23:07 DEBUG HomeLoanTest:76 - Extracted Cell: 
2025-07-30 03:23:07 DEBUG HomeLoanTest:76 - Extracted Cell: 
2025-07-30 03:23:08 DEBUG HomeLoanTest:76 - Extracted Cell: 
2025-07-30 03:23:08 DEBUG HomeLoanTest:76 - Extracted Cell: 
2025-07-30 03:23:08 DEBUG HomeLoanTest:76 - Extracted Cell: 
2025-07-30 03:23:08 DEBUG HomeLoanTest:76 - Extracted Cell: 
2025-07-30 03:23:08 DEBUG HomeLoanTest:76 - Extracted Cell: 
2025-07-30 03:23:08 DEBUG HomeLoanTest:76 - Extracted Cell: 
2025-07-30 03:23:08 DEBUG HomeLoanTest:76 - Extracted Cell: 
2025-07-30 03:23:08 DEBUG HomeLoanTest:76 - Extracted Cell: 
2025-07-30 03:23:08 DEBUG HomeLoanTest:76 - Extracted Cell: 
2025-07-30 03:23:08 DEBUG HomeLoanTest:76 - Extracted Cell: 
2025-07-30 03:23:08 DEBUG HomeLoanTest:76 - Extracted Cell: 
2025-07-30 03:23:08 DEBUG HomeLoanTest:76 - Extracted Cell: 
2025-07-30 03:23:08 DEBUG HomeLoanTest:76 - Extracted Cell: 
2025-07-30 03:23:08 DEBUG HomeLoanTest:76 - Extracted Cell: 
2025-07-30 03:23:08 DEBUG HomeLoanTest:76 - Extracted Cell: 
2025-07-30 03:23:08 DEBUG HomeLoanTest:76 - Extracted Cell: 
2025-07-30 03:23:08 DEBUG HomeLoanTest:76 - Extracted Cell: 
2025-07-30 03:23:08 DEBUG HomeLoanTest:76 - Extracted Cell: 
2025-07-30 03:23:08 DEBUG HomeLoanTest:76 - Extracted Cell: 
2025-07-30 03:23:08 DEBUG HomeLoanTest:76 - Extracted Cell: 
2025-07-30 03:23:08 DEBUG HomeLoanTest:76 - Extracted Cell: 
2025-07-30 03:23:08 DEBUG HomeLoanTest:76 - Extracted Cell: 
2025-07-30 03:23:08 DEBUG HomeLoanTest:76 - Extracted Cell: 
2025-07-30 03:23:08 DEBUG HomeLoanTest:76 - Extracted Cell: 
2025-07-30 03:23:08 DEBUG HomeLoanTest:76 - Extracted Cell: 
2025-07-30 03:23:08 DEBUG HomeLoanTest:76 - Extracted Cell: 
2025-07-30 03:23:08 DEBUG HomeLoanTest:76 - Extracted Cell: 
2025-07-30 03:23:09 DEBUG HomeLoanTest:76 - Extracted Cell: 
2025-07-30 03:23:09 DEBUG HomeLoanTest:76 - Extracted Cell: 
2025-07-30 03:23:09 DEBUG HomeLoanTest:76 - Extracted Cell: 
2025-07-30 03:23:09 DEBUG HomeLoanTest:76 - Extracted Cell: 
2025-07-30 03:23:09 DEBUG HomeLoanTest:76 - Extracted Cell: 
2025-07-30 03:23:09 DEBUG HomeLoanTest:76 - Extracted Cell: 
2025-07-30 03:23:09 DEBUG HomeLoanTest:76 - Extracted Cell: 
2025-07-30 03:23:09 DEBUG HomeLoanTest:76 - Extracted Cell: 
2025-07-30 03:23:09 DEBUG HomeLoanTest:76 - Extracted Cell: 
2025-07-30 03:23:09 DEBUG HomeLoanTest:76 - Extracted Cell: 
2025-07-30 03:23:09 DEBUG HomeLoanTest:76 - Extracted Cell: 
2025-07-30 03:23:09 DEBUG HomeLoanTest:76 - Extracted Cell: 
2025-07-30 03:23:09 DEBUG HomeLoanTest:76 - Extracted Cell: 
2025-07-30 03:23:09 DEBUG HomeLoanTest:76 - Extracted Cell: 
2025-07-30 03:23:09 DEBUG HomeLoanTest:76 - Extracted Cell: 
2025-07-30 03:23:09 DEBUG HomeLoanTest:76 - Extracted Cell: 
2025-07-30 03:23:09 DEBUG HomeLoanTest:76 - Extracted Cell: 
2025-07-30 03:23:09 DEBUG HomeLoanTest:76 - Extracted Cell: 
2025-07-30 03:23:09 DEBUG HomeLoanTest:76 - Extracted Cell: 
2025-07-30 03:23:09 DEBUG HomeLoanTest:76 - Extracted Cell: 
2025-07-30 03:23:09 DEBUG HomeLoanTest:76 - Extracted Cell: 
2025-07-30 03:23:09 DEBUG HomeLoanTest:76 - Extracted Cell: 
2025-07-30 03:23:09 DEBUG HomeLoanTest:76 - Extracted Cell: 
2025-07-30 03:23:09 DEBUG HomeLoanTest:76 - Extracted Cell: 
2025-07-30 03:23:09 DEBUG HomeLoanTest:76 - Extracted Cell: 
2025-07-30 03:23:09 DEBUG HomeLoanTest:76 - Extracted Cell: 
2025-07-30 03:23:09 DEBUG HomeLoanTest:76 - Extracted Cell: 
2025-07-30 03:23:09 DEBUG HomeLoanTest:76 - Extracted Cell: 
2025-07-30 03:23:09 DEBUG HomeLoanTest:76 - Extracted Cell: 
2025-07-30 03:23:09 DEBUG HomeLoanTest:76 - Extracted Cell: 
2025-07-30 03:23:09 DEBUG HomeLoanTest:76 - Extracted Cell: 
2025-07-30 03:23:09 DEBUG HomeLoanTest:76 - Extracted Cell: 
2025-07-30 03:23:09 DEBUG HomeLoanTest:76 - Extracted Cell: 
2025-07-30 03:23:09 DEBUG HomeLoanTest:76 - Extracted Cell: 
2025-07-30 03:23:09 DEBUG HomeLoanTest:76 - Extracted Cell: 
2025-07-30 03:23:09 DEBUG HomeLoanTest:76 - Extracted Cell: 
2025-07-30 03:23:09 DEBUG HomeLoanTest:76 - Extracted Cell: 
2025-07-30 03:23:09 DEBUG HomeLoanTest:76 - Extracted Cell: 
2025-07-30 03:23:09 DEBUG HomeLoanTest:76 - Extracted Cell: 
2025-07-30 03:23:09 DEBUG HomeLoanTest:76 - Extracted Cell: 
2025-07-30 03:23:09 DEBUG HomeLoanTest:76 - Extracted Cell: 
2025-07-30 03:23:09 DEBUG HomeLoanTest:76 - Extracted Cell: 
2025-07-30 03:23:09 DEBUG HomeLoanTest:76 - Extracted Cell: 
2025-07-30 03:23:09 DEBUG HomeLoanTest:76 - Extracted Cell: 
2025-07-30 03:23:09 DEBUG HomeLoanTest:76 - Extracted Cell: 
2025-07-30 03:23:10 DEBUG HomeLoanTest:76 - Extracted Cell: 
2025-07-30 03:23:10 DEBUG HomeLoanTest:76 - Extracted Cell: 
2025-07-30 03:23:10 DEBUG HomeLoanTest:76 - Extracted Cell: 
2025-07-30 03:23:10 DEBUG HomeLoanTest:76 - Extracted Cell: 
2025-07-30 03:23:10 DEBUG HomeLoanTest:76 - Extracted Cell: 
2025-07-30 03:23:10 DEBUG HomeLoanTest:76 - Extracted Cell: 
2025-07-30 03:23:10 DEBUG HomeLoanTest:76 - Extracted Cell: 
2025-07-30 03:23:10 DEBUG HomeLoanTest:76 - Extracted Cell: 
2025-07-30 03:23:10 DEBUG HomeLoanTest:76 - Extracted Cell: 
2025-07-30 03:23:10 DEBUG HomeLoanTest:76 - Extracted Cell: 
2025-07-30 03:23:10 DEBUG HomeLoanTest:76 - Extracted Cell: 
2025-07-30 03:23:10 DEBUG HomeLoanTest:76 - Extracted Cell: 
2025-07-30 03:23:10 DEBUG HomeLoanTest:76 - Extracted Cell: 
2025-07-30 03:23:10 DEBUG HomeLoanTest:76 - Extracted Cell: 
2025-07-30 03:23:10 DEBUG HomeLoanTest:76 - Extracted Cell: 
2025-07-30 03:23:10 DEBUG HomeLoanTest:76 - Extracted Cell: 
2025-07-30 03:23:10 DEBUG HomeLoanTest:76 - Extracted Cell: 2030
2025-07-30 03:23:10 DEBUG HomeLoanTest:76 - Extracted Cell: ₹ 23,633
2025-07-30 03:23:10 DEBUG HomeLoanTest:76 - Extracted Cell: ₹ 26,426
2025-07-30 03:23:10 DEBUG HomeLoanTest:76 - Extracted Cell: ₹ 3,00,30,250
2025-07-30 03:23:10 DEBUG HomeLoanTest:76 - Extracted Cell: ₹ 3,00,80,309
2025-07-30 03:23:10 DEBUG HomeLoanTest:76 - Extracted Cell: ₹ 3,39,394
2025-07-30 03:23:10 DEBUG HomeLoanTest:76 - Extracted Cell: 24.58%
2025-07-30 03:23:10 DEBUG HomeLoanTest:76 - Extracted Cell: 
2025-07-30 03:23:10 DEBUG HomeLoanTest:76 - Extracted Cell: 
2025-07-30 03:23:10 DEBUG HomeLoanTest:76 - Extracted Cell: 
2025-07-30 03:23:10 DEBUG HomeLoanTest:76 - Extracted Cell: 
2025-07-30 03:23:10 DEBUG HomeLoanTest:76 - Extracted Cell: 
2025-07-30 03:23:10 DEBUG HomeLoanTest:76 - Extracted Cell: 
2025-07-30 03:23:10 DEBUG HomeLoanTest:76 - Extracted Cell: 
2025-07-30 03:23:10 DEBUG HomeLoanTest:76 - Extracted Cell: 
2025-07-30 03:23:10 DEBUG HomeLoanTest:76 - Extracted Cell: 
2025-07-30 03:23:10 DEBUG HomeLoanTest:76 - Extracted Cell: 
2025-07-30 03:23:10 DEBUG HomeLoanTest:76 - Extracted Cell: 
2025-07-30 03:23:10 DEBUG HomeLoanTest:76 - Extracted Cell: 
2025-07-30 03:23:10 DEBUG HomeLoanTest:76 - Extracted Cell: 
2025-07-30 03:23:10 DEBUG HomeLoanTest:76 - Extracted Cell: 
2025-07-30 03:23:10 DEBUG HomeLoanTest:76 - Extracted Cell: 
2025-07-30 03:23:10 DEBUG HomeLoanTest:76 - Extracted Cell: 
2025-07-30 03:23:10 DEBUG HomeLoanTest:76 - Extracted Cell: 
2025-07-30 03:23:10 DEBUG HomeLoanTest:76 - Extracted Cell: 
2025-07-30 03:23:10 DEBUG HomeLoanTest:76 - Extracted Cell: 
2025-07-30 03:23:10 DEBUG HomeLoanTest:76 - Extracted Cell: 
2025-07-30 03:23:10 DEBUG HomeLoanTest:76 - Extracted Cell: 
2025-07-30 03:23:10 DEBUG HomeLoanTest:76 - Extracted Cell: 
2025-07-30 03:23:10 DEBUG HomeLoanTest:76 - Extracted Cell: 
2025-07-30 03:23:10 DEBUG HomeLoanTest:76 - Extracted Cell: 
2025-07-30 03:23:10 DEBUG HomeLoanTest:76 - Extracted Cell: 
2025-07-30 03:23:10 DEBUG HomeLoanTest:76 - Extracted Cell: 
2025-07-30 03:23:10 DEBUG HomeLoanTest:76 - Extracted Cell: 
2025-07-30 03:23:10 DEBUG HomeLoanTest:76 - Extracted Cell: 
2025-07-30 03:23:10 DEBUG HomeLoanTest:76 - Extracted Cell: 
2025-07-30 03:23:10 DEBUG HomeLoanTest:76 - Extracted Cell: 
2025-07-30 03:23:11 DEBUG HomeLoanTest:76 - Extracted Cell: 
2025-07-30 03:23:11 DEBUG HomeLoanTest:76 - Extracted Cell: 
2025-07-30 03:23:11 DEBUG HomeLoanTest:76 - Extracted Cell: 
2025-07-30 03:23:11 DEBUG HomeLoanTest:76 - Extracted Cell: 
2025-07-30 03:23:11 DEBUG HomeLoanTest:76 - Extracted Cell: 
2025-07-30 03:23:11 DEBUG HomeLoanTest:76 - Extracted Cell: 
2025-07-30 03:23:11 DEBUG HomeLoanTest:76 - Extracted Cell: 
2025-07-30 03:23:11 DEBUG HomeLoanTest:76 - Extracted Cell: 
2025-07-30 03:23:11 DEBUG HomeLoanTest:76 - Extracted Cell: 
2025-07-30 03:23:11 DEBUG HomeLoanTest:76 - Extracted Cell: 
2025-07-30 03:23:11 DEBUG HomeLoanTest:76 - Extracted Cell: 
2025-07-30 03:23:11 DEBUG HomeLoanTest:76 - Extracted Cell: 
2025-07-30 03:23:11 DEBUG HomeLoanTest:76 - Extracted Cell: 
2025-07-30 03:23:11 DEBUG HomeLoanTest:76 - Extracted Cell: 
2025-07-30 03:23:11 DEBUG HomeLoanTest:76 - Extracted Cell: 
2025-07-30 03:23:11 DEBUG HomeLoanTest:76 - Extracted Cell: 
2025-07-30 03:23:11 DEBUG HomeLoanTest:76 - Extracted Cell: 
2025-07-30 03:23:11 DEBUG HomeLoanTest:76 - Extracted Cell: 
2025-07-30 03:23:11 DEBUG HomeLoanTest:76 - Extracted Cell: 
2025-07-30 03:23:11 DEBUG HomeLoanTest:76 - Extracted Cell: 
2025-07-30 03:23:11 DEBUG HomeLoanTest:76 - Extracted Cell: 
2025-07-30 03:23:11 DEBUG HomeLoanTest:76 - Extracted Cell: 
2025-07-30 03:23:11 DEBUG HomeLoanTest:76 - Extracted Cell: 
2025-07-30 03:23:11 DEBUG HomeLoanTest:76 - Extracted Cell: 
2025-07-30 03:23:11 DEBUG HomeLoanTest:76 - Extracted Cell: 
2025-07-30 03:23:11 DEBUG HomeLoanTest:76 - Extracted Cell: 
2025-07-30 03:23:11 DEBUG HomeLoanTest:76 - Extracted Cell: 
2025-07-30 03:23:11 DEBUG HomeLoanTest:76 - Extracted Cell: 
2025-07-30 03:23:11 DEBUG HomeLoanTest:76 - Extracted Cell: 
2025-07-30 03:23:11 DEBUG HomeLoanTest:76 - Extracted Cell: 
2025-07-30 03:23:11 DEBUG HomeLoanTest:76 - Extracted Cell: 
2025-07-30 03:23:11 DEBUG HomeLoanTest:76 - Extracted Cell: 
2025-07-30 03:23:11 DEBUG HomeLoanTest:76 - Extracted Cell: 
2025-07-30 03:23:11 DEBUG HomeLoanTest:76 - Extracted Cell: 
2025-07-30 03:23:11 DEBUG HomeLoanTest:76 - Extracted Cell: 
2025-07-30 03:23:11 DEBUG HomeLoanTest:76 - Extracted Cell: 
2025-07-30 03:23:11 DEBUG HomeLoanTest:76 - Extracted Cell: 
2025-07-30 03:23:11 DEBUG HomeLoanTest:76 - Extracted Cell: 
2025-07-30 03:23:11 DEBUG HomeLoanTest:76 - Extracted Cell: 
2025-07-30 03:23:11 DEBUG HomeLoanTest:76 - Extracted Cell: 
2025-07-30 03:23:11 DEBUG HomeLoanTest:76 - Extracted Cell: 
2025-07-30 03:23:11 DEBUG HomeLoanTest:76 - Extracted Cell: 
2025-07-30 03:23:11 DEBUG HomeLoanTest:76 - Extracted Cell: 
2025-07-30 03:23:11 DEBUG HomeLoanTest:76 - Extracted Cell: 
2025-07-30 03:23:11 DEBUG HomeLoanTest:76 - Extracted Cell: 
2025-07-30 03:23:11 DEBUG HomeLoanTest:76 - Extracted Cell: 
2025-07-30 03:23:11 DEBUG HomeLoanTest:76 - Extracted Cell: 
2025-07-30 03:23:11 DEBUG HomeLoanTest:76 - Extracted Cell: 
2025-07-30 03:23:11 DEBUG HomeLoanTest:76 - Extracted Cell: 
2025-07-30 03:23:11 DEBUG HomeLoanTest:76 - Extracted Cell: 
2025-07-30 03:23:11 DEBUG HomeLoanTest:76 - Extracted Cell: 
2025-07-30 03:23:11 DEBUG HomeLoanTest:76 - Extracted Cell: 
2025-07-30 03:23:11 DEBUG HomeLoanTest:76 - Extracted Cell: 
2025-07-30 03:23:11 DEBUG HomeLoanTest:76 - Extracted Cell: 
2025-07-30 03:23:11 DEBUG HomeLoanTest:76 - Extracted Cell: 
2025-07-30 03:23:11 DEBUG HomeLoanTest:76 - Extracted Cell: 
2025-07-30 03:23:11 DEBUG HomeLoanTest:76 - Extracted Cell: 
2025-07-30 03:23:11 DEBUG HomeLoanTest:76 - Extracted Cell: 
2025-07-30 03:23:11 DEBUG HomeLoanTest:76 - Extracted Cell: 
2025-07-30 03:23:11 DEBUG HomeLoanTest:76 - Extracted Cell: 
2025-07-30 03:23:11 DEBUG HomeLoanTest:76 - Extracted Cell: 
2025-07-30 03:23:11 DEBUG HomeLoanTest:76 - Extracted Cell: 
2025-07-30 03:23:11 DEBUG HomeLoanTest:76 - Extracted Cell: 
2025-07-30 03:23:11 DEBUG HomeLoanTest:76 - Extracted Cell: 
2025-07-30 03:23:11 DEBUG HomeLoanTest:76 - Extracted Cell: 
2025-07-30 03:23:12 DEBUG HomeLoanTest:76 - Extracted Cell: 
2025-07-30 03:23:12 DEBUG HomeLoanTest:76 - Extracted Cell: 
2025-07-30 03:23:12 DEBUG HomeLoanTest:76 - Extracted Cell: 
2025-07-30 03:23:12 DEBUG HomeLoanTest:76 - Extracted Cell: 
2025-07-30 03:23:12 DEBUG HomeLoanTest:76 - Extracted Cell: 
2025-07-30 03:23:12 DEBUG HomeLoanTest:76 - Extracted Cell: 
2025-07-30 03:23:12 DEBUG HomeLoanTest:76 - Extracted Cell: 
2025-07-30 03:23:12 DEBUG HomeLoanTest:76 - Extracted Cell: 
2025-07-30 03:23:12 DEBUG HomeLoanTest:76 - Extracted Cell: 
2025-07-30 03:23:12 DEBUG HomeLoanTest:76 - Extracted Cell: 
2025-07-30 03:23:12 DEBUG HomeLoanTest:76 - Extracted Cell: 
2025-07-30 03:23:12 DEBUG HomeLoanTest:76 - Extracted Cell: 
2025-07-30 03:23:12 DEBUG HomeLoanTest:76 - Extracted Cell: 
2025-07-30 03:23:12 DEBUG HomeLoanTest:76 - Extracted Cell: 
2025-07-30 03:23:12 DEBUG HomeLoanTest:76 - Extracted Cell: 
2025-07-30 03:23:12 DEBUG HomeLoanTest:76 - Extracted Cell: 
2025-07-30 03:23:12 DEBUG HomeLoanTest:76 - Extracted Cell: 
2025-07-30 03:23:12 DEBUG HomeLoanTest:76 - Extracted Cell: 
2025-07-30 03:23:12 DEBUG HomeLoanTest:76 - Extracted Cell: 
2025-07-30 03:23:12 DEBUG HomeLoanTest:76 - Extracted Cell: 
2025-07-30 03:23:12 DEBUG HomeLoanTest:76 - Extracted Cell: 
2025-07-30 03:23:12 DEBUG HomeLoanTest:76 - Extracted Cell: 
2025-07-30 03:23:12 DEBUG HomeLoanTest:76 - Extracted Cell: 
2025-07-30 03:23:12 DEBUG HomeLoanTest:76 - Extracted Cell: 
2025-07-30 03:23:12 DEBUG HomeLoanTest:76 - Extracted Cell: 
2025-07-30 03:23:12 DEBUG HomeLoanTest:76 - Extracted Cell: 
2025-07-30 03:23:12 DEBUG HomeLoanTest:76 - Extracted Cell: 
2025-07-30 03:23:12 DEBUG HomeLoanTest:76 - Extracted Cell: 
2025-07-30 03:23:12 DEBUG HomeLoanTest:76 - Extracted Cell: 
2025-07-30 03:23:12 DEBUG HomeLoanTest:76 - Extracted Cell: 
2025-07-30 03:23:12 DEBUG HomeLoanTest:76 - Extracted Cell: 
2025-07-30 03:23:12 DEBUG HomeLoanTest:76 - Extracted Cell: 
2025-07-30 03:23:12 DEBUG HomeLoanTest:76 - Extracted Cell: 
2025-07-30 03:23:12 DEBUG HomeLoanTest:76 - Extracted Cell: 
2025-07-30 03:23:12 DEBUG HomeLoanTest:76 - Extracted Cell: 
2025-07-30 03:23:12 DEBUG HomeLoanTest:76 - Extracted Cell: 
2025-07-30 03:23:12 DEBUG HomeLoanTest:76 - Extracted Cell: 
2025-07-30 03:23:12 DEBUG HomeLoanTest:76 - Extracted Cell: 
2025-07-30 03:23:12 DEBUG HomeLoanTest:76 - Extracted Cell: 
2025-07-30 03:23:12 DEBUG HomeLoanTest:76 - Extracted Cell: 
2025-07-30 03:23:12 DEBUG HomeLoanTest:76 - Extracted Cell: 
2025-07-30 03:23:12 DEBUG HomeLoanTest:76 - Extracted Cell: 
2025-07-30 03:23:12 DEBUG HomeLoanTest:76 - Extracted Cell: 
2025-07-30 03:23:12 DEBUG HomeLoanTest:76 - Extracted Cell: 
2025-07-30 03:23:12 DEBUG HomeLoanTest:76 - Extracted Cell: 
2025-07-30 03:23:12 DEBUG HomeLoanTest:76 - Extracted Cell: 
2025-07-30 03:23:13 DEBUG HomeLoanTest:76 - Extracted Cell: 
2025-07-30 03:23:13 DEBUG HomeLoanTest:76 - Extracted Cell: 
2025-07-30 03:23:13 DEBUG HomeLoanTest:76 - Extracted Cell: 
2025-07-30 03:23:13 DEBUG HomeLoanTest:76 - Extracted Cell: 
2025-07-30 03:23:13 DEBUG HomeLoanTest:76 - Extracted Cell: 
2025-07-30 03:23:13 DEBUG HomeLoanTest:76 - Extracted Cell: 
2025-07-30 03:23:13 DEBUG HomeLoanTest:76 - Extracted Cell: 
2025-07-30 03:23:13 DEBUG HomeLoanTest:76 - Extracted Cell: 
2025-07-30 03:23:13 DEBUG HomeLoanTest:76 - Extracted Cell: 
2025-07-30 03:23:13 DEBUG HomeLoanTest:76 - Extracted Cell: 
2025-07-30 03:23:13 DEBUG HomeLoanTest:76 - Extracted Cell: 
2025-07-30 03:23:13 DEBUG HomeLoanTest:76 - Extracted Cell: 
2025-07-30 03:23:13 DEBUG HomeLoanTest:76 - Extracted Cell: 
2025-07-30 03:23:13 DEBUG HomeLoanTest:76 - Extracted Cell: 
2025-07-30 03:23:13 DEBUG HomeLoanTest:76 - Extracted Cell: 
2025-07-30 03:23:13 DEBUG HomeLoanTest:76 - Extracted Cell: 
2025-07-30 03:23:13 DEBUG HomeLoanTest:76 - Extracted Cell: 
2025-07-30 03:23:13 DEBUG HomeLoanTest:76 - Extracted Cell: 
2025-07-30 03:23:13 DEBUG HomeLoanTest:76 - Extracted Cell: 
2025-07-30 03:23:13 DEBUG HomeLoanTest:76 - Extracted Cell: 
2025-07-30 03:23:13 DEBUG HomeLoanTest:76 - Extracted Cell: 
2025-07-30 03:23:13 DEBUG HomeLoanTest:76 - Extracted Cell: 
2025-07-30 03:23:13 DEBUG HomeLoanTest:76 - Extracted Cell: 
2025-07-30 03:23:13 DEBUG HomeLoanTest:76 - Extracted Cell: 
2025-07-30 03:23:13 DEBUG HomeLoanTest:76 - Extracted Cell: 
2025-07-30 03:23:13 DEBUG HomeLoanTest:76 - Extracted Cell: 
2025-07-30 03:23:13 DEBUG HomeLoanTest:76 - Extracted Cell: 
2025-07-30 03:23:13 DEBUG HomeLoanTest:76 - Extracted Cell: 
2025-07-30 03:23:13 DEBUG HomeLoanTest:76 - Extracted Cell: 2031
2025-07-30 03:23:13 DEBUG HomeLoanTest:76 - Extracted Cell: ₹ 25,468
2025-07-30 03:23:14 DEBUG HomeLoanTest:76 - Extracted Cell: ₹ 24,591
2025-07-30 03:23:14 DEBUG HomeLoanTest:76 - Extracted Cell: ₹ 3,00,30,250
2025-07-30 03:23:14 DEBUG HomeLoanTest:76 - Extracted Cell: ₹ 3,00,80,309
2025-07-30 03:23:14 DEBUG HomeLoanTest:76 - Extracted Cell: ₹ 3,13,927
2025-07-30 03:23:14 DEBUG HomeLoanTest:76 - Extracted Cell: 30.24%
2025-07-30 03:23:14 DEBUG HomeLoanTest:76 - Extracted Cell: 
2025-07-30 03:23:14 DEBUG HomeLoanTest:76 - Extracted Cell: 
2025-07-30 03:23:14 DEBUG HomeLoanTest:76 - Extracted Cell: 
2025-07-30 03:23:14 DEBUG HomeLoanTest:76 - Extracted Cell: 
2025-07-30 03:23:14 DEBUG HomeLoanTest:76 - Extracted Cell: 
2025-07-30 03:23:14 DEBUG HomeLoanTest:76 - Extracted Cell: 
2025-07-30 03:23:14 DEBUG HomeLoanTest:76 - Extracted Cell: 
2025-07-30 03:23:14 DEBUG HomeLoanTest:76 - Extracted Cell: 
2025-07-30 03:23:14 DEBUG HomeLoanTest:76 - Extracted Cell: 
2025-07-30 03:23:14 DEBUG HomeLoanTest:76 - Extracted Cell: 
2025-07-30 03:23:14 DEBUG HomeLoanTest:76 - Extracted Cell: 
2025-07-30 03:23:14 DEBUG HomeLoanTest:76 - Extracted Cell: 
2025-07-30 03:23:14 DEBUG HomeLoanTest:76 - Extracted Cell: 
2025-07-30 03:23:14 DEBUG HomeLoanTest:76 - Extracted Cell: 
2025-07-30 03:23:14 DEBUG HomeLoanTest:76 - Extracted Cell: 
2025-07-30 03:23:14 DEBUG HomeLoanTest:76 - Extracted Cell: 
2025-07-30 03:23:14 DEBUG HomeLoanTest:76 - Extracted Cell: 
2025-07-30 03:23:14 DEBUG HomeLoanTest:76 - Extracted Cell: 
2025-07-30 03:23:14 DEBUG HomeLoanTest:76 - Extracted Cell: 
2025-07-30 03:23:14 DEBUG HomeLoanTest:76 - Extracted Cell: 
2025-07-30 03:23:14 DEBUG HomeLoanTest:76 - Extracted Cell: 
2025-07-30 03:23:14 DEBUG HomeLoanTest:76 - Extracted Cell: 
2025-07-30 03:23:14 DEBUG HomeLoanTest:76 - Extracted Cell: 
2025-07-30 03:23:14 DEBUG HomeLoanTest:76 - Extracted Cell: 
2025-07-30 03:23:14 DEBUG HomeLoanTest:76 - Extracted Cell: 
2025-07-30 03:23:14 DEBUG HomeLoanTest:76 - Extracted Cell: 
2025-07-30 03:23:14 DEBUG HomeLoanTest:76 - Extracted Cell: 
2025-07-30 03:23:14 DEBUG HomeLoanTest:76 - Extracted Cell: 
2025-07-30 03:23:14 DEBUG HomeLoanTest:76 - Extracted Cell: 
2025-07-30 03:23:14 DEBUG HomeLoanTest:76 - Extracted Cell: 
2025-07-30 03:23:14 DEBUG HomeLoanTest:76 - Extracted Cell: 
2025-07-30 03:23:14 DEBUG HomeLoanTest:76 - Extracted Cell: 
2025-07-30 03:23:14 DEBUG HomeLoanTest:76 - Extracted Cell: 
2025-07-30 03:23:14 DEBUG HomeLoanTest:76 - Extracted Cell: 
2025-07-30 03:23:14 DEBUG HomeLoanTest:76 - Extracted Cell: 
2025-07-30 03:23:14 DEBUG HomeLoanTest:76 - Extracted Cell: 
2025-07-30 03:23:14 DEBUG HomeLoanTest:76 - Extracted Cell: 
2025-07-30 03:23:14 DEBUG HomeLoanTest:76 - Extracted Cell: 
2025-07-30 03:23:14 DEBUG HomeLoanTest:76 - Extracted Cell: 
2025-07-30 03:23:14 DEBUG HomeLoanTest:76 - Extracted Cell: 
2025-07-30 03:23:14 DEBUG HomeLoanTest:76 - Extracted Cell: 
2025-07-30 03:23:14 DEBUG HomeLoanTest:76 - Extracted Cell: 
2025-07-30 03:23:14 DEBUG HomeLoanTest:76 - Extracted Cell: 
2025-07-30 03:23:14 DEBUG HomeLoanTest:76 - Extracted Cell: 
2025-07-30 03:23:14 DEBUG HomeLoanTest:76 - Extracted Cell: 
2025-07-30 03:23:14 DEBUG HomeLoanTest:76 - Extracted Cell: 
2025-07-30 03:23:14 DEBUG HomeLoanTest:76 - Extracted Cell: 
2025-07-30 03:23:14 DEBUG HomeLoanTest:76 - Extracted Cell: 
2025-07-30 03:23:14 DEBUG HomeLoanTest:76 - Extracted Cell: 
2025-07-30 03:23:14 DEBUG HomeLoanTest:76 - Extracted Cell: 
2025-07-30 03:23:14 DEBUG HomeLoanTest:76 - Extracted Cell: 
2025-07-30 03:23:14 DEBUG HomeLoanTest:76 - Extracted Cell: 
2025-07-30 03:23:14 DEBUG HomeLoanTest:76 - Extracted Cell: 
2025-07-30 03:23:14 DEBUG HomeLoanTest:76 - Extracted Cell: 
2025-07-30 03:23:14 DEBUG HomeLoanTest:76 - Extracted Cell: 
2025-07-30 03:23:14 DEBUG HomeLoanTest:76 - Extracted Cell: 
2025-07-30 03:23:14 DEBUG HomeLoanTest:76 - Extracted Cell: 
2025-07-30 03:23:14 DEBUG HomeLoanTest:76 - Extracted Cell: 
2025-07-30 03:23:14 DEBUG HomeLoanTest:76 - Extracted Cell: 
2025-07-30 03:23:14 DEBUG HomeLoanTest:76 - Extracted Cell: 
2025-07-30 03:23:14 DEBUG HomeLoanTest:76 - Extracted Cell: 
2025-07-30 03:23:15 DEBUG HomeLoanTest:76 - Extracted Cell: 
2025-07-30 03:23:15 DEBUG HomeLoanTest:76 - Extracted Cell: 
2025-07-30 03:23:15 DEBUG HomeLoanTest:76 - Extracted Cell: 
2025-07-30 03:23:15 DEBUG HomeLoanTest:76 - Extracted Cell: 
2025-07-30 03:23:15 DEBUG HomeLoanTest:76 - Extracted Cell: 
2025-07-30 03:23:15 DEBUG HomeLoanTest:76 - Extracted Cell: 
2025-07-30 03:23:15 DEBUG HomeLoanTest:76 - Extracted Cell: 
2025-07-30 03:23:15 DEBUG HomeLoanTest:76 - Extracted Cell: 
2025-07-30 03:23:15 DEBUG HomeLoanTest:76 - Extracted Cell: 
2025-07-30 03:23:15 DEBUG HomeLoanTest:76 - Extracted Cell: 
2025-07-30 03:23:15 DEBUG HomeLoanTest:76 - Extracted Cell: 
2025-07-30 03:23:15 DEBUG HomeLoanTest:76 - Extracted Cell: 
2025-07-30 03:23:15 DEBUG HomeLoanTest:76 - Extracted Cell: 
2025-07-30 03:23:15 DEBUG HomeLoanTest:76 - Extracted Cell: 
2025-07-30 03:23:15 DEBUG HomeLoanTest:76 - Extracted Cell: 
2025-07-30 03:23:15 DEBUG HomeLoanTest:76 - Extracted Cell: 
2025-07-30 03:23:15 DEBUG HomeLoanTest:76 - Extracted Cell: 
2025-07-30 03:23:15 DEBUG HomeLoanTest:76 - Extracted Cell: 
2025-07-30 03:23:15 DEBUG HomeLoanTest:76 - Extracted Cell: 
2025-07-30 03:23:15 DEBUG HomeLoanTest:76 - Extracted Cell: 
2025-07-30 03:23:15 DEBUG HomeLoanTest:76 - Extracted Cell: 
2025-07-30 03:23:15 DEBUG HomeLoanTest:76 - Extracted Cell: 
2025-07-30 03:23:15 DEBUG HomeLoanTest:76 - Extracted Cell: 
2025-07-30 03:23:15 DEBUG HomeLoanTest:76 - Extracted Cell: 
2025-07-30 03:23:15 DEBUG HomeLoanTest:76 - Extracted Cell: 
2025-07-30 03:23:15 DEBUG HomeLoanTest:76 - Extracted Cell: 
2025-07-30 03:23:15 DEBUG HomeLoanTest:76 - Extracted Cell: 
2025-07-30 03:23:15 DEBUG HomeLoanTest:76 - Extracted Cell: 
2025-07-30 03:23:15 DEBUG HomeLoanTest:76 - Extracted Cell: 
2025-07-30 03:23:15 DEBUG HomeLoanTest:76 - Extracted Cell: 
2025-07-30 03:23:15 DEBUG HomeLoanTest:76 - Extracted Cell: 
2025-07-30 03:23:15 DEBUG HomeLoanTest:76 - Extracted Cell: 
2025-07-30 03:23:15 DEBUG HomeLoanTest:76 - Extracted Cell: 
2025-07-30 03:23:15 DEBUG HomeLoanTest:76 - Extracted Cell: 
2025-07-30 03:23:15 DEBUG HomeLoanTest:76 - Extracted Cell: 
2025-07-30 03:23:15 DEBUG HomeLoanTest:76 - Extracted Cell: 
2025-07-30 03:23:15 DEBUG HomeLoanTest:76 - Extracted Cell: 
2025-07-30 03:23:15 DEBUG HomeLoanTest:76 - Extracted Cell: 
2025-07-30 03:23:15 DEBUG HomeLoanTest:76 - Extracted Cell: 
2025-07-30 03:23:15 DEBUG HomeLoanTest:76 - Extracted Cell: 
2025-07-30 03:23:15 DEBUG HomeLoanTest:76 - Extracted Cell: 
2025-07-30 03:23:15 DEBUG HomeLoanTest:76 - Extracted Cell: 
2025-07-30 03:23:15 DEBUG HomeLoanTest:76 - Extracted Cell: 
2025-07-30 03:23:15 DEBUG HomeLoanTest:76 - Extracted Cell: 
2025-07-30 03:23:15 DEBUG HomeLoanTest:76 - Extracted Cell: 
2025-07-30 03:23:15 DEBUG HomeLoanTest:76 - Extracted Cell: 
2025-07-30 03:23:15 DEBUG HomeLoanTest:76 - Extracted Cell: 
2025-07-30 03:23:15 DEBUG HomeLoanTest:76 - Extracted Cell: 
2025-07-30 03:23:15 DEBUG HomeLoanTest:76 - Extracted Cell: 
2025-07-30 03:23:15 DEBUG HomeLoanTest:76 - Extracted Cell: 
2025-07-30 03:23:15 DEBUG HomeLoanTest:76 - Extracted Cell: 
2025-07-30 03:23:15 DEBUG HomeLoanTest:76 - Extracted Cell: 
2025-07-30 03:23:16 DEBUG HomeLoanTest:76 - Extracted Cell: 
2025-07-30 03:23:16 DEBUG HomeLoanTest:76 - Extracted Cell: 
2025-07-30 03:23:16 DEBUG HomeLoanTest:76 - Extracted Cell: 
2025-07-30 03:23:16 DEBUG HomeLoanTest:76 - Extracted Cell: 
2025-07-30 03:23:16 DEBUG HomeLoanTest:76 - Extracted Cell: 
2025-07-30 03:23:16 DEBUG HomeLoanTest:76 - Extracted Cell: 
2025-07-30 03:23:16 DEBUG HomeLoanTest:76 - Extracted Cell: 
2025-07-30 03:23:16 DEBUG HomeLoanTest:76 - Extracted Cell: 
2025-07-30 03:23:16 DEBUG HomeLoanTest:76 - Extracted Cell: 
2025-07-30 03:23:16 DEBUG HomeLoanTest:76 - Extracted Cell: 
2025-07-30 03:23:16 DEBUG HomeLoanTest:76 - Extracted Cell: 
2025-07-30 03:23:16 DEBUG HomeLoanTest:76 - Extracted Cell: 
2025-07-30 03:23:16 DEBUG HomeLoanTest:76 - Extracted Cell: 
2025-07-30 03:23:16 DEBUG HomeLoanTest:76 - Extracted Cell: 
2025-07-30 03:23:16 DEBUG HomeLoanTest:76 - Extracted Cell: 
2025-07-30 03:23:16 DEBUG HomeLoanTest:76 - Extracted Cell: 
2025-07-30 03:23:16 DEBUG HomeLoanTest:76 - Extracted Cell: 
2025-07-30 03:23:16 DEBUG HomeLoanTest:76 - Extracted Cell: 
2025-07-30 03:23:16 DEBUG HomeLoanTest:76 - Extracted Cell: 
2025-07-30 03:23:16 DEBUG HomeLoanTest:76 - Extracted Cell: 
2025-07-30 03:23:16 DEBUG HomeLoanTest:76 - Extracted Cell: 
2025-07-30 03:23:16 DEBUG HomeLoanTest:76 - Extracted Cell: 
2025-07-30 03:23:16 DEBUG HomeLoanTest:76 - Extracted Cell: 
2025-07-30 03:23:16 DEBUG HomeLoanTest:76 - Extracted Cell: 
2025-07-30 03:23:16 DEBUG HomeLoanTest:76 - Extracted Cell: 
2025-07-30 03:23:16 DEBUG HomeLoanTest:76 - Extracted Cell: 
2025-07-30 03:23:16 DEBUG HomeLoanTest:76 - Extracted Cell: 
2025-07-30 03:23:16 DEBUG HomeLoanTest:76 - Extracted Cell: 
2025-07-30 03:23:16 DEBUG HomeLoanTest:76 - Extracted Cell: 
2025-07-30 03:23:16 DEBUG HomeLoanTest:76 - Extracted Cell: 
2025-07-30 03:23:16 DEBUG HomeLoanTest:76 - Extracted Cell: 
2025-07-30 03:23:16 DEBUG HomeLoanTest:76 - Extracted Cell: 
2025-07-30 03:23:16 DEBUG HomeLoanTest:76 - Extracted Cell: 
2025-07-30 03:23:16 DEBUG HomeLoanTest:76 - Extracted Cell: 
2025-07-30 03:23:16 DEBUG HomeLoanTest:76 - Extracted Cell: 
2025-07-30 03:23:16 DEBUG HomeLoanTest:76 - Extracted Cell: 
2025-07-30 03:23:16 DEBUG HomeLoanTest:76 - Extracted Cell: 
2025-07-30 03:23:16 DEBUG HomeLoanTest:76 - Extracted Cell: 
2025-07-30 03:23:16 DEBUG HomeLoanTest:76 - Extracted Cell: 
2025-07-30 03:23:16 DEBUG HomeLoanTest:76 - Extracted Cell: 
2025-07-30 03:23:16 DEBUG HomeLoanTest:76 - Extracted Cell: 
2025-07-30 03:23:16 DEBUG HomeLoanTest:76 - Extracted Cell: 
2025-07-30 03:23:16 DEBUG HomeLoanTest:76 - Extracted Cell: 
2025-07-30 03:23:16 DEBUG HomeLoanTest:76 - Extracted Cell: 
2025-07-30 03:23:16 DEBUG HomeLoanTest:76 - Extracted Cell: 
2025-07-30 03:23:16 DEBUG HomeLoanTest:76 - Extracted Cell: 
2025-07-30 03:23:16 DEBUG HomeLoanTest:76 - Extracted Cell: 
2025-07-30 03:23:16 DEBUG HomeLoanTest:76 - Extracted Cell: 
2025-07-30 03:23:16 DEBUG HomeLoanTest:76 - Extracted Cell: 
2025-07-30 03:23:17 DEBUG HomeLoanTest:76 - Extracted Cell: 
2025-07-30 03:23:17 DEBUG HomeLoanTest:76 - Extracted Cell: 
2025-07-30 03:23:17 DEBUG HomeLoanTest:76 - Extracted Cell: 
2025-07-30 03:23:17 DEBUG HomeLoanTest:76 - Extracted Cell: 
2025-07-30 03:23:17 DEBUG HomeLoanTest:76 - Extracted Cell: 
2025-07-30 03:23:17 DEBUG HomeLoanTest:76 - Extracted Cell: 
2025-07-30 03:23:17 DEBUG HomeLoanTest:76 - Extracted Cell: 
2025-07-30 03:23:17 DEBUG HomeLoanTest:76 - Extracted Cell: 2032
2025-07-30 03:23:17 DEBUG HomeLoanTest:76 - Extracted Cell: ₹ 27,445
2025-07-30 03:23:17 DEBUG HomeLoanTest:76 - Extracted Cell: ₹ 22,614
2025-07-30 03:23:17 DEBUG HomeLoanTest:76 - Extracted Cell: ₹ 3,00,30,250
2025-07-30 03:23:17 DEBUG HomeLoanTest:76 - Extracted Cell: ₹ 3,00,80,309
2025-07-30 03:23:17 DEBUG HomeLoanTest:76 - Extracted Cell: ₹ 2,86,482
2025-07-30 03:23:17 DEBUG HomeLoanTest:76 - Extracted Cell: 36.34%
2025-07-30 03:23:17 DEBUG HomeLoanTest:76 - Extracted Cell: 
2025-07-30 03:23:17 DEBUG HomeLoanTest:76 - Extracted Cell: 
2025-07-30 03:23:17 DEBUG HomeLoanTest:76 - Extracted Cell: 
2025-07-30 03:23:17 DEBUG HomeLoanTest:76 - Extracted Cell: 
2025-07-30 03:23:17 DEBUG HomeLoanTest:76 - Extracted Cell: 
2025-07-30 03:23:17 DEBUG HomeLoanTest:76 - Extracted Cell: 
2025-07-30 03:23:17 DEBUG HomeLoanTest:76 - Extracted Cell: 
2025-07-30 03:23:17 DEBUG HomeLoanTest:76 - Extracted Cell: 
2025-07-30 03:23:17 DEBUG HomeLoanTest:76 - Extracted Cell: 
2025-07-30 03:23:17 DEBUG HomeLoanTest:76 - Extracted Cell: 
2025-07-30 03:23:17 DEBUG HomeLoanTest:76 - Extracted Cell: 
2025-07-30 03:23:17 DEBUG HomeLoanTest:76 - Extracted Cell: 
2025-07-30 03:23:17 DEBUG HomeLoanTest:76 - Extracted Cell: 
2025-07-30 03:23:17 DEBUG HomeLoanTest:76 - Extracted Cell: 
2025-07-30 03:23:17 DEBUG HomeLoanTest:76 - Extracted Cell: 
2025-07-30 03:23:17 DEBUG HomeLoanTest:76 - Extracted Cell: 
2025-07-30 03:23:17 DEBUG HomeLoanTest:76 - Extracted Cell: 
2025-07-30 03:23:17 DEBUG HomeLoanTest:76 - Extracted Cell: 
2025-07-30 03:23:17 DEBUG HomeLoanTest:76 - Extracted Cell: 
2025-07-30 03:23:17 DEBUG HomeLoanTest:76 - Extracted Cell: 
2025-07-30 03:23:17 DEBUG HomeLoanTest:76 - Extracted Cell: 
2025-07-30 03:23:17 DEBUG HomeLoanTest:76 - Extracted Cell: 
2025-07-30 03:23:17 DEBUG HomeLoanTest:76 - Extracted Cell: 
2025-07-30 03:23:17 DEBUG HomeLoanTest:76 - Extracted Cell: 
2025-07-30 03:23:17 DEBUG HomeLoanTest:76 - Extracted Cell: 
2025-07-30 03:23:17 DEBUG HomeLoanTest:76 - Extracted Cell: 
2025-07-30 03:23:17 DEBUG HomeLoanTest:76 - Extracted Cell: 
2025-07-30 03:23:17 DEBUG HomeLoanTest:76 - Extracted Cell: 
2025-07-30 03:23:17 DEBUG HomeLoanTest:76 - Extracted Cell: 
2025-07-30 03:23:17 DEBUG HomeLoanTest:76 - Extracted Cell: 
2025-07-30 03:23:17 DEBUG HomeLoanTest:76 - Extracted Cell: 
2025-07-30 03:23:17 DEBUG HomeLoanTest:76 - Extracted Cell: 
2025-07-30 03:23:17 DEBUG HomeLoanTest:76 - Extracted Cell: 
2025-07-30 03:23:17 DEBUG HomeLoanTest:76 - Extracted Cell: 
2025-07-30 03:23:17 DEBUG HomeLoanTest:76 - Extracted Cell: 
2025-07-30 03:23:17 DEBUG HomeLoanTest:76 - Extracted Cell: 
2025-07-30 03:23:17 DEBUG HomeLoanTest:76 - Extracted Cell: 
2025-07-30 03:23:17 DEBUG HomeLoanTest:76 - Extracted Cell: 
2025-07-30 03:23:17 DEBUG HomeLoanTest:76 - Extracted Cell: 
2025-07-30 03:23:17 DEBUG HomeLoanTest:76 - Extracted Cell: 
2025-07-30 03:23:17 DEBUG HomeLoanTest:76 - Extracted Cell: 
2025-07-30 03:23:17 DEBUG HomeLoanTest:76 - Extracted Cell: 
2025-07-30 03:23:17 DEBUG HomeLoanTest:76 - Extracted Cell: 
2025-07-30 03:23:17 DEBUG HomeLoanTest:76 - Extracted Cell: 
2025-07-30 03:23:17 DEBUG HomeLoanTest:76 - Extracted Cell: 
2025-07-30 03:23:17 DEBUG HomeLoanTest:76 - Extracted Cell: 
2025-07-30 03:23:17 DEBUG HomeLoanTest:76 - Extracted Cell: 
2025-07-30 03:23:17 DEBUG HomeLoanTest:76 - Extracted Cell: 
2025-07-30 03:23:17 DEBUG HomeLoanTest:76 - Extracted Cell: 
2025-07-30 03:23:17 DEBUG HomeLoanTest:76 - Extracted Cell: 
2025-07-30 03:23:18 DEBUG HomeLoanTest:76 - Extracted Cell: 
2025-07-30 03:23:18 DEBUG HomeLoanTest:76 - Extracted Cell: 
2025-07-30 03:23:18 DEBUG HomeLoanTest:76 - Extracted Cell: 
2025-07-30 03:23:18 DEBUG HomeLoanTest:76 - Extracted Cell: 
2025-07-30 03:23:18 DEBUG HomeLoanTest:76 - Extracted Cell: 
2025-07-30 03:23:18 DEBUG HomeLoanTest:76 - Extracted Cell: 
2025-07-30 03:23:18 DEBUG HomeLoanTest:76 - Extracted Cell: 
2025-07-30 03:23:18 DEBUG HomeLoanTest:76 - Extracted Cell: 
2025-07-30 03:23:18 DEBUG HomeLoanTest:76 - Extracted Cell: 
2025-07-30 03:23:18 DEBUG HomeLoanTest:76 - Extracted Cell: 
2025-07-30 03:23:18 DEBUG HomeLoanTest:76 - Extracted Cell: 
2025-07-30 03:23:18 DEBUG HomeLoanTest:76 - Extracted Cell: 
2025-07-30 03:23:18 DEBUG HomeLoanTest:76 - Extracted Cell: 
2025-07-30 03:23:18 DEBUG HomeLoanTest:76 - Extracted Cell: 
2025-07-30 03:23:18 DEBUG HomeLoanTest:76 - Extracted Cell: 
2025-07-30 03:23:18 DEBUG HomeLoanTest:76 - Extracted Cell: 
2025-07-30 03:23:18 DEBUG HomeLoanTest:76 - Extracted Cell: 
2025-07-30 03:23:18 DEBUG HomeLoanTest:76 - Extracted Cell: 
2025-07-30 03:23:18 DEBUG HomeLoanTest:76 - Extracted Cell: 
2025-07-30 03:23:18 DEBUG HomeLoanTest:76 - Extracted Cell: 
2025-07-30 03:23:18 DEBUG HomeLoanTest:76 - Extracted Cell: 
2025-07-30 03:23:18 DEBUG HomeLoanTest:76 - Extracted Cell: 
2025-07-30 03:23:18 DEBUG HomeLoanTest:76 - Extracted Cell: 
2025-07-30 03:23:18 DEBUG HomeLoanTest:76 - Extracted Cell: 
2025-07-30 03:23:18 DEBUG HomeLoanTest:76 - Extracted Cell: 
2025-07-30 03:23:18 DEBUG HomeLoanTest:76 - Extracted Cell: 
2025-07-30 03:23:18 DEBUG HomeLoanTest:76 - Extracted Cell: 
2025-07-30 03:23:18 DEBUG HomeLoanTest:76 - Extracted Cell: 
2025-07-30 03:23:18 DEBUG HomeLoanTest:76 - Extracted Cell: 
2025-07-30 03:23:18 DEBUG HomeLoanTest:76 - Extracted Cell: 
2025-07-30 03:23:18 DEBUG HomeLoanTest:76 - Extracted Cell: 
2025-07-30 03:23:18 DEBUG HomeLoanTest:76 - Extracted Cell: 
2025-07-30 03:23:18 DEBUG HomeLoanTest:76 - Extracted Cell: 
2025-07-30 03:23:18 DEBUG HomeLoanTest:76 - Extracted Cell: 
2025-07-30 03:23:19 DEBUG HomeLoanTest:76 - Extracted Cell: 
2025-07-30 03:23:19 DEBUG HomeLoanTest:76 - Extracted Cell: 
2025-07-30 03:23:19 DEBUG HomeLoanTest:76 - Extracted Cell: 
2025-07-30 03:23:19 DEBUG HomeLoanTest:76 - Extracted Cell: 
2025-07-30 03:23:19 DEBUG HomeLoanTest:76 - Extracted Cell: 
2025-07-30 03:23:19 DEBUG HomeLoanTest:76 - Extracted Cell: 
2025-07-30 03:23:19 DEBUG HomeLoanTest:76 - Extracted Cell: 
2025-07-30 03:23:19 DEBUG HomeLoanTest:76 - Extracted Cell: 
2025-07-30 03:23:19 DEBUG HomeLoanTest:76 - Extracted Cell: 
2025-07-30 03:23:19 DEBUG HomeLoanTest:76 - Extracted Cell: 
2025-07-30 03:23:19 DEBUG HomeLoanTest:76 - Extracted Cell: 
2025-07-30 03:23:19 DEBUG HomeLoanTest:76 - Extracted Cell: 
2025-07-30 03:23:19 DEBUG HomeLoanTest:76 - Extracted Cell: 
2025-07-30 03:23:19 DEBUG HomeLoanTest:76 - Extracted Cell: 
2025-07-30 03:23:19 DEBUG HomeLoanTest:76 - Extracted Cell: 
2025-07-30 03:23:19 DEBUG HomeLoanTest:76 - Extracted Cell: 
2025-07-30 03:23:19 DEBUG HomeLoanTest:76 - Extracted Cell: 
2025-07-30 03:23:19 DEBUG HomeLoanTest:76 - Extracted Cell: 
2025-07-30 03:23:19 DEBUG HomeLoanTest:76 - Extracted Cell: 
2025-07-30 03:23:19 DEBUG HomeLoanTest:76 - Extracted Cell: 
2025-07-30 03:23:19 DEBUG HomeLoanTest:76 - Extracted Cell: 
2025-07-30 03:23:19 DEBUG HomeLoanTest:76 - Extracted Cell: 
2025-07-30 03:23:19 DEBUG HomeLoanTest:76 - Extracted Cell: 
2025-07-30 03:23:19 DEBUG HomeLoanTest:76 - Extracted Cell: 
2025-07-30 03:23:19 DEBUG HomeLoanTest:76 - Extracted Cell: 
2025-07-30 03:23:19 DEBUG HomeLoanTest:76 - Extracted Cell: 
2025-07-30 03:23:19 DEBUG HomeLoanTest:76 - Extracted Cell: 
2025-07-30 03:23:19 DEBUG HomeLoanTest:76 - Extracted Cell: 
2025-07-30 03:23:19 DEBUG HomeLoanTest:76 - Extracted Cell: 
2025-07-30 03:23:20 DEBUG HomeLoanTest:76 - Extracted Cell: 
2025-07-30 03:23:20 DEBUG HomeLoanTest:76 - Extracted Cell: 
2025-07-30 03:23:20 DEBUG HomeLoanTest:76 - Extracted Cell: 
2025-07-30 03:23:20 DEBUG HomeLoanTest:76 - Extracted Cell: 
2025-07-30 03:23:20 DEBUG HomeLoanTest:76 - Extracted Cell: 
2025-07-30 03:23:20 DEBUG HomeLoanTest:76 - Extracted Cell: 
2025-07-30 03:23:20 DEBUG HomeLoanTest:76 - Extracted Cell: 
2025-07-30 03:23:20 DEBUG HomeLoanTest:76 - Extracted Cell: 
2025-07-30 03:23:20 DEBUG HomeLoanTest:76 - Extracted Cell: 
2025-07-30 03:23:20 DEBUG HomeLoanTest:76 - Extracted Cell: 
2025-07-30 03:23:20 DEBUG HomeLoanTest:76 - Extracted Cell: 
2025-07-30 03:23:20 DEBUG HomeLoanTest:76 - Extracted Cell: 
2025-07-30 03:23:20 DEBUG HomeLoanTest:76 - Extracted Cell: 
2025-07-30 03:23:20 DEBUG HomeLoanTest:76 - Extracted Cell: 
2025-07-30 03:23:20 DEBUG HomeLoanTest:76 - Extracted Cell: 
2025-07-30 03:23:20 DEBUG HomeLoanTest:76 - Extracted Cell: 
2025-07-30 03:23:20 DEBUG HomeLoanTest:76 - Extracted Cell: 
2025-07-30 03:23:20 DEBUG HomeLoanTest:76 - Extracted Cell: 
2025-07-30 03:23:20 DEBUG HomeLoanTest:76 - Extracted Cell: 
2025-07-30 03:23:20 DEBUG HomeLoanTest:76 - Extracted Cell: 
2025-07-30 03:23:20 DEBUG HomeLoanTest:76 - Extracted Cell: 
2025-07-30 03:23:20 DEBUG HomeLoanTest:76 - Extracted Cell: 
2025-07-30 03:23:20 DEBUG HomeLoanTest:76 - Extracted Cell: 
2025-07-30 03:23:20 DEBUG HomeLoanTest:76 - Extracted Cell: 
2025-07-30 03:23:20 DEBUG HomeLoanTest:76 - Extracted Cell: 
2025-07-30 03:23:20 DEBUG HomeLoanTest:76 - Extracted Cell: 
2025-07-30 03:23:20 DEBUG HomeLoanTest:76 - Extracted Cell: 
2025-07-30 03:23:20 DEBUG HomeLoanTest:76 - Extracted Cell: 
2025-07-30 03:23:21 DEBUG HomeLoanTest:76 - Extracted Cell: 
2025-07-30 03:23:21 DEBUG HomeLoanTest:76 - Extracted Cell: 
2025-07-30 03:23:21 DEBUG HomeLoanTest:76 - Extracted Cell: 
2025-07-30 03:23:21 DEBUG HomeLoanTest:76 - Extracted Cell: 
2025-07-30 03:23:21 DEBUG HomeLoanTest:76 - Extracted Cell: 
2025-07-30 03:23:21 DEBUG HomeLoanTest:76 - Extracted Cell: 
2025-07-30 03:23:21 DEBUG HomeLoanTest:76 - Extracted Cell: 
2025-07-30 03:23:21 DEBUG HomeLoanTest:76 - Extracted Cell: 
2025-07-30 03:23:21 DEBUG HomeLoanTest:76 - Extracted Cell: 
2025-07-30 03:23:21 DEBUG HomeLoanTest:76 - Extracted Cell: 
2025-07-30 03:23:21 DEBUG HomeLoanTest:76 - Extracted Cell: 
2025-07-30 03:23:21 DEBUG HomeLoanTest:76 - Extracted Cell: 
2025-07-30 03:23:21 DEBUG HomeLoanTest:76 - Extracted Cell: 
2025-07-30 03:23:21 DEBUG HomeLoanTest:76 - Extracted Cell: 
2025-07-30 03:23:21 DEBUG HomeLoanTest:76 - Extracted Cell: 
2025-07-30 03:23:21 DEBUG HomeLoanTest:76 - Extracted Cell: 
2025-07-30 03:23:21 DEBUG HomeLoanTest:76 - Extracted Cell: 
2025-07-30 03:23:21 DEBUG HomeLoanTest:76 - Extracted Cell: 
2025-07-30 03:23:21 DEBUG HomeLoanTest:76 - Extracted Cell: 
2025-07-30 03:23:21 DEBUG HomeLoanTest:76 - Extracted Cell: 
2025-07-30 03:23:21 DEBUG HomeLoanTest:76 - Extracted Cell: 
2025-07-30 03:23:21 DEBUG HomeLoanTest:76 - Extracted Cell: 
2025-07-30 03:23:21 DEBUG HomeLoanTest:76 - Extracted Cell: 
2025-07-30 03:23:21 DEBUG HomeLoanTest:76 - Extracted Cell: 
2025-07-30 03:23:21 DEBUG HomeLoanTest:76 - Extracted Cell: 
2025-07-30 03:23:21 DEBUG HomeLoanTest:76 - Extracted Cell: 
2025-07-30 03:23:21 DEBUG HomeLoanTest:76 - Extracted Cell: 
2025-07-30 03:23:21 DEBUG HomeLoanTest:76 - Extracted Cell: 
2025-07-30 03:23:21 DEBUG HomeLoanTest:76 - Extracted Cell: 2033
2025-07-30 03:23:21 DEBUG HomeLoanTest:76 - Extracted Cell: ₹ 29,575
2025-07-30 03:23:21 DEBUG HomeLoanTest:76 - Extracted Cell: ₹ 20,483
2025-07-30 03:23:21 DEBUG HomeLoanTest:76 - Extracted Cell: ₹ 3,00,30,250
2025-07-30 03:23:21 DEBUG HomeLoanTest:76 - Extracted Cell: ₹ 3,00,80,309
2025-07-30 03:23:21 DEBUG HomeLoanTest:76 - Extracted Cell: ₹ 2,56,906
2025-07-30 03:23:21 DEBUG HomeLoanTest:76 - Extracted Cell: 42.91%
2025-07-30 03:23:22 DEBUG HomeLoanTest:76 - Extracted Cell: 
2025-07-30 03:23:22 DEBUG HomeLoanTest:76 - Extracted Cell: 
2025-07-30 03:23:22 DEBUG HomeLoanTest:76 - Extracted Cell: 
2025-07-30 03:23:22 DEBUG HomeLoanTest:76 - Extracted Cell: 
2025-07-30 03:23:22 DEBUG HomeLoanTest:76 - Extracted Cell: 
2025-07-30 03:23:22 DEBUG HomeLoanTest:76 - Extracted Cell: 
2025-07-30 03:23:22 DEBUG HomeLoanTest:76 - Extracted Cell: 
2025-07-30 03:23:22 DEBUG HomeLoanTest:76 - Extracted Cell: 
2025-07-30 03:23:22 DEBUG HomeLoanTest:76 - Extracted Cell: 
2025-07-30 03:23:22 DEBUG HomeLoanTest:76 - Extracted Cell: 
2025-07-30 03:23:22 DEBUG HomeLoanTest:76 - Extracted Cell: 
2025-07-30 03:23:22 DEBUG HomeLoanTest:76 - Extracted Cell: 
2025-07-30 03:23:22 DEBUG HomeLoanTest:76 - Extracted Cell: 
2025-07-30 03:23:22 DEBUG HomeLoanTest:76 - Extracted Cell: 
2025-07-30 03:23:22 DEBUG HomeLoanTest:76 - Extracted Cell: 
2025-07-30 03:23:22 DEBUG HomeLoanTest:76 - Extracted Cell: 
2025-07-30 03:23:22 DEBUG HomeLoanTest:76 - Extracted Cell: 
2025-07-30 03:23:22 DEBUG HomeLoanTest:76 - Extracted Cell: 
2025-07-30 03:23:22 DEBUG HomeLoanTest:76 - Extracted Cell: 
2025-07-30 03:23:22 DEBUG HomeLoanTest:76 - Extracted Cell: 
2025-07-30 03:23:22 DEBUG HomeLoanTest:76 - Extracted Cell: 
2025-07-30 03:23:22 DEBUG HomeLoanTest:76 - Extracted Cell: 
2025-07-30 03:23:22 DEBUG HomeLoanTest:76 - Extracted Cell: 
2025-07-30 03:23:22 DEBUG HomeLoanTest:76 - Extracted Cell: 
2025-07-30 03:23:22 DEBUG HomeLoanTest:76 - Extracted Cell: 
2025-07-30 03:23:22 DEBUG HomeLoanTest:76 - Extracted Cell: 
2025-07-30 03:23:22 DEBUG HomeLoanTest:76 - Extracted Cell: 
2025-07-30 03:23:22 DEBUG HomeLoanTest:76 - Extracted Cell: 
2025-07-30 03:23:22 DEBUG HomeLoanTest:76 - Extracted Cell: 
2025-07-30 03:23:22 DEBUG HomeLoanTest:76 - Extracted Cell: 
2025-07-30 03:23:22 DEBUG HomeLoanTest:76 - Extracted Cell: 
2025-07-30 03:23:22 DEBUG HomeLoanTest:76 - Extracted Cell: 
2025-07-30 03:23:22 DEBUG HomeLoanTest:76 - Extracted Cell: 
2025-07-30 03:23:22 DEBUG HomeLoanTest:76 - Extracted Cell: 
2025-07-30 03:23:22 DEBUG HomeLoanTest:76 - Extracted Cell: 
2025-07-30 03:23:22 DEBUG HomeLoanTest:76 - Extracted Cell: 
2025-07-30 03:23:22 DEBUG HomeLoanTest:76 - Extracted Cell: 
2025-07-30 03:23:22 DEBUG HomeLoanTest:76 - Extracted Cell: 
2025-07-30 03:23:22 DEBUG HomeLoanTest:76 - Extracted Cell: 
2025-07-30 03:23:22 DEBUG HomeLoanTest:76 - Extracted Cell: 
2025-07-30 03:23:22 DEBUG HomeLoanTest:76 - Extracted Cell: 
2025-07-30 03:23:22 DEBUG HomeLoanTest:76 - Extracted Cell: 
2025-07-30 03:23:22 DEBUG HomeLoanTest:76 - Extracted Cell: 
2025-07-30 03:23:22 DEBUG HomeLoanTest:76 - Extracted Cell: 
2025-07-30 03:23:22 DEBUG HomeLoanTest:76 - Extracted Cell: 
2025-07-30 03:23:22 DEBUG HomeLoanTest:76 - Extracted Cell: 
2025-07-30 03:23:22 DEBUG HomeLoanTest:76 - Extracted Cell: 
2025-07-30 03:23:22 DEBUG HomeLoanTest:76 - Extracted Cell: 
2025-07-30 03:23:22 DEBUG HomeLoanTest:76 - Extracted Cell: 
2025-07-30 03:23:22 DEBUG HomeLoanTest:76 - Extracted Cell: 
2025-07-30 03:23:22 DEBUG HomeLoanTest:76 - Extracted Cell: 
2025-07-30 03:23:22 DEBUG HomeLoanTest:76 - Extracted Cell: 
2025-07-30 03:23:22 DEBUG HomeLoanTest:76 - Extracted Cell: 
2025-07-30 03:23:22 DEBUG HomeLoanTest:76 - Extracted Cell: 
2025-07-30 03:23:22 DEBUG HomeLoanTest:76 - Extracted Cell: 
2025-07-30 03:23:22 DEBUG HomeLoanTest:76 - Extracted Cell: 
2025-07-30 03:23:22 DEBUG HomeLoanTest:76 - Extracted Cell: 
2025-07-30 03:23:22 DEBUG HomeLoanTest:76 - Extracted Cell: 
2025-07-30 03:23:22 DEBUG HomeLoanTest:76 - Extracted Cell: 
2025-07-30 03:23:22 DEBUG HomeLoanTest:76 - Extracted Cell: 
2025-07-30 03:23:22 DEBUG HomeLoanTest:76 - Extracted Cell: 
2025-07-30 03:23:22 DEBUG HomeLoanTest:76 - Extracted Cell: 
2025-07-30 03:23:22 DEBUG HomeLoanTest:76 - Extracted Cell: 
2025-07-30 03:23:22 DEBUG HomeLoanTest:76 - Extracted Cell: 
2025-07-30 03:23:22 DEBUG HomeLoanTest:76 - Extracted Cell: 
2025-07-30 03:23:22 DEBUG HomeLoanTest:76 - Extracted Cell: 
2025-07-30 03:23:22 DEBUG HomeLoanTest:76 - Extracted Cell: 
2025-07-30 03:23:22 DEBUG HomeLoanTest:76 - Extracted Cell: 
2025-07-30 03:23:22 DEBUG HomeLoanTest:76 - Extracted Cell: 
2025-07-30 03:23:22 DEBUG HomeLoanTest:76 - Extracted Cell: 
2025-07-30 03:23:22 DEBUG HomeLoanTest:76 - Extracted Cell: 
2025-07-30 03:23:22 DEBUG HomeLoanTest:76 - Extracted Cell: 
2025-07-30 03:23:22 DEBUG HomeLoanTest:76 - Extracted Cell: 
2025-07-30 03:23:22 DEBUG HomeLoanTest:76 - Extracted Cell: 
2025-07-30 03:23:22 DEBUG HomeLoanTest:76 - Extracted Cell: 
2025-07-30 03:23:22 DEBUG HomeLoanTest:76 - Extracted Cell: 
2025-07-30 03:23:23 DEBUG HomeLoanTest:76 - Extracted Cell: 
2025-07-30 03:23:23 DEBUG HomeLoanTest:76 - Extracted Cell: 
2025-07-30 03:23:23 DEBUG HomeLoanTest:76 - Extracted Cell: 
2025-07-30 03:23:23 DEBUG HomeLoanTest:76 - Extracted Cell: 
2025-07-30 03:23:23 DEBUG HomeLoanTest:76 - Extracted Cell: 
2025-07-30 03:23:23 DEBUG HomeLoanTest:76 - Extracted Cell: 
2025-07-30 03:23:23 DEBUG HomeLoanTest:76 - Extracted Cell: 
2025-07-30 03:23:23 DEBUG HomeLoanTest:76 - Extracted Cell: 
2025-07-30 03:23:23 DEBUG HomeLoanTest:76 - Extracted Cell: 
2025-07-30 03:23:23 DEBUG HomeLoanTest:76 - Extracted Cell: 
2025-07-30 03:23:23 DEBUG HomeLoanTest:76 - Extracted Cell: 
2025-07-30 03:23:23 DEBUG HomeLoanTest:76 - Extracted Cell: 
2025-07-30 03:23:23 DEBUG HomeLoanTest:76 - Extracted Cell: 
2025-07-30 03:23:23 DEBUG HomeLoanTest:76 - Extracted Cell: 
2025-07-30 03:23:23 DEBUG HomeLoanTest:76 - Extracted Cell: 
2025-07-30 03:23:23 DEBUG HomeLoanTest:76 - Extracted Cell: 
2025-07-30 03:23:23 DEBUG HomeLoanTest:76 - Extracted Cell: 
2025-07-30 03:23:23 DEBUG HomeLoanTest:76 - Extracted Cell: 
2025-07-30 03:23:23 DEBUG HomeLoanTest:76 - Extracted Cell: 
2025-07-30 03:23:23 DEBUG HomeLoanTest:76 - Extracted Cell: 
2025-07-30 03:23:23 DEBUG HomeLoanTest:76 - Extracted Cell: 
2025-07-30 03:23:23 DEBUG HomeLoanTest:76 - Extracted Cell: 
2025-07-30 03:23:23 DEBUG HomeLoanTest:76 - Extracted Cell: 
2025-07-30 03:23:23 DEBUG HomeLoanTest:76 - Extracted Cell: 
2025-07-30 03:23:23 DEBUG HomeLoanTest:76 - Extracted Cell: 
2025-07-30 03:23:23 DEBUG HomeLoanTest:76 - Extracted Cell: 
2025-07-30 03:23:23 DEBUG HomeLoanTest:76 - Extracted Cell: 
2025-07-30 03:23:23 DEBUG HomeLoanTest:76 - Extracted Cell: 
2025-07-30 03:23:23 DEBUG HomeLoanTest:76 - Extracted Cell: 
2025-07-30 03:23:23 DEBUG HomeLoanTest:76 - Extracted Cell: 
2025-07-30 03:23:23 DEBUG HomeLoanTest:76 - Extracted Cell: 
2025-07-30 03:23:23 DEBUG HomeLoanTest:76 - Extracted Cell: 
2025-07-30 03:23:23 DEBUG HomeLoanTest:76 - Extracted Cell: 
2025-07-30 03:23:23 DEBUG HomeLoanTest:76 - Extracted Cell: 
2025-07-30 03:23:23 DEBUG HomeLoanTest:76 - Extracted Cell: 
2025-07-30 03:23:23 DEBUG HomeLoanTest:76 - Extracted Cell: 
2025-07-30 03:23:24 DEBUG HomeLoanTest:76 - Extracted Cell: 
2025-07-30 03:23:24 DEBUG HomeLoanTest:76 - Extracted Cell: 
2025-07-30 03:23:24 DEBUG HomeLoanTest:76 - Extracted Cell: 
2025-07-30 03:23:24 DEBUG HomeLoanTest:76 - Extracted Cell: 
2025-07-30 03:23:24 DEBUG HomeLoanTest:76 - Extracted Cell: 
2025-07-30 03:23:24 DEBUG HomeLoanTest:76 - Extracted Cell: 
2025-07-30 03:23:24 DEBUG HomeLoanTest:76 - Extracted Cell: 
2025-07-30 03:23:24 DEBUG HomeLoanTest:76 - Extracted Cell: 
2025-07-30 03:23:24 DEBUG HomeLoanTest:76 - Extracted Cell: 
2025-07-30 03:23:24 DEBUG HomeLoanTest:76 - Extracted Cell: 
2025-07-30 03:23:24 DEBUG HomeLoanTest:76 - Extracted Cell: 
2025-07-30 03:23:24 DEBUG HomeLoanTest:76 - Extracted Cell: 
2025-07-30 03:23:24 DEBUG HomeLoanTest:76 - Extracted Cell: 
2025-07-30 03:23:24 DEBUG HomeLoanTest:76 - Extracted Cell: 
2025-07-30 03:23:24 DEBUG HomeLoanTest:76 - Extracted Cell: 
2025-07-30 03:23:24 DEBUG HomeLoanTest:76 - Extracted Cell: 
2025-07-30 03:23:24 DEBUG HomeLoanTest:76 - Extracted Cell: 
2025-07-30 03:23:24 DEBUG HomeLoanTest:76 - Extracted Cell: 
2025-07-30 03:23:24 DEBUG HomeLoanTest:76 - Extracted Cell: 
2025-07-30 03:23:24 DEBUG HomeLoanTest:76 - Extracted Cell: 
2025-07-30 03:23:24 DEBUG HomeLoanTest:76 - Extracted Cell: 
2025-07-30 03:23:24 DEBUG HomeLoanTest:76 - Extracted Cell: 
2025-07-30 03:23:24 DEBUG HomeLoanTest:76 - Extracted Cell: 
2025-07-30 03:23:24 DEBUG HomeLoanTest:76 - Extracted Cell: 
2025-07-30 03:23:24 DEBUG HomeLoanTest:76 - Extracted Cell: 
2025-07-30 03:23:24 DEBUG HomeLoanTest:76 - Extracted Cell: 
2025-07-30 03:23:24 DEBUG HomeLoanTest:76 - Extracted Cell: 
2025-07-30 03:23:24 DEBUG HomeLoanTest:76 - Extracted Cell: 
2025-07-30 03:23:24 DEBUG HomeLoanTest:76 - Extracted Cell: 
2025-07-30 03:23:24 DEBUG HomeLoanTest:76 - Extracted Cell: 
2025-07-30 03:23:24 DEBUG HomeLoanTest:76 - Extracted Cell: 
2025-07-30 03:23:24 DEBUG HomeLoanTest:76 - Extracted Cell: 
2025-07-30 03:23:24 DEBUG HomeLoanTest:76 - Extracted Cell: 
2025-07-30 03:23:24 DEBUG HomeLoanTest:76 - Extracted Cell: 
2025-07-30 03:23:24 DEBUG HomeLoanTest:76 - Extracted Cell: 
2025-07-30 03:23:24 DEBUG HomeLoanTest:76 - Extracted Cell: 
2025-07-30 03:23:25 DEBUG HomeLoanTest:76 - Extracted Cell: 
2025-07-30 03:23:25 DEBUG HomeLoanTest:76 - Extracted Cell: 
2025-07-30 03:23:25 DEBUG HomeLoanTest:76 - Extracted Cell: 
2025-07-30 03:23:25 DEBUG HomeLoanTest:76 - Extracted Cell: 
2025-07-30 03:23:25 DEBUG HomeLoanTest:76 - Extracted Cell: 
2025-07-30 03:23:25 DEBUG HomeLoanTest:76 - Extracted Cell: 
2025-07-30 03:23:25 DEBUG HomeLoanTest:76 - Extracted Cell: 
2025-07-30 03:23:25 DEBUG HomeLoanTest:76 - Extracted Cell: 
2025-07-30 03:23:25 DEBUG HomeLoanTest:76 - Extracted Cell: 
2025-07-30 03:23:25 DEBUG HomeLoanTest:76 - Extracted Cell: 
2025-07-30 03:23:25 DEBUG HomeLoanTest:76 - Extracted Cell: 
2025-07-30 03:23:25 DEBUG HomeLoanTest:76 - Extracted Cell: 
2025-07-30 03:23:25 DEBUG HomeLoanTest:76 - Extracted Cell: 
2025-07-30 03:23:25 DEBUG HomeLoanTest:76 - Extracted Cell: 
2025-07-30 03:23:25 DEBUG HomeLoanTest:76 - Extracted Cell: 
2025-07-30 03:23:25 DEBUG HomeLoanTest:76 - Extracted Cell: 
2025-07-30 03:23:25 DEBUG HomeLoanTest:76 - Extracted Cell: 
2025-07-30 03:23:25 DEBUG HomeLoanTest:76 - Extracted Cell: 
2025-07-30 03:23:25 DEBUG HomeLoanTest:76 - Extracted Cell: 
2025-07-30 03:23:25 DEBUG HomeLoanTest:76 - Extracted Cell: 
2025-07-30 03:23:25 DEBUG HomeLoanTest:76 - Extracted Cell: 
2025-07-30 03:23:25 DEBUG HomeLoanTest:76 - Extracted Cell: 2034
2025-07-30 03:23:25 DEBUG HomeLoanTest:76 - Extracted Cell: ₹ 31,871
2025-07-30 03:23:25 DEBUG HomeLoanTest:76 - Extracted Cell: ₹ 18,187
2025-07-30 03:23:25 DEBUG HomeLoanTest:76 - Extracted Cell: ₹ 3,00,30,250
2025-07-30 03:23:25 DEBUG HomeLoanTest:76 - Extracted Cell: ₹ 3,00,80,309
2025-07-30 03:23:25 DEBUG HomeLoanTest:76 - Extracted Cell: ₹ 2,25,035
2025-07-30 03:23:25 DEBUG HomeLoanTest:76 - Extracted Cell: 49.99%
2025-07-30 03:23:25 DEBUG HomeLoanTest:76 - Extracted Cell: 
2025-07-30 03:23:25 DEBUG HomeLoanTest:76 - Extracted Cell: 
2025-07-30 03:23:25 DEBUG HomeLoanTest:76 - Extracted Cell: 
2025-07-30 03:23:25 DEBUG HomeLoanTest:76 - Extracted Cell: 
2025-07-30 03:23:25 DEBUG HomeLoanTest:76 - Extracted Cell: 
2025-07-30 03:23:25 DEBUG HomeLoanTest:76 - Extracted Cell: 
2025-07-30 03:23:25 DEBUG HomeLoanTest:76 - Extracted Cell: 
2025-07-30 03:23:25 DEBUG HomeLoanTest:76 - Extracted Cell: 
2025-07-30 03:23:25 DEBUG HomeLoanTest:76 - Extracted Cell: 
2025-07-30 03:23:25 DEBUG HomeLoanTest:76 - Extracted Cell: 
2025-07-30 03:23:25 DEBUG HomeLoanTest:76 - Extracted Cell: 
2025-07-30 03:23:25 DEBUG HomeLoanTest:76 - Extracted Cell: 
2025-07-30 03:23:25 DEBUG HomeLoanTest:76 - Extracted Cell: 
2025-07-30 03:23:25 DEBUG HomeLoanTest:76 - Extracted Cell: 
2025-07-30 03:23:25 DEBUG HomeLoanTest:76 - Extracted Cell: 
2025-07-30 03:23:25 DEBUG HomeLoanTest:76 - Extracted Cell: 
2025-07-30 03:23:25 DEBUG HomeLoanTest:76 - Extracted Cell: 
2025-07-30 03:23:25 DEBUG HomeLoanTest:76 - Extracted Cell: 
2025-07-30 03:23:25 DEBUG HomeLoanTest:76 - Extracted Cell: 
2025-07-30 03:23:25 DEBUG HomeLoanTest:76 - Extracted Cell: 
2025-07-30 03:23:25 DEBUG HomeLoanTest:76 - Extracted Cell: 
2025-07-30 03:23:25 DEBUG HomeLoanTest:76 - Extracted Cell: 
2025-07-30 03:23:26 DEBUG HomeLoanTest:76 - Extracted Cell: 
2025-07-30 03:23:26 DEBUG HomeLoanTest:76 - Extracted Cell: 
2025-07-30 03:23:26 DEBUG HomeLoanTest:76 - Extracted Cell: 
2025-07-30 03:23:26 DEBUG HomeLoanTest:76 - Extracted Cell: 
2025-07-30 03:23:26 DEBUG HomeLoanTest:76 - Extracted Cell: 
2025-07-30 03:23:26 DEBUG HomeLoanTest:76 - Extracted Cell: 
2025-07-30 03:23:26 DEBUG HomeLoanTest:76 - Extracted Cell: 
2025-07-30 03:23:26 DEBUG HomeLoanTest:76 - Extracted Cell: 
2025-07-30 03:23:26 DEBUG HomeLoanTest:76 - Extracted Cell: 
2025-07-30 03:23:26 DEBUG HomeLoanTest:76 - Extracted Cell: 
2025-07-30 03:23:26 DEBUG HomeLoanTest:76 - Extracted Cell: 
2025-07-30 03:23:26 DEBUG HomeLoanTest:76 - Extracted Cell: 
2025-07-30 03:23:26 DEBUG HomeLoanTest:76 - Extracted Cell: 
2025-07-30 03:23:26 DEBUG HomeLoanTest:76 - Extracted Cell: 
2025-07-30 03:23:26 DEBUG HomeLoanTest:76 - Extracted Cell: 
2025-07-30 03:23:26 DEBUG HomeLoanTest:76 - Extracted Cell: 
2025-07-30 03:23:26 DEBUG HomeLoanTest:76 - Extracted Cell: 
2025-07-30 03:23:26 DEBUG HomeLoanTest:76 - Extracted Cell: 
2025-07-30 03:23:26 DEBUG HomeLoanTest:76 - Extracted Cell: 
2025-07-30 03:23:26 DEBUG HomeLoanTest:76 - Extracted Cell: 
2025-07-30 03:23:26 DEBUG HomeLoanTest:76 - Extracted Cell: 
2025-07-30 03:23:26 DEBUG HomeLoanTest:76 - Extracted Cell: 
2025-07-30 03:23:26 DEBUG HomeLoanTest:76 - Extracted Cell: 
2025-07-30 03:23:26 DEBUG HomeLoanTest:76 - Extracted Cell: 
2025-07-30 03:23:26 DEBUG HomeLoanTest:76 - Extracted Cell: 
2025-07-30 03:23:26 DEBUG HomeLoanTest:76 - Extracted Cell: 
2025-07-30 03:23:26 DEBUG HomeLoanTest:76 - Extracted Cell: 
2025-07-30 03:23:26 DEBUG HomeLoanTest:76 - Extracted Cell: 
2025-07-30 03:23:26 DEBUG HomeLoanTest:76 - Extracted Cell: 
2025-07-30 03:23:26 DEBUG HomeLoanTest:76 - Extracted Cell: 
2025-07-30 03:23:26 DEBUG HomeLoanTest:76 - Extracted Cell: 
2025-07-30 03:23:26 DEBUG HomeLoanTest:76 - Extracted Cell: 
2025-07-30 03:23:26 DEBUG HomeLoanTest:76 - Extracted Cell: 
2025-07-30 03:23:26 DEBUG HomeLoanTest:76 - Extracted Cell: 
2025-07-30 03:23:26 DEBUG HomeLoanTest:76 - Extracted Cell: 
2025-07-30 03:23:26 DEBUG HomeLoanTest:76 - Extracted Cell: 
2025-07-30 03:23:26 DEBUG HomeLoanTest:76 - Extracted Cell: 
2025-07-30 03:23:26 DEBUG HomeLoanTest:76 - Extracted Cell: 
2025-07-30 03:23:26 DEBUG HomeLoanTest:76 - Extracted Cell: 
2025-07-30 03:23:26 DEBUG HomeLoanTest:76 - Extracted Cell: 
2025-07-30 03:23:26 DEBUG HomeLoanTest:76 - Extracted Cell: 
2025-07-30 03:23:26 DEBUG HomeLoanTest:76 - Extracted Cell: 
2025-07-30 03:23:26 DEBUG HomeLoanTest:76 - Extracted Cell: 
2025-07-30 03:23:26 DEBUG HomeLoanTest:76 - Extracted Cell: 
2025-07-30 03:23:26 DEBUG HomeLoanTest:76 - Extracted Cell: 
2025-07-30 03:23:26 DEBUG HomeLoanTest:76 - Extracted Cell: 
2025-07-30 03:23:26 DEBUG HomeLoanTest:76 - Extracted Cell: 
2025-07-30 03:23:26 DEBUG HomeLoanTest:76 - Extracted Cell: 
2025-07-30 03:23:26 DEBUG HomeLoanTest:76 - Extracted Cell: 
2025-07-30 03:23:26 DEBUG HomeLoanTest:76 - Extracted Cell: 
2025-07-30 03:23:26 DEBUG HomeLoanTest:76 - Extracted Cell: 
2025-07-30 03:23:26 DEBUG HomeLoanTest:76 - Extracted Cell: 
2025-07-30 03:23:26 DEBUG HomeLoanTest:76 - Extracted Cell: 
2025-07-30 03:23:26 DEBUG HomeLoanTest:76 - Extracted Cell: 
2025-07-30 03:23:26 DEBUG HomeLoanTest:76 - Extracted Cell: 
2025-07-30 03:23:26 DEBUG HomeLoanTest:76 - Extracted Cell: 
2025-07-30 03:23:26 DEBUG HomeLoanTest:76 - Extracted Cell: 
2025-07-30 03:23:26 DEBUG HomeLoanTest:76 - Extracted Cell: 
2025-07-30 03:23:26 DEBUG HomeLoanTest:76 - Extracted Cell: 
2025-07-30 03:23:26 DEBUG HomeLoanTest:76 - Extracted Cell: 
2025-07-30 03:23:26 DEBUG HomeLoanTest:76 - Extracted Cell: 
2025-07-30 03:23:26 DEBUG HomeLoanTest:76 - Extracted Cell: 
2025-07-30 03:23:26 DEBUG HomeLoanTest:76 - Extracted Cell: 
2025-07-30 03:23:27 DEBUG HomeLoanTest:76 - Extracted Cell: 
2025-07-30 03:23:27 DEBUG HomeLoanTest:76 - Extracted Cell: 
2025-07-30 03:23:27 DEBUG HomeLoanTest:76 - Extracted Cell: 
2025-07-30 03:23:27 DEBUG HomeLoanTest:76 - Extracted Cell: 
2025-07-30 03:23:27 DEBUG HomeLoanTest:76 - Extracted Cell: 
2025-07-30 03:23:27 DEBUG HomeLoanTest:76 - Extracted Cell: 
2025-07-30 03:23:27 DEBUG HomeLoanTest:76 - Extracted Cell: 
2025-07-30 03:23:27 DEBUG HomeLoanTest:76 - Extracted Cell: 
2025-07-30 03:23:27 DEBUG HomeLoanTest:76 - Extracted Cell: 
2025-07-30 03:23:27 DEBUG HomeLoanTest:76 - Extracted Cell: 
2025-07-30 03:23:27 DEBUG HomeLoanTest:76 - Extracted Cell: 
2025-07-30 03:23:27 DEBUG HomeLoanTest:76 - Extracted Cell: 
2025-07-30 03:23:27 DEBUG HomeLoanTest:76 - Extracted Cell: 
2025-07-30 03:23:27 DEBUG HomeLoanTest:76 - Extracted Cell: 
2025-07-30 03:23:27 DEBUG HomeLoanTest:76 - Extracted Cell: 
2025-07-30 03:23:27 DEBUG HomeLoanTest:76 - Extracted Cell: 
2025-07-30 03:23:27 DEBUG HomeLoanTest:76 - Extracted Cell: 
2025-07-30 03:23:27 DEBUG HomeLoanTest:76 - Extracted Cell: 
2025-07-30 03:23:27 DEBUG HomeLoanTest:76 - Extracted Cell: 
2025-07-30 03:23:27 DEBUG HomeLoanTest:76 - Extracted Cell: 
2025-07-30 03:23:27 DEBUG HomeLoanTest:76 - Extracted Cell: 
2025-07-30 03:23:27 DEBUG HomeLoanTest:76 - Extracted Cell: 
2025-07-30 03:23:27 DEBUG HomeLoanTest:76 - Extracted Cell: 
2025-07-30 03:23:27 DEBUG HomeLoanTest:76 - Extracted Cell: 
2025-07-30 03:23:27 DEBUG HomeLoanTest:76 - Extracted Cell: 
2025-07-30 03:23:27 DEBUG HomeLoanTest:76 - Extracted Cell: 
2025-07-30 03:23:27 DEBUG HomeLoanTest:76 - Extracted Cell: 
2025-07-30 03:23:27 DEBUG HomeLoanTest:76 - Extracted Cell: 
2025-07-30 03:23:27 DEBUG HomeLoanTest:76 - Extracted Cell: 
2025-07-30 03:23:27 DEBUG HomeLoanTest:76 - Extracted Cell: 
2025-07-30 03:23:27 DEBUG HomeLoanTest:76 - Extracted Cell: 
2025-07-30 03:23:27 DEBUG HomeLoanTest:76 - Extracted Cell: 
2025-07-30 03:23:27 DEBUG HomeLoanTest:76 - Extracted Cell: 
2025-07-30 03:23:27 DEBUG HomeLoanTest:76 - Extracted Cell: 
2025-07-30 03:23:27 DEBUG HomeLoanTest:76 - Extracted Cell: 
2025-07-30 03:23:27 DEBUG HomeLoanTest:76 - Extracted Cell: 
2025-07-30 03:23:27 DEBUG HomeLoanTest:76 - Extracted Cell: 
2025-07-30 03:23:27 DEBUG HomeLoanTest:76 - Extracted Cell: 
2025-07-30 03:23:27 DEBUG HomeLoanTest:76 - Extracted Cell: 
2025-07-30 03:23:27 DEBUG HomeLoanTest:76 - Extracted Cell: 
2025-07-30 03:23:27 DEBUG HomeLoanTest:76 - Extracted Cell: 
2025-07-30 03:23:27 DEBUG HomeLoanTest:76 - Extracted Cell: 
2025-07-30 03:23:27 DEBUG HomeLoanTest:76 - Extracted Cell: 
2025-07-30 03:23:28 DEBUG HomeLoanTest:76 - Extracted Cell: 
2025-07-30 03:23:28 DEBUG HomeLoanTest:76 - Extracted Cell: 
2025-07-30 03:23:28 DEBUG HomeLoanTest:76 - Extracted Cell: 
2025-07-30 03:23:28 DEBUG HomeLoanTest:76 - Extracted Cell: 
2025-07-30 03:23:28 DEBUG HomeLoanTest:76 - Extracted Cell: 
2025-07-30 03:23:28 DEBUG HomeLoanTest:76 - Extracted Cell: 
2025-07-30 03:23:28 DEBUG HomeLoanTest:76 - Extracted Cell: 
2025-07-30 03:23:28 DEBUG HomeLoanTest:76 - Extracted Cell: 
2025-07-30 03:23:28 DEBUG HomeLoanTest:76 - Extracted Cell: 
2025-07-30 03:23:28 DEBUG HomeLoanTest:76 - Extracted Cell: 
2025-07-30 03:23:28 DEBUG HomeLoanTest:76 - Extracted Cell: 
2025-07-30 03:23:28 DEBUG HomeLoanTest:76 - Extracted Cell: 
2025-07-30 03:23:28 DEBUG HomeLoanTest:76 - Extracted Cell: 
2025-07-30 03:23:28 DEBUG HomeLoanTest:76 - Extracted Cell: 
2025-07-30 03:23:28 DEBUG HomeLoanTest:76 - Extracted Cell: 
2025-07-30 03:23:28 DEBUG HomeLoanTest:76 - Extracted Cell: 
2025-07-30 03:23:28 DEBUG HomeLoanTest:76 - Extracted Cell: 
2025-07-30 03:23:28 DEBUG HomeLoanTest:76 - Extracted Cell: 
2025-07-30 03:23:28 DEBUG HomeLoanTest:76 - Extracted Cell: 
2025-07-30 03:23:28 DEBUG HomeLoanTest:76 - Extracted Cell: 
2025-07-30 03:23:28 DEBUG HomeLoanTest:76 - Extracted Cell: 
2025-07-30 03:23:28 DEBUG HomeLoanTest:76 - Extracted Cell: 
2025-07-30 03:23:28 DEBUG HomeLoanTest:76 - Extracted Cell: 
2025-07-30 03:23:28 DEBUG HomeLoanTest:76 - Extracted Cell: 
2025-07-30 03:23:28 DEBUG HomeLoanTest:76 - Extracted Cell: 
2025-07-30 03:23:28 DEBUG HomeLoanTest:76 - Extracted Cell: 
2025-07-30 03:23:28 DEBUG HomeLoanTest:76 - Extracted Cell: 
2025-07-30 03:23:29 DEBUG HomeLoanTest:76 - Extracted Cell: 
2025-07-30 03:23:29 DEBUG HomeLoanTest:76 - Extracted Cell: 
2025-07-30 03:23:29 DEBUG HomeLoanTest:76 - Extracted Cell: 
2025-07-30 03:23:29 DEBUG HomeLoanTest:76 - Extracted Cell: 
2025-07-30 03:23:29 DEBUG HomeLoanTest:76 - Extracted Cell: 
2025-07-30 03:23:29 DEBUG HomeLoanTest:76 - Extracted Cell: 
2025-07-30 03:23:29 DEBUG HomeLoanTest:76 - Extracted Cell: 
2025-07-30 03:23:29 DEBUG HomeLoanTest:76 - Extracted Cell: 
2025-07-30 03:23:29 DEBUG HomeLoanTest:76 - Extracted Cell: 
2025-07-30 03:23:29 DEBUG HomeLoanTest:76 - Extracted Cell: 
2025-07-30 03:23:29 DEBUG HomeLoanTest:76 - Extracted Cell: 
2025-07-30 03:23:29 DEBUG HomeLoanTest:76 - Extracted Cell: 
2025-07-30 03:23:29 DEBUG HomeLoanTest:76 - Extracted Cell: 
2025-07-30 03:23:29 DEBUG HomeLoanTest:76 - Extracted Cell: 
2025-07-30 03:23:29 DEBUG HomeLoanTest:76 - Extracted Cell: 2035
2025-07-30 03:23:29 DEBUG HomeLoanTest:76 - Extracted Cell: ₹ 34,346
2025-07-30 03:23:29 DEBUG HomeLoanTest:76 - Extracted Cell: ₹ 15,713
2025-07-30 03:23:29 DEBUG HomeLoanTest:76 - Extracted Cell: ₹ 3,00,30,250
2025-07-30 03:23:29 DEBUG HomeLoanTest:76 - Extracted Cell: ₹ 3,00,80,309
2025-07-30 03:23:29 DEBUG HomeLoanTest:76 - Extracted Cell: ₹ 1,90,689
2025-07-30 03:23:29 DEBUG HomeLoanTest:76 - Extracted Cell: 57.62%
2025-07-30 03:23:29 DEBUG HomeLoanTest:76 - Extracted Cell: 
2025-07-30 03:23:29 DEBUG HomeLoanTest:76 - Extracted Cell: 
2025-07-30 03:23:29 DEBUG HomeLoanTest:76 - Extracted Cell: 
2025-07-30 03:23:29 DEBUG HomeLoanTest:76 - Extracted Cell: 
2025-07-30 03:23:29 DEBUG HomeLoanTest:76 - Extracted Cell: 
2025-07-30 03:23:29 DEBUG HomeLoanTest:76 - Extracted Cell: 
2025-07-30 03:23:29 DEBUG HomeLoanTest:76 - Extracted Cell: 
2025-07-30 03:23:29 DEBUG HomeLoanTest:76 - Extracted Cell: 
2025-07-30 03:23:29 DEBUG HomeLoanTest:76 - Extracted Cell: 
2025-07-30 03:23:29 DEBUG HomeLoanTest:76 - Extracted Cell: 
2025-07-30 03:23:29 DEBUG HomeLoanTest:76 - Extracted Cell: 
2025-07-30 03:23:29 DEBUG HomeLoanTest:76 - Extracted Cell: 
2025-07-30 03:23:29 DEBUG HomeLoanTest:76 - Extracted Cell: 
2025-07-30 03:23:29 DEBUG HomeLoanTest:76 - Extracted Cell: 
2025-07-30 03:23:29 DEBUG HomeLoanTest:76 - Extracted Cell: 
2025-07-30 03:23:29 DEBUG HomeLoanTest:76 - Extracted Cell: 
2025-07-30 03:23:29 DEBUG HomeLoanTest:76 - Extracted Cell: 
2025-07-30 03:23:29 DEBUG HomeLoanTest:76 - Extracted Cell: 
2025-07-30 03:23:29 DEBUG HomeLoanTest:76 - Extracted Cell: 
2025-07-30 03:23:29 DEBUG HomeLoanTest:76 - Extracted Cell: 
2025-07-30 03:23:29 DEBUG HomeLoanTest:76 - Extracted Cell: 
2025-07-30 03:23:29 DEBUG HomeLoanTest:76 - Extracted Cell: 
2025-07-30 03:23:29 DEBUG HomeLoanTest:76 - Extracted Cell: 
2025-07-30 03:23:29 DEBUG HomeLoanTest:76 - Extracted Cell: 
2025-07-30 03:23:29 DEBUG HomeLoanTest:76 - Extracted Cell: 
2025-07-30 03:23:30 DEBUG HomeLoanTest:76 - Extracted Cell: 
2025-07-30 03:23:30 DEBUG HomeLoanTest:76 - Extracted Cell: 
2025-07-30 03:23:30 DEBUG HomeLoanTest:76 - Extracted Cell: 
2025-07-30 03:23:30 DEBUG HomeLoanTest:76 - Extracted Cell: 
2025-07-30 03:23:30 DEBUG HomeLoanTest:76 - Extracted Cell: 
2025-07-30 03:23:30 DEBUG HomeLoanTest:76 - Extracted Cell: 
2025-07-30 03:23:30 DEBUG HomeLoanTest:76 - Extracted Cell: 
2025-07-30 03:23:30 DEBUG HomeLoanTest:76 - Extracted Cell: 
2025-07-30 03:23:30 DEBUG HomeLoanTest:76 - Extracted Cell: 
2025-07-30 03:23:30 DEBUG HomeLoanTest:76 - Extracted Cell: 
2025-07-30 03:23:30 DEBUG HomeLoanTest:76 - Extracted Cell: 
2025-07-30 03:23:30 DEBUG HomeLoanTest:76 - Extracted Cell: 
2025-07-30 03:23:30 DEBUG HomeLoanTest:76 - Extracted Cell: 
2025-07-30 03:23:30 DEBUG HomeLoanTest:76 - Extracted Cell: 
2025-07-30 03:23:30 DEBUG HomeLoanTest:76 - Extracted Cell: 
2025-07-30 03:23:30 DEBUG HomeLoanTest:76 - Extracted Cell: 
2025-07-30 03:23:30 DEBUG HomeLoanTest:76 - Extracted Cell: 
2025-07-30 03:23:30 DEBUG HomeLoanTest:76 - Extracted Cell: 
2025-07-30 03:23:30 DEBUG HomeLoanTest:76 - Extracted Cell: 
2025-07-30 03:23:30 DEBUG HomeLoanTest:76 - Extracted Cell: 
2025-07-30 03:23:30 DEBUG HomeLoanTest:76 - Extracted Cell: 
2025-07-30 03:23:30 DEBUG HomeLoanTest:76 - Extracted Cell: 
2025-07-30 03:23:30 DEBUG HomeLoanTest:76 - Extracted Cell: 
2025-07-30 03:23:30 DEBUG HomeLoanTest:76 - Extracted Cell: 
2025-07-30 03:23:30 DEBUG HomeLoanTest:76 - Extracted Cell: 
2025-07-30 03:23:30 DEBUG HomeLoanTest:76 - Extracted Cell: 
2025-07-30 03:23:30 DEBUG HomeLoanTest:76 - Extracted Cell: 
2025-07-30 03:23:30 DEBUG HomeLoanTest:76 - Extracted Cell: 
2025-07-30 03:23:30 DEBUG HomeLoanTest:76 - Extracted Cell: 
2025-07-30 03:23:30 DEBUG HomeLoanTest:76 - Extracted Cell: 
2025-07-30 03:23:30 DEBUG HomeLoanTest:76 - Extracted Cell: 
2025-07-30 03:23:30 DEBUG HomeLoanTest:76 - Extracted Cell: 
2025-07-30 03:23:30 DEBUG HomeLoanTest:76 - Extracted Cell: 
2025-07-30 03:23:30 DEBUG HomeLoanTest:76 - Extracted Cell: 
2025-07-30 03:23:30 DEBUG HomeLoanTest:76 - Extracted Cell: 
2025-07-30 03:23:30 DEBUG HomeLoanTest:76 - Extracted Cell: 
2025-07-30 03:23:30 DEBUG HomeLoanTest:76 - Extracted Cell: 
2025-07-30 03:23:30 DEBUG HomeLoanTest:76 - Extracted Cell: 
2025-07-30 03:23:30 DEBUG HomeLoanTest:76 - Extracted Cell: 
2025-07-30 03:23:30 DEBUG HomeLoanTest:76 - Extracted Cell: 
2025-07-30 03:23:30 DEBUG HomeLoanTest:76 - Extracted Cell: 
2025-07-30 03:23:30 DEBUG HomeLoanTest:76 - Extracted Cell: 
2025-07-30 03:23:30 DEBUG HomeLoanTest:76 - Extracted Cell: 
2025-07-30 03:23:30 DEBUG HomeLoanTest:76 - Extracted Cell: 
2025-07-30 03:23:30 DEBUG HomeLoanTest:76 - Extracted Cell: 
2025-07-30 03:23:30 DEBUG HomeLoanTest:76 - Extracted Cell: 
2025-07-30 03:23:30 DEBUG HomeLoanTest:76 - Extracted Cell: 
2025-07-30 03:23:30 DEBUG HomeLoanTest:76 - Extracted Cell: 
2025-07-30 03:23:30 DEBUG HomeLoanTest:76 - Extracted Cell: 
2025-07-30 03:23:30 DEBUG HomeLoanTest:76 - Extracted Cell: 
2025-07-30 03:23:30 DEBUG HomeLoanTest:76 - Extracted Cell: 
2025-07-30 03:23:30 DEBUG HomeLoanTest:76 - Extracted Cell: 
2025-07-30 03:23:30 DEBUG HomeLoanTest:76 - Extracted Cell: 
2025-07-30 03:23:30 DEBUG HomeLoanTest:76 - Extracted Cell: 
2025-07-30 03:23:30 DEBUG HomeLoanTest:76 - Extracted Cell: 
2025-07-30 03:23:30 DEBUG HomeLoanTest:76 - Extracted Cell: 
2025-07-30 03:23:30 DEBUG HomeLoanTest:76 - Extracted Cell: 
2025-07-30 03:23:30 DEBUG HomeLoanTest:76 - Extracted Cell: 
2025-07-30 03:23:30 DEBUG HomeLoanTest:76 - Extracted Cell: 
2025-07-30 03:23:30 DEBUG HomeLoanTest:76 - Extracted Cell: 
2025-07-30 03:23:31 DEBUG HomeLoanTest:76 - Extracted Cell: 
2025-07-30 03:23:31 DEBUG HomeLoanTest:76 - Extracted Cell: 
2025-07-30 03:23:31 DEBUG HomeLoanTest:76 - Extracted Cell: 
2025-07-30 03:23:31 DEBUG HomeLoanTest:76 - Extracted Cell: 
2025-07-30 03:23:31 DEBUG HomeLoanTest:76 - Extracted Cell: 
2025-07-30 03:23:31 DEBUG HomeLoanTest:76 - Extracted Cell: 
2025-07-30 03:23:31 DEBUG HomeLoanTest:76 - Extracted Cell: 
2025-07-30 03:23:31 DEBUG HomeLoanTest:76 - Extracted Cell: 
2025-07-30 03:23:31 DEBUG HomeLoanTest:76 - Extracted Cell: 
2025-07-30 03:23:31 DEBUG HomeLoanTest:76 - Extracted Cell: 
2025-07-30 03:23:31 DEBUG HomeLoanTest:76 - Extracted Cell: 
2025-07-30 03:23:31 DEBUG HomeLoanTest:76 - Extracted Cell: 
2025-07-30 03:23:31 DEBUG HomeLoanTest:76 - Extracted Cell: 
2025-07-30 03:23:31 DEBUG HomeLoanTest:76 - Extracted Cell: 
2025-07-30 03:23:31 DEBUG HomeLoanTest:76 - Extracted Cell: 
2025-07-30 03:23:31 DEBUG HomeLoanTest:76 - Extracted Cell: 
2025-07-30 03:23:31 DEBUG HomeLoanTest:76 - Extracted Cell: 
2025-07-30 03:23:31 DEBUG HomeLoanTest:76 - Extracted Cell: 
2025-07-30 03:23:31 DEBUG HomeLoanTest:76 - Extracted Cell: 
2025-07-30 03:23:31 DEBUG HomeLoanTest:76 - Extracted Cell: 
2025-07-30 03:23:31 DEBUG HomeLoanTest:76 - Extracted Cell: 
2025-07-30 03:23:31 DEBUG HomeLoanTest:76 - Extracted Cell: 
2025-07-30 03:23:31 DEBUG HomeLoanTest:76 - Extracted Cell: 
2025-07-30 03:23:31 DEBUG HomeLoanTest:76 - Extracted Cell: 
2025-07-30 03:23:31 DEBUG HomeLoanTest:76 - Extracted Cell: 
2025-07-30 03:23:31 DEBUG HomeLoanTest:76 - Extracted Cell: 
2025-07-30 03:23:31 DEBUG HomeLoanTest:76 - Extracted Cell: 
2025-07-30 03:23:31 DEBUG HomeLoanTest:76 - Extracted Cell: 
2025-07-30 03:23:31 DEBUG HomeLoanTest:76 - Extracted Cell: 
2025-07-30 03:23:31 DEBUG HomeLoanTest:76 - Extracted Cell: 
2025-07-30 03:23:31 DEBUG HomeLoanTest:76 - Extracted Cell: 
2025-07-30 03:23:31 DEBUG HomeLoanTest:76 - Extracted Cell: 
2025-07-30 03:23:31 DEBUG HomeLoanTest:76 - Extracted Cell: 
2025-07-30 03:23:31 DEBUG HomeLoanTest:76 - Extracted Cell: 
2025-07-30 03:23:31 DEBUG HomeLoanTest:76 - Extracted Cell: 
2025-07-30 03:23:31 DEBUG HomeLoanTest:76 - Extracted Cell: 
2025-07-30 03:23:32 DEBUG HomeLoanTest:76 - Extracted Cell: 
2025-07-30 03:23:32 DEBUG HomeLoanTest:76 - Extracted Cell: 
2025-07-30 03:23:32 DEBUG HomeLoanTest:76 - Extracted Cell: 
2025-07-30 03:23:32 DEBUG HomeLoanTest:76 - Extracted Cell: 
2025-07-30 03:23:32 DEBUG HomeLoanTest:76 - Extracted Cell: 
2025-07-30 03:23:32 DEBUG HomeLoanTest:76 - Extracted Cell: 
2025-07-30 03:23:32 DEBUG HomeLoanTest:76 - Extracted Cell: 
2025-07-30 03:23:32 DEBUG HomeLoanTest:76 - Extracted Cell: 
2025-07-30 03:23:32 DEBUG HomeLoanTest:76 - Extracted Cell: 
2025-07-30 03:23:32 DEBUG HomeLoanTest:76 - Extracted Cell: 
2025-07-30 03:23:32 DEBUG HomeLoanTest:76 - Extracted Cell: 
2025-07-30 03:23:32 DEBUG HomeLoanTest:76 - Extracted Cell: 
2025-07-30 03:23:32 DEBUG HomeLoanTest:76 - Extracted Cell: 
2025-07-30 03:23:32 DEBUG HomeLoanTest:76 - Extracted Cell: 
2025-07-30 03:23:32 DEBUG HomeLoanTest:76 - Extracted Cell: 
2025-07-30 03:23:32 DEBUG HomeLoanTest:76 - Extracted Cell: 
2025-07-30 03:23:32 DEBUG HomeLoanTest:76 - Extracted Cell: 
2025-07-30 03:23:32 DEBUG HomeLoanTest:76 - Extracted Cell: 
2025-07-30 03:23:32 DEBUG HomeLoanTest:76 - Extracted Cell: 
2025-07-30 03:23:32 DEBUG HomeLoanTest:76 - Extracted Cell: 
2025-07-30 03:23:32 DEBUG HomeLoanTest:76 - Extracted Cell: 
2025-07-30 03:23:32 DEBUG HomeLoanTest:76 - Extracted Cell: 
2025-07-30 03:23:32 DEBUG HomeLoanTest:76 - Extracted Cell: 
2025-07-30 03:23:32 DEBUG HomeLoanTest:76 - Extracted Cell: 
2025-07-30 03:23:32 DEBUG HomeLoanTest:76 - Extracted Cell: 
2025-07-30 03:23:32 DEBUG HomeLoanTest:76 - Extracted Cell: 
2025-07-30 03:23:32 DEBUG HomeLoanTest:76 - Extracted Cell: 
2025-07-30 03:23:32 DEBUG HomeLoanTest:76 - Extracted Cell: 
2025-07-30 03:23:32 DEBUG HomeLoanTest:76 - Extracted Cell: 
2025-07-30 03:23:32 DEBUG HomeLoanTest:76 - Extracted Cell: 
2025-07-30 03:23:32 DEBUG HomeLoanTest:76 - Extracted Cell: 
2025-07-30 03:23:32 DEBUG HomeLoanTest:76 - Extracted Cell: 
2025-07-30 03:23:32 DEBUG HomeLoanTest:76 - Extracted Cell: 
2025-07-30 03:23:32 DEBUG HomeLoanTest:76 - Extracted Cell: 
2025-07-30 03:23:32 DEBUG HomeLoanTest:76 - Extracted Cell: 
2025-07-30 03:23:32 DEBUG HomeLoanTest:76 - Extracted Cell: 
2025-07-30 03:23:32 DEBUG HomeLoanTest:76 - Extracted Cell: 
2025-07-30 03:23:32 DEBUG HomeLoanTest:76 - Extracted Cell: 
2025-07-30 03:23:33 DEBUG HomeLoanTest:76 - Extracted Cell: 
2025-07-30 03:23:33 DEBUG HomeLoanTest:76 - Extracted Cell: 
2025-07-30 03:23:33 DEBUG HomeLoanTest:76 - Extracted Cell: 
2025-07-30 03:23:33 DEBUG HomeLoanTest:76 - Extracted Cell: 
2025-07-30 03:23:33 DEBUG HomeLoanTest:76 - Extracted Cell: 
2025-07-30 03:23:33 DEBUG HomeLoanTest:76 - Extracted Cell: 
2025-07-30 03:23:33 DEBUG HomeLoanTest:76 - Extracted Cell: 
2025-07-30 03:23:33 DEBUG HomeLoanTest:76 - Extracted Cell: 
2025-07-30 03:23:33 DEBUG HomeLoanTest:76 - Extracted Cell: 
2025-07-30 03:23:33 DEBUG HomeLoanTest:76 - Extracted Cell: 
2025-07-30 03:23:33 DEBUG HomeLoanTest:76 - Extracted Cell: 2036
2025-07-30 03:23:33 DEBUG HomeLoanTest:76 - Extracted Cell: ₹ 37,012
2025-07-30 03:23:33 DEBUG HomeLoanTest:76 - Extracted Cell: ₹ 13,047
2025-07-30 03:23:33 DEBUG HomeLoanTest:76 - Extracted Cell: ₹ 3,00,30,250
2025-07-30 03:23:33 DEBUG HomeLoanTest:76 - Extracted Cell: ₹ 3,00,80,309
2025-07-30 03:23:33 DEBUG HomeLoanTest:76 - Extracted Cell: ₹ 1,53,677
2025-07-30 03:23:33 DEBUG HomeLoanTest:76 - Extracted Cell: 65.85%
2025-07-30 03:23:33 DEBUG HomeLoanTest:76 - Extracted Cell: 
2025-07-30 03:23:33 DEBUG HomeLoanTest:76 - Extracted Cell: 
2025-07-30 03:23:33 DEBUG HomeLoanTest:76 - Extracted Cell: 
2025-07-30 03:23:33 DEBUG HomeLoanTest:76 - Extracted Cell: 
2025-07-30 03:23:33 DEBUG HomeLoanTest:76 - Extracted Cell: 
2025-07-30 03:23:33 DEBUG HomeLoanTest:76 - Extracted Cell: 
2025-07-30 03:23:33 DEBUG HomeLoanTest:76 - Extracted Cell: 
2025-07-30 03:23:33 DEBUG HomeLoanTest:76 - Extracted Cell: 
2025-07-30 03:23:33 DEBUG HomeLoanTest:76 - Extracted Cell: 
2025-07-30 03:23:33 DEBUG HomeLoanTest:76 - Extracted Cell: 
2025-07-30 03:23:33 DEBUG HomeLoanTest:76 - Extracted Cell: 
2025-07-30 03:23:33 DEBUG HomeLoanTest:76 - Extracted Cell: 
2025-07-30 03:23:33 DEBUG HomeLoanTest:76 - Extracted Cell: 
2025-07-30 03:23:33 DEBUG HomeLoanTest:76 - Extracted Cell: 
2025-07-30 03:23:33 DEBUG HomeLoanTest:76 - Extracted Cell: 
2025-07-30 03:23:33 DEBUG HomeLoanTest:76 - Extracted Cell: 
2025-07-30 03:23:33 DEBUG HomeLoanTest:76 - Extracted Cell: 
2025-07-30 03:23:33 DEBUG HomeLoanTest:76 - Extracted Cell: 
2025-07-30 03:23:33 DEBUG HomeLoanTest:76 - Extracted Cell: 
2025-07-30 03:23:33 DEBUG HomeLoanTest:76 - Extracted Cell: 
2025-07-30 03:23:33 DEBUG HomeLoanTest:76 - Extracted Cell: 
2025-07-30 03:23:33 DEBUG HomeLoanTest:76 - Extracted Cell: 
2025-07-30 03:23:33 DEBUG HomeLoanTest:76 - Extracted Cell: 
2025-07-30 03:23:33 DEBUG HomeLoanTest:76 - Extracted Cell: 
2025-07-30 03:23:33 DEBUG HomeLoanTest:76 - Extracted Cell: 
2025-07-30 03:23:33 DEBUG HomeLoanTest:76 - Extracted Cell: 
2025-07-30 03:23:33 DEBUG HomeLoanTest:76 - Extracted Cell: 
2025-07-30 03:23:33 DEBUG HomeLoanTest:76 - Extracted Cell: 
2025-07-30 03:23:33 DEBUG HomeLoanTest:76 - Extracted Cell: 
2025-07-30 03:23:33 DEBUG HomeLoanTest:76 - Extracted Cell: 
2025-07-30 03:23:33 DEBUG HomeLoanTest:76 - Extracted Cell: 
2025-07-30 03:23:33 DEBUG HomeLoanTest:76 - Extracted Cell: 
2025-07-30 03:23:34 DEBUG HomeLoanTest:76 - Extracted Cell: 
2025-07-30 03:23:34 DEBUG HomeLoanTest:76 - Extracted Cell: 
2025-07-30 03:23:34 DEBUG HomeLoanTest:76 - Extracted Cell: 
2025-07-30 03:23:34 DEBUG HomeLoanTest:76 - Extracted Cell: 
2025-07-30 03:23:34 DEBUG HomeLoanTest:76 - Extracted Cell: 
2025-07-30 03:23:34 DEBUG HomeLoanTest:76 - Extracted Cell: 
2025-07-30 03:23:34 DEBUG HomeLoanTest:76 - Extracted Cell: 
2025-07-30 03:23:34 DEBUG HomeLoanTest:76 - Extracted Cell: 
2025-07-30 03:23:34 DEBUG HomeLoanTest:76 - Extracted Cell: 
2025-07-30 03:23:34 DEBUG HomeLoanTest:76 - Extracted Cell: 
2025-07-30 03:23:34 DEBUG HomeLoanTest:76 - Extracted Cell: 
2025-07-30 03:23:34 DEBUG HomeLoanTest:76 - Extracted Cell: 
2025-07-30 03:23:34 DEBUG HomeLoanTest:76 - Extracted Cell: 
2025-07-30 03:23:34 DEBUG HomeLoanTest:76 - Extracted Cell: 
2025-07-30 03:23:34 DEBUG HomeLoanTest:76 - Extracted Cell: 
2025-07-30 03:23:34 DEBUG HomeLoanTest:76 - Extracted Cell: 
2025-07-30 03:23:34 DEBUG HomeLoanTest:76 - Extracted Cell: 
2025-07-30 03:23:34 DEBUG HomeLoanTest:76 - Extracted Cell: 
2025-07-30 03:23:34 DEBUG HomeLoanTest:76 - Extracted Cell: 
2025-07-30 03:23:34 DEBUG HomeLoanTest:76 - Extracted Cell: 
2025-07-30 03:23:34 DEBUG HomeLoanTest:76 - Extracted Cell: 
2025-07-30 03:23:34 DEBUG HomeLoanTest:76 - Extracted Cell: 
2025-07-30 03:23:34 DEBUG HomeLoanTest:76 - Extracted Cell: 
2025-07-30 03:23:34 DEBUG HomeLoanTest:76 - Extracted Cell: 
2025-07-30 03:23:34 DEBUG HomeLoanTest:76 - Extracted Cell: 
2025-07-30 03:23:34 DEBUG HomeLoanTest:76 - Extracted Cell: 
2025-07-30 03:23:34 DEBUG HomeLoanTest:76 - Extracted Cell: 
2025-07-30 03:23:34 DEBUG HomeLoanTest:76 - Extracted Cell: 
2025-07-30 03:23:34 DEBUG HomeLoanTest:76 - Extracted Cell: 
2025-07-30 03:23:34 DEBUG HomeLoanTest:76 - Extracted Cell: 
2025-07-30 03:23:34 DEBUG HomeLoanTest:76 - Extracted Cell: 
2025-07-30 03:23:34 DEBUG HomeLoanTest:76 - Extracted Cell: 
2025-07-30 03:23:34 DEBUG HomeLoanTest:76 - Extracted Cell: 
2025-07-30 03:23:34 DEBUG HomeLoanTest:76 - Extracted Cell: 
2025-07-30 03:23:34 DEBUG HomeLoanTest:76 - Extracted Cell: 
2025-07-30 03:23:34 DEBUG HomeLoanTest:76 - Extracted Cell: 
2025-07-30 03:23:34 DEBUG HomeLoanTest:76 - Extracted Cell: 
2025-07-30 03:23:34 DEBUG HomeLoanTest:76 - Extracted Cell: 
2025-07-30 03:23:34 DEBUG HomeLoanTest:76 - Extracted Cell: 
2025-07-30 03:23:34 DEBUG HomeLoanTest:76 - Extracted Cell: 
2025-07-30 03:23:34 DEBUG HomeLoanTest:76 - Extracted Cell: 
2025-07-30 03:23:34 DEBUG HomeLoanTest:76 - Extracted Cell: 
2025-07-30 03:23:34 DEBUG HomeLoanTest:76 - Extracted Cell: 
2025-07-30 03:23:34 DEBUG HomeLoanTest:76 - Extracted Cell: 
2025-07-30 03:23:34 DEBUG HomeLoanTest:76 - Extracted Cell: 
2025-07-30 03:23:34 DEBUG HomeLoanTest:76 - Extracted Cell: 
2025-07-30 03:23:34 DEBUG HomeLoanTest:76 - Extracted Cell: 
2025-07-30 03:23:34 DEBUG HomeLoanTest:76 - Extracted Cell: 
2025-07-30 03:23:34 DEBUG HomeLoanTest:76 - Extracted Cell: 
2025-07-30 03:23:34 DEBUG HomeLoanTest:76 - Extracted Cell: 
2025-07-30 03:23:34 DEBUG HomeLoanTest:76 - Extracted Cell: 
2025-07-30 03:23:34 DEBUG HomeLoanTest:76 - Extracted Cell: 
2025-07-30 03:23:34 DEBUG HomeLoanTest:76 - Extracted Cell: 
2025-07-30 03:23:35 DEBUG HomeLoanTest:76 - Extracted Cell: 
2025-07-30 03:23:35 DEBUG HomeLoanTest:76 - Extracted Cell: 
2025-07-30 03:23:35 DEBUG HomeLoanTest:76 - Extracted Cell: 
2025-07-30 03:23:35 DEBUG HomeLoanTest:76 - Extracted Cell: 
2025-07-30 03:23:35 DEBUG HomeLoanTest:76 - Extracted Cell: 
2025-07-30 03:23:35 DEBUG HomeLoanTest:76 - Extracted Cell: 
2025-07-30 03:23:35 DEBUG HomeLoanTest:76 - Extracted Cell: 
2025-07-30 03:23:35 DEBUG HomeLoanTest:76 - Extracted Cell: 
2025-07-30 03:23:35 DEBUG HomeLoanTest:76 - Extracted Cell: 
2025-07-30 03:23:35 DEBUG HomeLoanTest:76 - Extracted Cell: 
2025-07-30 03:23:35 DEBUG HomeLoanTest:76 - Extracted Cell: 
2025-07-30 03:23:35 DEBUG HomeLoanTest:76 - Extracted Cell: 
2025-07-30 03:23:35 DEBUG HomeLoanTest:76 - Extracted Cell: 
2025-07-30 03:23:35 DEBUG HomeLoanTest:76 - Extracted Cell: 
2025-07-30 03:23:35 DEBUG HomeLoanTest:76 - Extracted Cell: 
2025-07-30 03:23:35 DEBUG HomeLoanTest:76 - Extracted Cell: 
2025-07-30 03:23:35 DEBUG HomeLoanTest:76 - Extracted Cell: 
2025-07-30 03:23:35 DEBUG HomeLoanTest:76 - Extracted Cell: 
2025-07-30 03:23:35 DEBUG HomeLoanTest:76 - Extracted Cell: 
2025-07-30 03:23:35 DEBUG HomeLoanTest:76 - Extracted Cell: 
2025-07-30 03:23:35 DEBUG HomeLoanTest:76 - Extracted Cell: 
2025-07-30 03:23:35 DEBUG HomeLoanTest:76 - Extracted Cell: 
2025-07-30 03:23:35 DEBUG HomeLoanTest:76 - Extracted Cell: 
2025-07-30 03:23:35 DEBUG HomeLoanTest:76 - Extracted Cell: 
2025-07-30 03:23:35 DEBUG HomeLoanTest:76 - Extracted Cell: 
2025-07-30 03:23:35 DEBUG HomeLoanTest:76 - Extracted Cell: 
2025-07-30 03:23:35 DEBUG HomeLoanTest:76 - Extracted Cell: 
2025-07-30 03:23:35 DEBUG HomeLoanTest:76 - Extracted Cell: 
2025-07-30 03:23:35 DEBUG HomeLoanTest:76 - Extracted Cell: 
2025-07-30 03:23:35 DEBUG HomeLoanTest:76 - Extracted Cell: 
2025-07-30 03:23:35 DEBUG HomeLoanTest:76 - Extracted Cell: 
2025-07-30 03:23:35 DEBUG HomeLoanTest:76 - Extracted Cell: 
2025-07-30 03:23:36 DEBUG HomeLoanTest:76 - Extracted Cell: 
2025-07-30 03:23:36 DEBUG HomeLoanTest:76 - Extracted Cell: 
2025-07-30 03:23:36 DEBUG HomeLoanTest:76 - Extracted Cell: 
2025-07-30 03:23:36 DEBUG HomeLoanTest:76 - Extracted Cell: 
2025-07-30 03:23:36 DEBUG HomeLoanTest:76 - Extracted Cell: 
2025-07-30 03:23:36 DEBUG HomeLoanTest:76 - Extracted Cell: 
2025-07-30 03:23:36 DEBUG HomeLoanTest:76 - Extracted Cell: 
2025-07-30 03:23:36 DEBUG HomeLoanTest:76 - Extracted Cell: 
2025-07-30 03:23:36 DEBUG HomeLoanTest:76 - Extracted Cell: 
2025-07-30 03:23:36 DEBUG HomeLoanTest:76 - Extracted Cell: 
2025-07-30 03:23:36 DEBUG HomeLoanTest:76 - Extracted Cell: 
2025-07-30 03:23:36 DEBUG HomeLoanTest:76 - Extracted Cell: 
2025-07-30 03:23:36 DEBUG HomeLoanTest:76 - Extracted Cell: 
2025-07-30 03:23:36 DEBUG HomeLoanTest:76 - Extracted Cell: 
2025-07-30 03:23:36 DEBUG HomeLoanTest:76 - Extracted Cell: 
2025-07-30 03:23:36 DEBUG HomeLoanTest:76 - Extracted Cell: 
2025-07-30 03:23:36 DEBUG HomeLoanTest:76 - Extracted Cell: 
2025-07-30 03:23:36 DEBUG HomeLoanTest:76 - Extracted Cell: 
2025-07-30 03:23:36 DEBUG HomeLoanTest:76 - Extracted Cell: 
2025-07-30 03:23:36 DEBUG HomeLoanTest:76 - Extracted Cell: 
2025-07-30 03:23:36 DEBUG HomeLoanTest:76 - Extracted Cell: 
2025-07-30 03:23:36 DEBUG HomeLoanTest:76 - Extracted Cell: 
2025-07-30 03:23:36 DEBUG HomeLoanTest:76 - Extracted Cell: 
2025-07-30 03:23:36 DEBUG HomeLoanTest:76 - Extracted Cell: 
2025-07-30 03:23:36 DEBUG HomeLoanTest:76 - Extracted Cell: 
2025-07-30 03:23:36 DEBUG HomeLoanTest:76 - Extracted Cell: 
2025-07-30 03:23:36 DEBUG HomeLoanTest:76 - Extracted Cell: 
2025-07-30 03:23:36 DEBUG HomeLoanTest:76 - Extracted Cell: 
2025-07-30 03:23:36 DEBUG HomeLoanTest:76 - Extracted Cell: 
2025-07-30 03:23:36 DEBUG HomeLoanTest:76 - Extracted Cell: 
2025-07-30 03:23:36 DEBUG HomeLoanTest:76 - Extracted Cell: 
2025-07-30 03:23:36 DEBUG HomeLoanTest:76 - Extracted Cell: 
2025-07-30 03:23:36 DEBUG HomeLoanTest:76 - Extracted Cell: 
2025-07-30 03:23:36 DEBUG HomeLoanTest:76 - Extracted Cell: 
2025-07-30 03:23:36 DEBUG HomeLoanTest:76 - Extracted Cell: 
2025-07-30 03:23:36 DEBUG HomeLoanTest:76 - Extracted Cell: 
2025-07-30 03:23:36 DEBUG HomeLoanTest:76 - Extracted Cell: 
2025-07-30 03:23:36 DEBUG HomeLoanTest:76 - Extracted Cell: 
2025-07-30 03:23:36 DEBUG HomeLoanTest:76 - Extracted Cell: 
2025-07-30 03:23:36 DEBUG HomeLoanTest:76 - Extracted Cell: 
2025-07-30 03:23:36 DEBUG HomeLoanTest:76 - Extracted Cell: 
2025-07-30 03:23:36 DEBUG HomeLoanTest:76 - Extracted Cell: 
2025-07-30 03:23:36 DEBUG HomeLoanTest:76 - Extracted Cell: 
2025-07-30 03:23:37 DEBUG HomeLoanTest:76 - Extracted Cell: 
2025-07-30 03:23:37 DEBUG HomeLoanTest:76 - Extracted Cell: 
2025-07-30 03:23:37 DEBUG HomeLoanTest:76 - Extracted Cell: 
2025-07-30 03:23:37 DEBUG HomeLoanTest:76 - Extracted Cell: 
2025-07-30 03:23:37 DEBUG HomeLoanTest:76 - Extracted Cell: 
2025-07-30 03:23:37 DEBUG HomeLoanTest:76 - Extracted Cell: 
2025-07-30 03:23:37 DEBUG HomeLoanTest:76 - Extracted Cell: 
2025-07-30 03:23:37 DEBUG HomeLoanTest:76 - Extracted Cell: 
2025-07-30 03:23:37 DEBUG HomeLoanTest:76 - Extracted Cell: 
2025-07-30 03:23:37 DEBUG HomeLoanTest:76 - Extracted Cell: 2037
2025-07-30 03:23:37 DEBUG HomeLoanTest:76 - Extracted Cell: ₹ 39,885
2025-07-30 03:23:37 DEBUG HomeLoanTest:76 - Extracted Cell: ₹ 10,173
2025-07-30 03:23:37 DEBUG HomeLoanTest:76 - Extracted Cell: ₹ 3,00,30,250
2025-07-30 03:23:37 DEBUG HomeLoanTest:76 - Extracted Cell: ₹ 3,00,80,309
2025-07-30 03:23:37 DEBUG HomeLoanTest:76 - Extracted Cell: ₹ 1,13,791
2025-07-30 03:23:37 DEBUG HomeLoanTest:76 - Extracted Cell: 74.71%
2025-07-30 03:23:37 DEBUG HomeLoanTest:76 - Extracted Cell: 
2025-07-30 03:23:37 DEBUG HomeLoanTest:76 - Extracted Cell: 
2025-07-30 03:23:37 DEBUG HomeLoanTest:76 - Extracted Cell: 
2025-07-30 03:23:37 DEBUG HomeLoanTest:76 - Extracted Cell: 
2025-07-30 03:23:37 DEBUG HomeLoanTest:76 - Extracted Cell: 
2025-07-30 03:23:37 DEBUG HomeLoanTest:76 - Extracted Cell: 
2025-07-30 03:23:37 DEBUG HomeLoanTest:76 - Extracted Cell: 
2025-07-30 03:23:37 DEBUG HomeLoanTest:76 - Extracted Cell: 
2025-07-30 03:23:37 DEBUG HomeLoanTest:76 - Extracted Cell: 
2025-07-30 03:23:37 DEBUG HomeLoanTest:76 - Extracted Cell: 
2025-07-30 03:23:37 DEBUG HomeLoanTest:76 - Extracted Cell: 
2025-07-30 03:23:37 DEBUG HomeLoanTest:76 - Extracted Cell: 
2025-07-30 03:23:37 DEBUG HomeLoanTest:76 - Extracted Cell: 
2025-07-30 03:23:37 DEBUG HomeLoanTest:76 - Extracted Cell: 
2025-07-30 03:23:37 DEBUG HomeLoanTest:76 - Extracted Cell: 
2025-07-30 03:23:37 DEBUG HomeLoanTest:76 - Extracted Cell: 
2025-07-30 03:23:37 DEBUG HomeLoanTest:76 - Extracted Cell: 
2025-07-30 03:23:37 DEBUG HomeLoanTest:76 - Extracted Cell: 
2025-07-30 03:23:37 DEBUG HomeLoanTest:76 - Extracted Cell: 
2025-07-30 03:23:37 DEBUG HomeLoanTest:76 - Extracted Cell: 
2025-07-30 03:23:37 DEBUG HomeLoanTest:76 - Extracted Cell: 
2025-07-30 03:23:37 DEBUG HomeLoanTest:76 - Extracted Cell: 
2025-07-30 03:23:37 DEBUG HomeLoanTest:76 - Extracted Cell: 
2025-07-30 03:23:37 DEBUG HomeLoanTest:76 - Extracted Cell: 
2025-07-30 03:23:37 DEBUG HomeLoanTest:76 - Extracted Cell: 
2025-07-30 03:23:37 DEBUG HomeLoanTest:76 - Extracted Cell: 
2025-07-30 03:23:37 DEBUG HomeLoanTest:76 - Extracted Cell: 
2025-07-30 03:23:37 DEBUG HomeLoanTest:76 - Extracted Cell: 
2025-07-30 03:23:37 DEBUG HomeLoanTest:76 - Extracted Cell: 
2025-07-30 03:23:37 DEBUG HomeLoanTest:76 - Extracted Cell: 
2025-07-30 03:23:37 DEBUG HomeLoanTest:76 - Extracted Cell: 
2025-07-30 03:23:37 DEBUG HomeLoanTest:76 - Extracted Cell: 
2025-07-30 03:23:38 DEBUG HomeLoanTest:76 - Extracted Cell: 
2025-07-30 03:23:38 DEBUG HomeLoanTest:76 - Extracted Cell: 
2025-07-30 03:23:38 DEBUG HomeLoanTest:76 - Extracted Cell: 
2025-07-30 03:23:38 DEBUG HomeLoanTest:76 - Extracted Cell: 
2025-07-30 03:23:38 DEBUG HomeLoanTest:76 - Extracted Cell: 
2025-07-30 03:23:38 DEBUG HomeLoanTest:76 - Extracted Cell: 
2025-07-30 03:23:38 DEBUG HomeLoanTest:76 - Extracted Cell: 
2025-07-30 03:23:38 DEBUG HomeLoanTest:76 - Extracted Cell: 
2025-07-30 03:23:38 DEBUG HomeLoanTest:76 - Extracted Cell: 
2025-07-30 03:23:38 DEBUG HomeLoanTest:76 - Extracted Cell: 
2025-07-30 03:23:38 DEBUG HomeLoanTest:76 - Extracted Cell: 
2025-07-30 03:23:38 DEBUG HomeLoanTest:76 - Extracted Cell: 
2025-07-30 03:23:38 DEBUG HomeLoanTest:76 - Extracted Cell: 
2025-07-30 03:23:38 DEBUG HomeLoanTest:76 - Extracted Cell: 
2025-07-30 03:23:38 DEBUG HomeLoanTest:76 - Extracted Cell: 
2025-07-30 03:23:38 DEBUG HomeLoanTest:76 - Extracted Cell: 
2025-07-30 03:23:38 DEBUG HomeLoanTest:76 - Extracted Cell: 
2025-07-30 03:23:38 DEBUG HomeLoanTest:76 - Extracted Cell: 
2025-07-30 03:23:38 DEBUG HomeLoanTest:76 - Extracted Cell: 
2025-07-30 03:23:38 DEBUG HomeLoanTest:76 - Extracted Cell: 
2025-07-30 03:23:38 DEBUG HomeLoanTest:76 - Extracted Cell: 
2025-07-30 03:23:38 DEBUG HomeLoanTest:76 - Extracted Cell: 
2025-07-30 03:23:38 DEBUG HomeLoanTest:76 - Extracted Cell: 
2025-07-30 03:23:38 DEBUG HomeLoanTest:76 - Extracted Cell: 
2025-07-30 03:23:38 DEBUG HomeLoanTest:76 - Extracted Cell: 
2025-07-30 03:23:38 DEBUG HomeLoanTest:76 - Extracted Cell: 
2025-07-30 03:23:38 DEBUG HomeLoanTest:76 - Extracted Cell: 
2025-07-30 03:23:38 DEBUG HomeLoanTest:76 - Extracted Cell: 
2025-07-30 03:23:38 DEBUG HomeLoanTest:76 - Extracted Cell: 
2025-07-30 03:23:38 DEBUG HomeLoanTest:76 - Extracted Cell: 
2025-07-30 03:23:38 DEBUG HomeLoanTest:76 - Extracted Cell: 
2025-07-30 03:23:38 DEBUG HomeLoanTest:76 - Extracted Cell: 
2025-07-30 03:23:39 DEBUG HomeLoanTest:76 - Extracted Cell: 
2025-07-30 03:23:39 DEBUG HomeLoanTest:76 - Extracted Cell: 
2025-07-30 03:23:39 DEBUG HomeLoanTest:76 - Extracted Cell: 
2025-07-30 03:23:39 DEBUG HomeLoanTest:76 - Extracted Cell: 
2025-07-30 03:23:39 DEBUG HomeLoanTest:76 - Extracted Cell: 
2025-07-30 03:23:39 DEBUG HomeLoanTest:76 - Extracted Cell: 
2025-07-30 03:23:39 DEBUG HomeLoanTest:76 - Extracted Cell: 
2025-07-30 03:23:39 DEBUG HomeLoanTest:76 - Extracted Cell: 
2025-07-30 03:23:39 DEBUG HomeLoanTest:76 - Extracted Cell: 
2025-07-30 03:23:39 DEBUG HomeLoanTest:76 - Extracted Cell: 
2025-07-30 03:23:39 DEBUG HomeLoanTest:76 - Extracted Cell: 
2025-07-30 03:23:39 DEBUG HomeLoanTest:76 - Extracted Cell: 
2025-07-30 03:23:39 DEBUG HomeLoanTest:76 - Extracted Cell: 
2025-07-30 03:23:39 DEBUG HomeLoanTest:76 - Extracted Cell: 
2025-07-30 03:23:39 DEBUG HomeLoanTest:76 - Extracted Cell: 
2025-07-30 03:23:39 DEBUG HomeLoanTest:76 - Extracted Cell: 
2025-07-30 03:23:39 DEBUG HomeLoanTest:76 - Extracted Cell: 
2025-07-30 03:23:39 DEBUG HomeLoanTest:76 - Extracted Cell: 
2025-07-30 03:23:39 DEBUG HomeLoanTest:76 - Extracted Cell: 
2025-07-30 03:23:39 DEBUG HomeLoanTest:76 - Extracted Cell: 
2025-07-30 03:23:39 DEBUG HomeLoanTest:76 - Extracted Cell: 
2025-07-30 03:23:39 DEBUG HomeLoanTest:76 - Extracted Cell: 
2025-07-30 03:23:39 DEBUG HomeLoanTest:76 - Extracted Cell: 
2025-07-30 03:23:39 DEBUG HomeLoanTest:76 - Extracted Cell: 
2025-07-30 03:23:39 DEBUG HomeLoanTest:76 - Extracted Cell: 
2025-07-30 03:23:39 DEBUG HomeLoanTest:76 - Extracted Cell: 
2025-07-30 03:23:39 DEBUG HomeLoanTest:76 - Extracted Cell: 
2025-07-30 03:23:39 DEBUG HomeLoanTest:76 - Extracted Cell: 
2025-07-30 03:23:39 DEBUG HomeLoanTest:76 - Extracted Cell: 
2025-07-30 03:23:39 DEBUG HomeLoanTest:76 - Extracted Cell: 
2025-07-30 03:23:39 DEBUG HomeLoanTest:76 - Extracted Cell: 
2025-07-30 03:23:39 DEBUG HomeLoanTest:76 - Extracted Cell: 
2025-07-30 03:23:39 DEBUG HomeLoanTest:76 - Extracted Cell: 
2025-07-30 03:23:39 DEBUG HomeLoanTest:76 - Extracted Cell: 
2025-07-30 03:23:39 DEBUG HomeLoanTest:76 - Extracted Cell: 
2025-07-30 03:23:39 DEBUG HomeLoanTest:76 - Extracted Cell: 
2025-07-30 03:23:39 DEBUG HomeLoanTest:76 - Extracted Cell: 
2025-07-30 03:23:39 DEBUG HomeLoanTest:76 - Extracted Cell: 
2025-07-30 03:23:39 DEBUG HomeLoanTest:76 - Extracted Cell: 
2025-07-30 03:23:39 DEBUG HomeLoanTest:76 - Extracted Cell: 
2025-07-30 03:23:39 DEBUG HomeLoanTest:76 - Extracted Cell: 
2025-07-30 03:23:39 DEBUG HomeLoanTest:76 - Extracted Cell: 
2025-07-30 03:23:39 DEBUG HomeLoanTest:76 - Extracted Cell: 
2025-07-30 03:23:39 DEBUG HomeLoanTest:76 - Extracted Cell: 
2025-07-30 03:23:39 DEBUG HomeLoanTest:76 - Extracted Cell: 
2025-07-30 03:23:40 DEBUG HomeLoanTest:76 - Extracted Cell: 
2025-07-30 03:23:40 DEBUG HomeLoanTest:76 - Extracted Cell: 
2025-07-30 03:23:40 DEBUG HomeLoanTest:76 - Extracted Cell: 
2025-07-30 03:23:40 DEBUG HomeLoanTest:76 - Extracted Cell: 
2025-07-30 03:23:40 DEBUG HomeLoanTest:76 - Extracted Cell: 
2025-07-30 03:23:40 DEBUG HomeLoanTest:76 - Extracted Cell: 
2025-07-30 03:23:40 DEBUG HomeLoanTest:76 - Extracted Cell: 
2025-07-30 03:23:40 DEBUG HomeLoanTest:76 - Extracted Cell: 
2025-07-30 03:23:40 DEBUG HomeLoanTest:76 - Extracted Cell: 
2025-07-30 03:23:40 DEBUG HomeLoanTest:76 - Extracted Cell: 
2025-07-30 03:23:40 DEBUG HomeLoanTest:76 - Extracted Cell: 
2025-07-30 03:23:40 DEBUG HomeLoanTest:76 - Extracted Cell: 
2025-07-30 03:23:40 DEBUG HomeLoanTest:76 - Extracted Cell: 
2025-07-30 03:23:40 DEBUG HomeLoanTest:76 - Extracted Cell: 
2025-07-30 03:23:40 DEBUG HomeLoanTest:76 - Extracted Cell: 
2025-07-30 03:23:40 DEBUG HomeLoanTest:76 - Extracted Cell: 
2025-07-30 03:23:40 DEBUG HomeLoanTest:76 - Extracted Cell: 
2025-07-30 03:23:40 DEBUG HomeLoanTest:76 - Extracted Cell: 
2025-07-30 03:23:40 DEBUG HomeLoanTest:76 - Extracted Cell: 
2025-07-30 03:23:40 DEBUG HomeLoanTest:76 - Extracted Cell: 
2025-07-30 03:23:40 DEBUG HomeLoanTest:76 - Extracted Cell: 
2025-07-30 03:23:40 DEBUG HomeLoanTest:76 - Extracted Cell: 
2025-07-30 03:23:40 DEBUG HomeLoanTest:76 - Extracted Cell: 
2025-07-30 03:23:40 DEBUG HomeLoanTest:76 - Extracted Cell: 
2025-07-30 03:23:40 DEBUG HomeLoanTest:76 - Extracted Cell: 
2025-07-30 03:23:40 DEBUG HomeLoanTest:76 - Extracted Cell: 
2025-07-30 03:23:40 DEBUG HomeLoanTest:76 - Extracted Cell: 
2025-07-30 03:23:40 DEBUG HomeLoanTest:76 - Extracted Cell: 
2025-07-30 03:23:40 DEBUG HomeLoanTest:76 - Extracted Cell: 
2025-07-30 03:23:40 DEBUG HomeLoanTest:76 - Extracted Cell: 
2025-07-30 03:23:40 DEBUG HomeLoanTest:76 - Extracted Cell: 
2025-07-30 03:23:40 DEBUG HomeLoanTest:76 - Extracted Cell: 
2025-07-30 03:23:40 DEBUG HomeLoanTest:76 - Extracted Cell: 
2025-07-30 03:23:40 DEBUG HomeLoanTest:76 - Extracted Cell: 
2025-07-30 03:23:40 DEBUG HomeLoanTest:76 - Extracted Cell: 
2025-07-30 03:23:40 DEBUG HomeLoanTest:76 - Extracted Cell: 
2025-07-30 03:23:40 DEBUG HomeLoanTest:76 - Extracted Cell: 
2025-07-30 03:23:40 DEBUG HomeLoanTest:76 - Extracted Cell: 
2025-07-30 03:23:40 DEBUG HomeLoanTest:76 - Extracted Cell: 
2025-07-30 03:23:40 DEBUG HomeLoanTest:76 - Extracted Cell: 
2025-07-30 03:23:40 DEBUG HomeLoanTest:76 - Extracted Cell: 
2025-07-30 03:23:40 DEBUG HomeLoanTest:76 - Extracted Cell: 
2025-07-30 03:23:40 DEBUG HomeLoanTest:76 - Extracted Cell: 
2025-07-30 03:23:41 DEBUG HomeLoanTest:76 - Extracted Cell: 
2025-07-30 03:23:41 DEBUG HomeLoanTest:76 - Extracted Cell: 
2025-07-30 03:23:41 DEBUG HomeLoanTest:76 - Extracted Cell: 
2025-07-30 03:23:41 DEBUG HomeLoanTest:76 - Extracted Cell: 
2025-07-30 03:23:41 DEBUG HomeLoanTest:76 - Extracted Cell: 
2025-07-30 03:23:41 DEBUG HomeLoanTest:76 - Extracted Cell: 
2025-07-30 03:23:41 DEBUG HomeLoanTest:76 - Extracted Cell: 
2025-07-30 03:23:41 DEBUG HomeLoanTest:76 - Extracted Cell: 
2025-07-30 03:23:41 DEBUG HomeLoanTest:76 - Extracted Cell: 
2025-07-30 03:23:41 DEBUG HomeLoanTest:76 - Extracted Cell: 
2025-07-30 03:23:41 DEBUG HomeLoanTest:76 - Extracted Cell: 
2025-07-30 03:23:41 DEBUG HomeLoanTest:76 - Extracted Cell: 
2025-07-30 03:23:41 DEBUG HomeLoanTest:76 - Extracted Cell: 
2025-07-30 03:23:41 DEBUG HomeLoanTest:76 - Extracted Cell: 
2025-07-30 03:23:41 DEBUG HomeLoanTest:76 - Extracted Cell: 
2025-07-30 03:23:41 DEBUG HomeLoanTest:76 - Extracted Cell: 
2025-07-30 03:23:41 DEBUG HomeLoanTest:76 - Extracted Cell: 
2025-07-30 03:23:41 DEBUG HomeLoanTest:76 - Extracted Cell: 2038
2025-07-30 03:23:41 DEBUG HomeLoanTest:76 - Extracted Cell: ₹ 42,982
2025-07-30 03:23:41 DEBUG HomeLoanTest:76 - Extracted Cell: ₹ 7,077
2025-07-30 03:23:41 DEBUG HomeLoanTest:76 - Extracted Cell: ₹ 3,00,30,250
2025-07-30 03:23:41 DEBUG HomeLoanTest:76 - Extracted Cell: ₹ 3,00,80,309
2025-07-30 03:23:41 DEBUG HomeLoanTest:76 - Extracted Cell: ₹ 70,809
2025-07-30 03:23:41 DEBUG HomeLoanTest:76 - Extracted Cell: 84.26%
2025-07-30 03:23:41 DEBUG HomeLoanTest:76 - Extracted Cell: 
2025-07-30 03:23:41 DEBUG HomeLoanTest:76 - Extracted Cell: 
2025-07-30 03:23:41 DEBUG HomeLoanTest:76 - Extracted Cell: 
2025-07-30 03:23:41 DEBUG HomeLoanTest:76 - Extracted Cell: 
2025-07-30 03:23:41 DEBUG HomeLoanTest:76 - Extracted Cell: 
2025-07-30 03:23:41 DEBUG HomeLoanTest:76 - Extracted Cell: 
2025-07-30 03:23:41 DEBUG HomeLoanTest:76 - Extracted Cell: 
2025-07-30 03:23:41 DEBUG HomeLoanTest:76 - Extracted Cell: 
2025-07-30 03:23:41 DEBUG HomeLoanTest:76 - Extracted Cell: 
2025-07-30 03:23:41 DEBUG HomeLoanTest:76 - Extracted Cell: 
2025-07-30 03:23:41 DEBUG HomeLoanTest:76 - Extracted Cell: 
2025-07-30 03:23:41 DEBUG HomeLoanTest:76 - Extracted Cell: 
2025-07-30 03:23:41 DEBUG HomeLoanTest:76 - Extracted Cell: 
2025-07-30 03:23:41 DEBUG HomeLoanTest:76 - Extracted Cell: 
2025-07-30 03:23:41 DEBUG HomeLoanTest:76 - Extracted Cell: 
2025-07-30 03:23:41 DEBUG HomeLoanTest:76 - Extracted Cell: 
2025-07-30 03:23:41 DEBUG HomeLoanTest:76 - Extracted Cell: 
2025-07-30 03:23:41 DEBUG HomeLoanTest:76 - Extracted Cell: 
2025-07-30 03:23:41 DEBUG HomeLoanTest:76 - Extracted Cell: 
2025-07-30 03:23:41 DEBUG HomeLoanTest:76 - Extracted Cell: 
2025-07-30 03:23:41 DEBUG HomeLoanTest:76 - Extracted Cell: 
2025-07-30 03:23:41 DEBUG HomeLoanTest:76 - Extracted Cell: 
2025-07-30 03:23:41 DEBUG HomeLoanTest:76 - Extracted Cell: 
2025-07-30 03:23:42 DEBUG HomeLoanTest:76 - Extracted Cell: 
2025-07-30 03:23:42 DEBUG HomeLoanTest:76 - Extracted Cell: 
2025-07-30 03:23:42 DEBUG HomeLoanTest:76 - Extracted Cell: 
2025-07-30 03:23:42 DEBUG HomeLoanTest:76 - Extracted Cell: 
2025-07-30 03:23:42 DEBUG HomeLoanTest:76 - Extracted Cell: 
2025-07-30 03:23:42 DEBUG HomeLoanTest:76 - Extracted Cell: 
2025-07-30 03:23:42 DEBUG HomeLoanTest:76 - Extracted Cell: 
2025-07-30 03:23:42 DEBUG HomeLoanTest:76 - Extracted Cell: 
2025-07-30 03:23:42 DEBUG HomeLoanTest:76 - Extracted Cell: 
2025-07-30 03:23:42 DEBUG HomeLoanTest:76 - Extracted Cell: 
2025-07-30 03:23:42 DEBUG HomeLoanTest:76 - Extracted Cell: 
2025-07-30 03:23:42 DEBUG HomeLoanTest:76 - Extracted Cell: 
2025-07-30 03:23:42 DEBUG HomeLoanTest:76 - Extracted Cell: 
2025-07-30 03:23:42 DEBUG HomeLoanTest:76 - Extracted Cell: 
2025-07-30 03:23:42 DEBUG HomeLoanTest:76 - Extracted Cell: 
2025-07-30 03:23:42 DEBUG HomeLoanTest:76 - Extracted Cell: 
2025-07-30 03:23:42 DEBUG HomeLoanTest:76 - Extracted Cell: 
2025-07-30 03:23:42 DEBUG HomeLoanTest:76 - Extracted Cell: 
2025-07-30 03:23:42 DEBUG HomeLoanTest:76 - Extracted Cell: 
2025-07-30 03:23:42 DEBUG HomeLoanTest:76 - Extracted Cell: 
2025-07-30 03:23:42 DEBUG HomeLoanTest:76 - Extracted Cell: 
2025-07-30 03:23:42 DEBUG HomeLoanTest:76 - Extracted Cell: 
2025-07-30 03:23:42 DEBUG HomeLoanTest:76 - Extracted Cell: 
2025-07-30 03:23:42 DEBUG HomeLoanTest:76 - Extracted Cell: 
2025-07-30 03:23:42 DEBUG HomeLoanTest:76 - Extracted Cell: 
2025-07-30 03:23:42 DEBUG HomeLoanTest:76 - Extracted Cell: 
2025-07-30 03:23:42 DEBUG HomeLoanTest:76 - Extracted Cell: 
2025-07-30 03:23:42 DEBUG HomeLoanTest:76 - Extracted Cell: 
2025-07-30 03:23:42 DEBUG HomeLoanTest:76 - Extracted Cell: 
2025-07-30 03:23:42 DEBUG HomeLoanTest:76 - Extracted Cell: 
2025-07-30 03:23:42 DEBUG HomeLoanTest:76 - Extracted Cell: 
2025-07-30 03:23:42 DEBUG HomeLoanTest:76 - Extracted Cell: 
2025-07-30 03:23:42 DEBUG HomeLoanTest:76 - Extracted Cell: 
2025-07-30 03:23:42 DEBUG HomeLoanTest:76 - Extracted Cell: 
2025-07-30 03:23:42 DEBUG HomeLoanTest:76 - Extracted Cell: 
2025-07-30 03:23:42 DEBUG HomeLoanTest:76 - Extracted Cell: 
2025-07-30 03:23:42 DEBUG HomeLoanTest:76 - Extracted Cell: 
2025-07-30 03:23:42 DEBUG HomeLoanTest:76 - Extracted Cell: 
2025-07-30 03:23:42 DEBUG HomeLoanTest:76 - Extracted Cell: 
2025-07-30 03:23:42 DEBUG HomeLoanTest:76 - Extracted Cell: 
2025-07-30 03:23:42 DEBUG HomeLoanTest:76 - Extracted Cell: 
2025-07-30 03:23:42 DEBUG HomeLoanTest:76 - Extracted Cell: 
2025-07-30 03:23:42 DEBUG HomeLoanTest:76 - Extracted Cell: 
2025-07-30 03:23:42 DEBUG HomeLoanTest:76 - Extracted Cell: 
2025-07-30 03:23:42 DEBUG HomeLoanTest:76 - Extracted Cell: 
2025-07-30 03:23:42 DEBUG HomeLoanTest:76 - Extracted Cell: 
2025-07-30 03:23:42 DEBUG HomeLoanTest:76 - Extracted Cell: 
2025-07-30 03:23:42 DEBUG HomeLoanTest:76 - Extracted Cell: 
2025-07-30 03:23:42 DEBUG HomeLoanTest:76 - Extracted Cell: 
2025-07-30 03:23:42 DEBUG HomeLoanTest:76 - Extracted Cell: 
2025-07-30 03:23:42 DEBUG HomeLoanTest:76 - Extracted Cell: 
2025-07-30 03:23:42 DEBUG HomeLoanTest:76 - Extracted Cell: 
2025-07-30 03:23:42 DEBUG HomeLoanTest:76 - Extracted Cell: 
2025-07-30 03:23:42 DEBUG HomeLoanTest:76 - Extracted Cell: 
2025-07-30 03:23:42 DEBUG HomeLoanTest:76 - Extracted Cell: 
2025-07-30 03:23:42 DEBUG HomeLoanTest:76 - Extracted Cell: 
2025-07-30 03:23:42 DEBUG HomeLoanTest:76 - Extracted Cell: 
2025-07-30 03:23:42 DEBUG HomeLoanTest:76 - Extracted Cell: 
2025-07-30 03:23:42 DEBUG HomeLoanTest:76 - Extracted Cell: 
2025-07-30 03:23:42 DEBUG HomeLoanTest:76 - Extracted Cell: 
2025-07-30 03:23:42 DEBUG HomeLoanTest:76 - Extracted Cell: 
2025-07-30 03:23:42 DEBUG HomeLoanTest:76 - Extracted Cell: 
2025-07-30 03:23:42 DEBUG HomeLoanTest:76 - Extracted Cell: 
2025-07-30 03:23:42 DEBUG HomeLoanTest:76 - Extracted Cell: 
2025-07-30 03:23:42 DEBUG HomeLoanTest:76 - Extracted Cell: 
2025-07-30 03:23:42 DEBUG HomeLoanTest:76 - Extracted Cell: 
2025-07-30 03:23:42 DEBUG HomeLoanTest:76 - Extracted Cell: 
2025-07-30 03:23:42 DEBUG HomeLoanTest:76 - Extracted Cell: 
2025-07-30 03:23:42 DEBUG HomeLoanTest:76 - Extracted Cell: 
2025-07-30 03:23:43 DEBUG HomeLoanTest:76 - Extracted Cell: 
2025-07-30 03:23:43 DEBUG HomeLoanTest:76 - Extracted Cell: 
2025-07-30 03:23:43 DEBUG HomeLoanTest:76 - Extracted Cell: 
2025-07-30 03:23:43 DEBUG HomeLoanTest:76 - Extracted Cell: 
2025-07-30 03:23:43 DEBUG HomeLoanTest:76 - Extracted Cell: 
2025-07-30 03:23:43 DEBUG HomeLoanTest:76 - Extracted Cell: 
2025-07-30 03:23:43 DEBUG HomeLoanTest:76 - Extracted Cell: 
2025-07-30 03:23:43 DEBUG HomeLoanTest:76 - Extracted Cell: 
2025-07-30 03:23:43 DEBUG HomeLoanTest:76 - Extracted Cell: 
2025-07-30 03:23:43 DEBUG HomeLoanTest:76 - Extracted Cell: 
2025-07-30 03:23:43 DEBUG HomeLoanTest:76 - Extracted Cell: 
2025-07-30 03:23:43 DEBUG HomeLoanTest:76 - Extracted Cell: 
2025-07-30 03:23:43 DEBUG HomeLoanTest:76 - Extracted Cell: 
2025-07-30 03:23:43 DEBUG HomeLoanTest:76 - Extracted Cell: 
2025-07-30 03:23:43 DEBUG HomeLoanTest:76 - Extracted Cell: 
2025-07-30 03:23:43 DEBUG HomeLoanTest:76 - Extracted Cell: 
2025-07-30 03:23:43 DEBUG HomeLoanTest:76 - Extracted Cell: 
2025-07-30 03:23:43 DEBUG HomeLoanTest:76 - Extracted Cell: 
2025-07-30 03:23:43 DEBUG HomeLoanTest:76 - Extracted Cell: 
2025-07-30 03:23:43 DEBUG HomeLoanTest:76 - Extracted Cell: 
2025-07-30 03:23:43 DEBUG HomeLoanTest:76 - Extracted Cell: 
2025-07-30 03:23:43 DEBUG HomeLoanTest:76 - Extracted Cell: 
2025-07-30 03:23:43 DEBUG HomeLoanTest:76 - Extracted Cell: 
2025-07-30 03:23:43 DEBUG HomeLoanTest:76 - Extracted Cell: 
2025-07-30 03:23:43 DEBUG HomeLoanTest:76 - Extracted Cell: 
2025-07-30 03:23:43 DEBUG HomeLoanTest:76 - Extracted Cell: 
2025-07-30 03:23:43 DEBUG HomeLoanTest:76 - Extracted Cell: 
2025-07-30 03:23:43 DEBUG HomeLoanTest:76 - Extracted Cell: 
2025-07-30 03:23:43 DEBUG HomeLoanTest:76 - Extracted Cell: 
2025-07-30 03:23:43 DEBUG HomeLoanTest:76 - Extracted Cell: 
2025-07-30 03:23:43 DEBUG HomeLoanTest:76 - Extracted Cell: 
2025-07-30 03:23:43 DEBUG HomeLoanTest:76 - Extracted Cell: 
2025-07-30 03:23:43 DEBUG HomeLoanTest:76 - Extracted Cell: 
2025-07-30 03:23:43 DEBUG HomeLoanTest:76 - Extracted Cell: 
2025-07-30 03:23:43 DEBUG HomeLoanTest:76 - Extracted Cell: 
2025-07-30 03:23:43 DEBUG HomeLoanTest:76 - Extracted Cell: 
2025-07-30 03:23:43 DEBUG HomeLoanTest:76 - Extracted Cell: 
2025-07-30 03:23:43 DEBUG HomeLoanTest:76 - Extracted Cell: 
2025-07-30 03:23:44 DEBUG HomeLoanTest:76 - Extracted Cell: 
2025-07-30 03:23:44 DEBUG HomeLoanTest:76 - Extracted Cell: 
2025-07-30 03:23:44 DEBUG HomeLoanTest:76 - Extracted Cell: 
2025-07-30 03:23:44 DEBUG HomeLoanTest:76 - Extracted Cell: 
2025-07-30 03:23:44 DEBUG HomeLoanTest:76 - Extracted Cell: 
2025-07-30 03:23:44 DEBUG HomeLoanTest:76 - Extracted Cell: 
2025-07-30 03:23:44 DEBUG HomeLoanTest:76 - Extracted Cell: 
2025-07-30 03:23:44 DEBUG HomeLoanTest:76 - Extracted Cell: 
2025-07-30 03:23:44 DEBUG HomeLoanTest:76 - Extracted Cell: 
2025-07-30 03:23:44 DEBUG HomeLoanTest:76 - Extracted Cell: 
2025-07-30 03:23:44 DEBUG HomeLoanTest:76 - Extracted Cell: 
2025-07-30 03:23:44 DEBUG HomeLoanTest:76 - Extracted Cell: 
2025-07-30 03:23:44 DEBUG HomeLoanTest:76 - Extracted Cell: 
2025-07-30 03:23:44 DEBUG HomeLoanTest:76 - Extracted Cell: 
2025-07-30 03:23:44 DEBUG HomeLoanTest:76 - Extracted Cell: 
2025-07-30 03:23:44 DEBUG HomeLoanTest:76 - Extracted Cell: 
2025-07-30 03:23:44 DEBUG HomeLoanTest:76 - Extracted Cell: 
2025-07-30 03:23:44 DEBUG HomeLoanTest:76 - Extracted Cell: 
2025-07-30 03:23:44 DEBUG HomeLoanTest:76 - Extracted Cell: 
2025-07-30 03:23:44 DEBUG HomeLoanTest:76 - Extracted Cell: 
2025-07-30 03:23:44 DEBUG HomeLoanTest:76 - Extracted Cell: 
2025-07-30 03:23:44 DEBUG HomeLoanTest:76 - Extracted Cell: 
2025-07-30 03:23:44 DEBUG HomeLoanTest:76 - Extracted Cell: 
2025-07-30 03:23:44 DEBUG HomeLoanTest:76 - Extracted Cell: 
2025-07-30 03:23:44 DEBUG HomeLoanTest:76 - Extracted Cell: 
2025-07-30 03:23:44 DEBUG HomeLoanTest:76 - Extracted Cell: 
2025-07-30 03:23:44 DEBUG HomeLoanTest:76 - Extracted Cell: 
2025-07-30 03:23:44 DEBUG HomeLoanTest:76 - Extracted Cell: 
2025-07-30 03:23:44 DEBUG HomeLoanTest:76 - Extracted Cell: 
2025-07-30 03:23:44 DEBUG HomeLoanTest:76 - Extracted Cell: 
2025-07-30 03:23:44 DEBUG HomeLoanTest:76 - Extracted Cell: 
2025-07-30 03:23:44 DEBUG HomeLoanTest:76 - Extracted Cell: 
2025-07-30 03:23:44 DEBUG HomeLoanTest:76 - Extracted Cell: 
2025-07-30 03:23:44 DEBUG HomeLoanTest:76 - Extracted Cell: 
2025-07-30 03:23:44 DEBUG HomeLoanTest:76 - Extracted Cell: 
2025-07-30 03:23:44 DEBUG HomeLoanTest:76 - Extracted Cell: 
2025-07-30 03:23:44 DEBUG HomeLoanTest:76 - Extracted Cell: 
2025-07-30 03:23:44 DEBUG HomeLoanTest:76 - Extracted Cell: 
2025-07-30 03:23:44 DEBUG HomeLoanTest:76 - Extracted Cell: 
2025-07-30 03:23:44 DEBUG HomeLoanTest:76 - Extracted Cell: 2039
2025-07-30 03:23:44 DEBUG HomeLoanTest:76 - Extracted Cell: ₹ 46,319
2025-07-30 03:23:44 DEBUG HomeLoanTest:76 - Extracted Cell: ₹ 3,740
2025-07-30 03:23:44 DEBUG HomeLoanTest:76 - Extracted Cell: ₹ 3,00,30,250
2025-07-30 03:23:44 DEBUG HomeLoanTest:76 - Extracted Cell: ₹ 3,00,80,309
2025-07-30 03:23:44 DEBUG HomeLoanTest:76 - Extracted Cell: ₹ 24,491
2025-07-30 03:23:45 DEBUG HomeLoanTest:76 - Extracted Cell: 94.56%
2025-07-30 03:23:45 DEBUG HomeLoanTest:76 - Extracted Cell: 
2025-07-30 03:23:45 DEBUG HomeLoanTest:76 - Extracted Cell: 
2025-07-30 03:23:45 DEBUG HomeLoanTest:76 - Extracted Cell: 
2025-07-30 03:23:45 DEBUG HomeLoanTest:76 - Extracted Cell: 
2025-07-30 03:23:45 DEBUG HomeLoanTest:76 - Extracted Cell: 
2025-07-30 03:23:45 DEBUG HomeLoanTest:76 - Extracted Cell: 
2025-07-30 03:23:45 DEBUG HomeLoanTest:76 - Extracted Cell: 
2025-07-30 03:23:45 DEBUG HomeLoanTest:76 - Extracted Cell: 
2025-07-30 03:23:45 DEBUG HomeLoanTest:76 - Extracted Cell: 
2025-07-30 03:23:45 DEBUG HomeLoanTest:76 - Extracted Cell: 
2025-07-30 03:23:45 DEBUG HomeLoanTest:76 - Extracted Cell: 
2025-07-30 03:23:45 DEBUG HomeLoanTest:76 - Extracted Cell: 
2025-07-30 03:23:45 DEBUG HomeLoanTest:76 - Extracted Cell: 
2025-07-30 03:23:45 DEBUG HomeLoanTest:76 - Extracted Cell: 
2025-07-30 03:23:45 DEBUG HomeLoanTest:76 - Extracted Cell: 
2025-07-30 03:23:45 DEBUG HomeLoanTest:76 - Extracted Cell: 
2025-07-30 03:23:45 DEBUG HomeLoanTest:76 - Extracted Cell: 
2025-07-30 03:23:45 DEBUG HomeLoanTest:76 - Extracted Cell: 
2025-07-30 03:23:45 DEBUG HomeLoanTest:76 - Extracted Cell: 
2025-07-30 03:23:45 DEBUG HomeLoanTest:76 - Extracted Cell: 
2025-07-30 03:23:45 DEBUG HomeLoanTest:76 - Extracted Cell: 
2025-07-30 03:23:45 DEBUG HomeLoanTest:76 - Extracted Cell: 
2025-07-30 03:23:45 DEBUG HomeLoanTest:76 - Extracted Cell: 
2025-07-30 03:23:45 DEBUG HomeLoanTest:76 - Extracted Cell: 
2025-07-30 03:23:45 DEBUG HomeLoanTest:76 - Extracted Cell: 
2025-07-30 03:23:45 DEBUG HomeLoanTest:76 - Extracted Cell: 
2025-07-30 03:23:45 DEBUG HomeLoanTest:76 - Extracted Cell: 
2025-07-30 03:23:45 DEBUG HomeLoanTest:76 - Extracted Cell: 
2025-07-30 03:23:45 DEBUG HomeLoanTest:76 - Extracted Cell: 
2025-07-30 03:23:45 DEBUG HomeLoanTest:76 - Extracted Cell: 
2025-07-30 03:23:45 DEBUG HomeLoanTest:76 - Extracted Cell: 
2025-07-30 03:23:45 DEBUG HomeLoanTest:76 - Extracted Cell: 
2025-07-30 03:23:45 DEBUG HomeLoanTest:76 - Extracted Cell: 
2025-07-30 03:23:45 DEBUG HomeLoanTest:76 - Extracted Cell: 
2025-07-30 03:23:45 DEBUG HomeLoanTest:76 - Extracted Cell: 
2025-07-30 03:23:45 DEBUG HomeLoanTest:76 - Extracted Cell: 
2025-07-30 03:23:45 DEBUG HomeLoanTest:76 - Extracted Cell: 
2025-07-30 03:23:45 DEBUG HomeLoanTest:76 - Extracted Cell: 
2025-07-30 03:23:45 DEBUG HomeLoanTest:76 - Extracted Cell: 
2025-07-30 03:23:45 DEBUG HomeLoanTest:76 - Extracted Cell: 
2025-07-30 03:23:45 DEBUG HomeLoanTest:76 - Extracted Cell: 
2025-07-30 03:23:45 DEBUG HomeLoanTest:76 - Extracted Cell: 
2025-07-30 03:23:45 DEBUG HomeLoanTest:76 - Extracted Cell: 
2025-07-30 03:23:45 DEBUG HomeLoanTest:76 - Extracted Cell: 
2025-07-30 03:23:45 DEBUG HomeLoanTest:76 - Extracted Cell: 
2025-07-30 03:23:45 DEBUG HomeLoanTest:76 - Extracted Cell: 
2025-07-30 03:23:45 DEBUG HomeLoanTest:76 - Extracted Cell: 
2025-07-30 03:23:45 DEBUG HomeLoanTest:76 - Extracted Cell: 
2025-07-30 03:23:45 DEBUG HomeLoanTest:76 - Extracted Cell: 
2025-07-30 03:23:46 DEBUG HomeLoanTest:76 - Extracted Cell: 
2025-07-30 03:23:46 DEBUG HomeLoanTest:76 - Extracted Cell: 
2025-07-30 03:23:46 DEBUG HomeLoanTest:76 - Extracted Cell: 
2025-07-30 03:23:46 DEBUG HomeLoanTest:76 - Extracted Cell: 
2025-07-30 03:23:46 DEBUG HomeLoanTest:76 - Extracted Cell: 
2025-07-30 03:23:46 DEBUG HomeLoanTest:76 - Extracted Cell: 
2025-07-30 03:23:46 DEBUG HomeLoanTest:76 - Extracted Cell: 
2025-07-30 03:23:46 DEBUG HomeLoanTest:76 - Extracted Cell: 
2025-07-30 03:23:46 DEBUG HomeLoanTest:76 - Extracted Cell: 
2025-07-30 03:23:46 DEBUG HomeLoanTest:76 - Extracted Cell: 
2025-07-30 03:23:46 DEBUG HomeLoanTest:76 - Extracted Cell: 
2025-07-30 03:23:46 DEBUG HomeLoanTest:76 - Extracted Cell: 
2025-07-30 03:23:46 DEBUG HomeLoanTest:76 - Extracted Cell: 
2025-07-30 03:23:46 DEBUG HomeLoanTest:76 - Extracted Cell: 
2025-07-30 03:23:46 DEBUG HomeLoanTest:76 - Extracted Cell: 
2025-07-30 03:23:46 DEBUG HomeLoanTest:76 - Extracted Cell: 
2025-07-30 03:23:46 DEBUG HomeLoanTest:76 - Extracted Cell: 
2025-07-30 03:23:46 DEBUG HomeLoanTest:76 - Extracted Cell: 
2025-07-30 03:23:46 DEBUG HomeLoanTest:76 - Extracted Cell: 
2025-07-30 03:23:46 DEBUG HomeLoanTest:76 - Extracted Cell: 
2025-07-30 03:23:46 DEBUG HomeLoanTest:76 - Extracted Cell: 
2025-07-30 03:23:46 DEBUG HomeLoanTest:76 - Extracted Cell: 
2025-07-30 03:23:46 DEBUG HomeLoanTest:76 - Extracted Cell: 
2025-07-30 03:23:46 DEBUG HomeLoanTest:76 - Extracted Cell: 
2025-07-30 03:23:46 DEBUG HomeLoanTest:76 - Extracted Cell: 
2025-07-30 03:23:46 DEBUG HomeLoanTest:76 - Extracted Cell: 
2025-07-30 03:23:46 DEBUG HomeLoanTest:76 - Extracted Cell: 
2025-07-30 03:23:46 DEBUG HomeLoanTest:76 - Extracted Cell: 
2025-07-30 03:23:46 DEBUG HomeLoanTest:76 - Extracted Cell: 
2025-07-30 03:23:46 DEBUG HomeLoanTest:76 - Extracted Cell: 
2025-07-30 03:23:46 DEBUG HomeLoanTest:76 - Extracted Cell: 
2025-07-30 03:23:46 DEBUG HomeLoanTest:76 - Extracted Cell: 
2025-07-30 03:23:46 DEBUG HomeLoanTest:76 - Extracted Cell: 
2025-07-30 03:23:46 DEBUG HomeLoanTest:76 - Extracted Cell: 
2025-07-30 03:23:46 DEBUG HomeLoanTest:76 - Extracted Cell: 
2025-07-30 03:23:46 DEBUG HomeLoanTest:76 - Extracted Cell: 
2025-07-30 03:23:46 DEBUG HomeLoanTest:76 - Extracted Cell: 
2025-07-30 03:23:46 DEBUG HomeLoanTest:76 - Extracted Cell: 
2025-07-30 03:23:46 DEBUG HomeLoanTest:76 - Extracted Cell: 
2025-07-30 03:23:46 DEBUG HomeLoanTest:76 - Extracted Cell: 
2025-07-30 03:23:46 DEBUG HomeLoanTest:76 - Extracted Cell: 
2025-07-30 03:23:46 DEBUG HomeLoanTest:76 - Extracted Cell: 
2025-07-30 03:23:46 DEBUG HomeLoanTest:76 - Extracted Cell: 
2025-07-30 03:23:46 DEBUG HomeLoanTest:76 - Extracted Cell: 
2025-07-30 03:23:46 DEBUG HomeLoanTest:76 - Extracted Cell: 
2025-07-30 03:23:46 DEBUG HomeLoanTest:76 - Extracted Cell: 
2025-07-30 03:23:46 DEBUG HomeLoanTest:76 - Extracted Cell: 
2025-07-30 03:23:46 DEBUG HomeLoanTest:76 - Extracted Cell: 
2025-07-30 03:23:46 DEBUG HomeLoanTest:76 - Extracted Cell: 
2025-07-30 03:23:46 DEBUG HomeLoanTest:76 - Extracted Cell: 
2025-07-30 03:23:46 DEBUG HomeLoanTest:76 - Extracted Cell: 
2025-07-30 03:23:46 DEBUG HomeLoanTest:76 - Extracted Cell: 
2025-07-30 03:23:46 DEBUG HomeLoanTest:76 - Extracted Cell: 
2025-07-30 03:23:46 DEBUG HomeLoanTest:76 - Extracted Cell: 
2025-07-30 03:23:46 DEBUG HomeLoanTest:76 - Extracted Cell: 
2025-07-30 03:23:46 DEBUG HomeLoanTest:76 - Extracted Cell: 
2025-07-30 03:23:46 DEBUG HomeLoanTest:76 - Extracted Cell: 
2025-07-30 03:23:47 DEBUG HomeLoanTest:76 - Extracted Cell: 
2025-07-30 03:23:47 DEBUG HomeLoanTest:76 - Extracted Cell: 
2025-07-30 03:23:47 DEBUG HomeLoanTest:76 - Extracted Cell: 
2025-07-30 03:23:47 DEBUG HomeLoanTest:76 - Extracted Cell: 
2025-07-30 03:23:47 DEBUG HomeLoanTest:76 - Extracted Cell: 
2025-07-30 03:23:47 DEBUG HomeLoanTest:76 - Extracted Cell: 
2025-07-30 03:23:47 DEBUG HomeLoanTest:76 - Extracted Cell: 
2025-07-30 03:23:47 DEBUG HomeLoanTest:76 - Extracted Cell: 
2025-07-30 03:23:47 DEBUG HomeLoanTest:76 - Extracted Cell: 
2025-07-30 03:23:47 DEBUG HomeLoanTest:76 - Extracted Cell: 
2025-07-30 03:23:47 DEBUG HomeLoanTest:76 - Extracted Cell: 
2025-07-30 03:23:47 DEBUG HomeLoanTest:76 - Extracted Cell: 
2025-07-30 03:23:47 DEBUG HomeLoanTest:76 - Extracted Cell: 
2025-07-30 03:23:47 DEBUG HomeLoanTest:76 - Extracted Cell: 
2025-07-30 03:23:47 DEBUG HomeLoanTest:76 - Extracted Cell: 
2025-07-30 03:23:47 DEBUG HomeLoanTest:76 - Extracted Cell: 
2025-07-30 03:23:47 DEBUG HomeLoanTest:76 - Extracted Cell: 
2025-07-30 03:23:47 DEBUG HomeLoanTest:76 - Extracted Cell: 
2025-07-30 03:23:47 DEBUG HomeLoanTest:76 - Extracted Cell: 
2025-07-30 03:23:47 DEBUG HomeLoanTest:76 - Extracted Cell: 
2025-07-30 03:23:47 DEBUG HomeLoanTest:76 - Extracted Cell: 
2025-07-30 03:23:47 DEBUG HomeLoanTest:76 - Extracted Cell: 
2025-07-30 03:23:47 DEBUG HomeLoanTest:76 - Extracted Cell: 
2025-07-30 03:23:47 DEBUG HomeLoanTest:76 - Extracted Cell: 
2025-07-30 03:23:47 DEBUG HomeLoanTest:76 - Extracted Cell: 
2025-07-30 03:23:47 DEBUG HomeLoanTest:76 - Extracted Cell: 
2025-07-30 03:23:47 DEBUG HomeLoanTest:76 - Extracted Cell: 
2025-07-30 03:23:47 DEBUG HomeLoanTest:76 - Extracted Cell: 
2025-07-30 03:23:47 DEBUG HomeLoanTest:76 - Extracted Cell: 
2025-07-30 03:23:47 DEBUG HomeLoanTest:76 - Extracted Cell: 
2025-07-30 03:23:47 DEBUG HomeLoanTest:76 - Extracted Cell: 
2025-07-30 03:23:47 DEBUG HomeLoanTest:76 - Extracted Cell: 
2025-07-30 03:23:47 DEBUG HomeLoanTest:76 - Extracted Cell: 
2025-07-30 03:23:47 DEBUG HomeLoanTest:76 - Extracted Cell: 
2025-07-30 03:23:47 DEBUG HomeLoanTest:76 - Extracted Cell: 
2025-07-30 03:23:47 DEBUG HomeLoanTest:76 - Extracted Cell: 
2025-07-30 03:23:47 DEBUG HomeLoanTest:76 - Extracted Cell: 
2025-07-30 03:23:47 DEBUG HomeLoanTest:76 - Extracted Cell: 
2025-07-30 03:23:47 DEBUG HomeLoanTest:76 - Extracted Cell: 
2025-07-30 03:23:47 DEBUG HomeLoanTest:76 - Extracted Cell: 
2025-07-30 03:23:47 DEBUG HomeLoanTest:76 - Extracted Cell: 
2025-07-30 03:23:47 DEBUG HomeLoanTest:76 - Extracted Cell: 
2025-07-30 03:23:47 DEBUG HomeLoanTest:76 - Extracted Cell: 
2025-07-30 03:23:47 DEBUG HomeLoanTest:76 - Extracted Cell: 
2025-07-30 03:23:47 DEBUG HomeLoanTest:76 - Extracted Cell: 
2025-07-30 03:23:47 DEBUG HomeLoanTest:76 - Extracted Cell: 
2025-07-30 03:23:48 DEBUG HomeLoanTest:76 - Extracted Cell: 
2025-07-30 03:23:48 DEBUG HomeLoanTest:76 - Extracted Cell: 
2025-07-30 03:23:48 DEBUG HomeLoanTest:76 - Extracted Cell: 
2025-07-30 03:23:48 DEBUG HomeLoanTest:76 - Extracted Cell: 
2025-07-30 03:23:48 DEBUG HomeLoanTest:76 - Extracted Cell: 
2025-07-30 03:23:48 DEBUG HomeLoanTest:76 - Extracted Cell: 
2025-07-30 03:23:48 DEBUG HomeLoanTest:76 - Extracted Cell: 
2025-07-30 03:23:48 DEBUG HomeLoanTest:76 - Extracted Cell: 
2025-07-30 03:23:48 DEBUG HomeLoanTest:76 - Extracted Cell: 
2025-07-30 03:23:48 DEBUG HomeLoanTest:76 - Extracted Cell: 
2025-07-30 03:23:48 DEBUG HomeLoanTest:76 - Extracted Cell: 
2025-07-30 03:23:48 DEBUG HomeLoanTest:76 - Extracted Cell: 
2025-07-30 03:23:48 DEBUG HomeLoanTest:76 - Extracted Cell: 
2025-07-30 03:23:48 DEBUG HomeLoanTest:76 - Extracted Cell: 
2025-07-30 03:23:48 DEBUG HomeLoanTest:76 - Extracted Cell: 
2025-07-30 03:23:48 DEBUG HomeLoanTest:76 - Extracted Cell: 
2025-07-30 03:23:48 DEBUG HomeLoanTest:76 - Extracted Cell: 
2025-07-30 03:23:48 DEBUG HomeLoanTest:76 - Extracted Cell: 2040
2025-07-30 03:23:48 DEBUG HomeLoanTest:76 - Extracted Cell: ₹ 24,491
2025-07-30 03:23:48 DEBUG HomeLoanTest:76 - Extracted Cell: ₹ 539
2025-07-30 03:23:48 DEBUG HomeLoanTest:76 - Extracted Cell: ₹ 1,50,15,125
2025-07-30 03:23:48 DEBUG HomeLoanTest:76 - Extracted Cell: ₹ 1,50,40,154
2025-07-30 03:23:48 DEBUG HomeLoanTest:76 - Extracted Cell: ₹ 0
2025-07-30 03:23:48 DEBUG HomeLoanTest:76 - Extracted Cell: 100%
2025-07-30 03:23:49 DEBUG HomeLoanTest:76 - Extracted Cell: 
2025-07-30 03:23:49 DEBUG HomeLoanTest:76 - Extracted Cell: 
2025-07-30 03:23:49 DEBUG HomeLoanTest:76 - Extracted Cell: 
2025-07-30 03:23:49 DEBUG HomeLoanTest:76 - Extracted Cell: 
2025-07-30 03:23:49 DEBUG HomeLoanTest:76 - Extracted Cell: 
2025-07-30 03:23:49 DEBUG HomeLoanTest:76 - Extracted Cell: 
2025-07-30 03:23:49 DEBUG HomeLoanTest:76 - Extracted Cell: 
2025-07-30 03:23:49 DEBUG HomeLoanTest:76 - Extracted Cell: 
2025-07-30 03:23:49 DEBUG HomeLoanTest:76 - Extracted Cell: 
2025-07-30 03:23:49 DEBUG HomeLoanTest:76 - Extracted Cell: 
2025-07-30 03:23:49 DEBUG HomeLoanTest:76 - Extracted Cell: 
2025-07-30 03:23:49 DEBUG HomeLoanTest:76 - Extracted Cell: 
2025-07-30 03:23:49 DEBUG HomeLoanTest:76 - Extracted Cell: 
2025-07-30 03:23:49 DEBUG HomeLoanTest:76 - Extracted Cell: 
2025-07-30 03:23:49 DEBUG HomeLoanTest:76 - Extracted Cell: 
2025-07-30 03:23:49 DEBUG HomeLoanTest:76 - Extracted Cell: 
2025-07-30 03:23:49 DEBUG HomeLoanTest:76 - Extracted Cell: 
2025-07-30 03:23:49 DEBUG HomeLoanTest:76 - Extracted Cell: 
2025-07-30 03:23:49 DEBUG HomeLoanTest:76 - Extracted Cell: 
2025-07-30 03:23:49 DEBUG HomeLoanTest:76 - Extracted Cell: 
2025-07-30 03:23:49 DEBUG HomeLoanTest:76 - Extracted Cell: 
2025-07-30 03:23:49 DEBUG HomeLoanTest:76 - Extracted Cell: 
2025-07-30 03:23:49 DEBUG HomeLoanTest:76 - Extracted Cell: 
2025-07-30 03:23:49 DEBUG HomeLoanTest:76 - Extracted Cell: 
2025-07-30 03:23:49 DEBUG HomeLoanTest:76 - Extracted Cell: 
2025-07-30 03:23:49 DEBUG HomeLoanTest:76 - Extracted Cell: 
2025-07-30 03:23:49 DEBUG HomeLoanTest:76 - Extracted Cell: 
2025-07-30 03:23:49 DEBUG HomeLoanTest:76 - Extracted Cell: 
2025-07-30 03:23:49 DEBUG HomeLoanTest:76 - Extracted Cell: 
2025-07-30 03:23:49 DEBUG HomeLoanTest:76 - Extracted Cell: 
2025-07-30 03:23:49 DEBUG HomeLoanTest:76 - Extracted Cell: 
2025-07-30 03:23:49 DEBUG HomeLoanTest:76 - Extracted Cell: 
2025-07-30 03:23:49 DEBUG HomeLoanTest:76 - Extracted Cell: 
2025-07-30 03:23:49 DEBUG HomeLoanTest:76 - Extracted Cell: 
2025-07-30 03:23:49 DEBUG HomeLoanTest:76 - Extracted Cell: 
2025-07-30 03:23:49 DEBUG HomeLoanTest:76 - Extracted Cell: 
2025-07-30 03:23:49 DEBUG HomeLoanTest:76 - Extracted Cell: 
2025-07-30 03:23:49 DEBUG HomeLoanTest:76 - Extracted Cell: 
2025-07-30 03:23:49 DEBUG HomeLoanTest:76 - Extracted Cell: 
2025-07-30 03:23:49 DEBUG HomeLoanTest:76 - Extracted Cell: 
2025-07-30 03:23:49 DEBUG HomeLoanTest:76 - Extracted Cell: 
2025-07-30 03:23:49 DEBUG HomeLoanTest:76 - Extracted Cell: 
2025-07-30 03:23:49 DEBUG HomeLoanTest:76 - Extracted Cell: 
2025-07-30 03:23:49 DEBUG HomeLoanTest:76 - Extracted Cell: 
2025-07-30 03:23:49 DEBUG HomeLoanTest:76 - Extracted Cell: 
2025-07-30 03:23:49 DEBUG HomeLoanTest:76 - Extracted Cell: 
2025-07-30 03:23:49 DEBUG HomeLoanTest:76 - Extracted Cell: 
2025-07-30 03:23:49 DEBUG HomeLoanTest:76 - Extracted Cell: 
2025-07-30 03:23:49 DEBUG HomeLoanTest:76 - Extracted Cell: 
2025-07-30 03:23:49 DEBUG HomeLoanTest:76 - Extracted Cell: 
2025-07-30 03:23:49 DEBUG HomeLoanTest:76 - Extracted Cell: 
2025-07-30 03:23:50 DEBUG HomeLoanTest:76 - Extracted Cell: 
2025-07-30 03:23:50 DEBUG HomeLoanTest:76 - Extracted Cell: 
2025-07-30 03:23:50 DEBUG HomeLoanTest:76 - Extracted Cell: 
2025-07-30 03:23:50 DEBUG HomeLoanTest:76 - Extracted Cell: 
2025-07-30 03:23:50 DEBUG HomeLoanTest:76 - Extracted Cell: 
2025-07-30 03:23:50 DEBUG HomeLoanTest:76 - Extracted Cell: 
2025-07-30 03:23:50 DEBUG HomeLoanTest:76 - Extracted Cell: 
2025-07-30 03:23:50 DEBUG HomeLoanTest:76 - Extracted Cell: 
2025-07-30 03:23:50 DEBUG HomeLoanTest:76 - Extracted Cell: 
2025-07-30 03:23:50 DEBUG HomeLoanTest:76 - Extracted Cell: 
2025-07-30 03:23:50 DEBUG HomeLoanTest:76 - Extracted Cell: 
2025-07-30 03:23:50 DEBUG HomeLoanTest:76 - Extracted Cell: 
2025-07-30 03:23:50 DEBUG HomeLoanTest:76 - Extracted Cell: 
2025-07-30 03:23:50 DEBUG HomeLoanTest:76 - Extracted Cell: 
2025-07-30 03:23:50 DEBUG HomeLoanTest:76 - Extracted Cell: 
2025-07-30 03:23:50 DEBUG HomeLoanTest:76 - Extracted Cell: 
2025-07-30 03:23:50 DEBUG HomeLoanTest:76 - Extracted Cell: 
2025-07-30 03:23:50 DEBUG HomeLoanTest:76 - Extracted Cell: 
2025-07-30 03:23:50 DEBUG HomeLoanTest:76 - Extracted Cell: 
2025-07-30 03:23:50 DEBUG HomeLoanTest:76 - Extracted Cell: 
2025-07-30 03:23:50 DEBUG HomeLoanTest:76 - Extracted Cell: 
2025-07-30 03:23:50 DEBUG HomeLoanTest:76 - Extracted Cell: 
2025-07-30 03:23:50 DEBUG HomeLoanTest:76 - Extracted Cell: 
2025-07-30 03:23:50 DEBUG HomeLoanTest:76 - Extracted Cell: 
2025-07-30 03:23:50 DEBUG HomeLoanTest:76 - Extracted Cell: 
2025-07-30 03:23:50 DEBUG HomeLoanTest:76 - Extracted Cell: 
2025-07-30 03:23:50 DEBUG HomeLoanTest:76 - Extracted Cell: 
2025-07-30 03:23:50 DEBUG HomeLoanTest:76 - Extracted Cell: 
2025-07-30 03:23:50 DEBUG HomeLoanTest:76 - Extracted Cell: 
2025-07-30 03:23:50 DEBUG HomeLoanTest:76 - Extracted Cell: 
2025-07-30 03:23:50 DEBUG HomeLoanTest:76 - Extracted Cell: 
2025-07-30 03:23:50 DEBUG HomeLoanTest:76 - Extracted Cell: 
2025-07-30 03:23:50 DEBUG HomeLoanTest:76 - Extracted Cell: 
2025-07-30 03:23:50 DEBUG HomeLoanTest:76 - Extracted Cell: 
2025-07-30 03:23:51 INFO  HomeLoanTest:40 - ✅ EMI data extracted from Home Loan calculator and saved to Excel successfully.
2025-07-30 03:25:35 INFO  HomeLoanTest:32 - Navigated to Home Loan Calculator page.
2025-07-30 03:25:38 INFO  HomeLoanTest:36 - Filled Home Loan form with valid values.
2025-07-30 03:25:52 DEBUG HomeLoanTest:76 - Extracted Cell: 2025
2025-07-30 03:25:52 DEBUG HomeLoanTest:76 - Extracted Cell: ₹ 8,283
2025-07-30 03:25:52 DEBUG HomeLoanTest:76 - Extracted Cell: ₹ 16,747
2025-07-30 03:25:52 DEBUG HomeLoanTest:76 - Extracted Cell: ₹ 1,50,15,125
2025-07-30 03:25:52 DEBUG HomeLoanTest:76 - Extracted Cell: ₹ 1,50,40,154
2025-07-30 03:25:52 DEBUG HomeLoanTest:76 - Extracted Cell: ₹ 4,41,717
2025-07-30 03:25:52 DEBUG HomeLoanTest:76 - Extracted Cell: 1.84%
2025-07-30 03:25:52 DEBUG HomeLoanTest:76 - Extracted Cell: 
2025-07-30 03:25:52 DEBUG HomeLoanTest:76 - Extracted Cell: 
2025-07-30 03:25:52 DEBUG HomeLoanTest:76 - Extracted Cell: 
2025-07-30 03:25:52 DEBUG HomeLoanTest:76 - Extracted Cell: 
2025-07-30 03:25:52 DEBUG HomeLoanTest:76 - Extracted Cell: 
2025-07-30 03:25:52 DEBUG HomeLoanTest:76 - Extracted Cell: 
2025-07-30 03:25:52 DEBUG HomeLoanTest:76 - Extracted Cell: 
2025-07-30 03:25:52 DEBUG HomeLoanTest:76 - Extracted Cell: 
2025-07-30 03:25:52 DEBUG HomeLoanTest:76 - Extracted Cell: 
2025-07-30 03:25:52 DEBUG HomeLoanTest:76 - Extracted Cell: 
2025-07-30 03:25:52 DEBUG HomeLoanTest:76 - Extracted Cell: 
2025-07-30 03:25:52 DEBUG HomeLoanTest:76 - Extracted Cell: 
2025-07-30 03:25:52 DEBUG HomeLoanTest:76 - Extracted Cell: 
2025-07-30 03:25:52 DEBUG HomeLoanTest:76 - Extracted Cell: 
2025-07-30 03:25:52 DEBUG HomeLoanTest:76 - Extracted Cell: 
2025-07-30 03:25:52 DEBUG HomeLoanTest:76 - Extracted Cell: 
2025-07-30 03:25:52 DEBUG HomeLoanTest:76 - Extracted Cell: 
2025-07-30 03:25:52 DEBUG HomeLoanTest:76 - Extracted Cell: 
2025-07-30 03:25:52 DEBUG HomeLoanTest:76 - Extracted Cell: 
2025-07-30 03:25:52 DEBUG HomeLoanTest:76 - Extracted Cell: 
2025-07-30 03:25:52 DEBUG HomeLoanTest:76 - Extracted Cell: 
2025-07-30 03:25:52 DEBUG HomeLoanTest:76 - Extracted Cell: 
2025-07-30 03:25:52 DEBUG HomeLoanTest:76 - Extracted Cell: 
2025-07-30 03:25:52 DEBUG HomeLoanTest:76 - Extracted Cell: 
2025-07-30 03:25:52 DEBUG HomeLoanTest:76 - Extracted Cell: 
2025-07-30 03:25:52 DEBUG HomeLoanTest:76 - Extracted Cell: 
2025-07-30 03:25:52 DEBUG HomeLoanTest:76 - Extracted Cell: 
2025-07-30 03:25:52 DEBUG HomeLoanTest:76 - Extracted Cell: 
2025-07-30 03:25:52 DEBUG HomeLoanTest:76 - Extracted Cell: 
2025-07-30 03:25:52 DEBUG HomeLoanTest:76 - Extracted Cell: 
2025-07-30 03:25:52 DEBUG HomeLoanTest:76 - Extracted Cell: 
2025-07-30 03:25:52 DEBUG HomeLoanTest:76 - Extracted Cell: 
2025-07-30 03:25:52 DEBUG HomeLoanTest:76 - Extracted Cell: 
2025-07-30 03:25:52 DEBUG HomeLoanTest:76 - Extracted Cell: 
2025-07-30 03:25:52 DEBUG HomeLoanTest:76 - Extracted Cell: 
2025-07-30 03:25:52 DEBUG HomeLoanTest:76 - Extracted Cell: 
2025-07-30 03:25:53 DEBUG HomeLoanTest:76 - Extracted Cell: 
2025-07-30 03:25:53 DEBUG HomeLoanTest:76 - Extracted Cell: 
2025-07-30 03:25:53 DEBUG HomeLoanTest:76 - Extracted Cell: 
2025-07-30 03:25:53 DEBUG HomeLoanTest:76 - Extracted Cell: 
2025-07-30 03:25:53 DEBUG HomeLoanTest:76 - Extracted Cell: 
2025-07-30 03:25:53 DEBUG HomeLoanTest:76 - Extracted Cell: 
2025-07-30 03:25:53 DEBUG HomeLoanTest:76 - Extracted Cell: 
2025-07-30 03:25:53 DEBUG HomeLoanTest:76 - Extracted Cell: 
2025-07-30 03:25:53 DEBUG HomeLoanTest:76 - Extracted Cell: 
2025-07-30 03:25:53 DEBUG HomeLoanTest:76 - Extracted Cell: 
2025-07-30 03:25:53 DEBUG HomeLoanTest:76 - Extracted Cell: 
2025-07-30 03:25:53 DEBUG HomeLoanTest:76 - Extracted Cell: 
2025-07-30 03:25:53 DEBUG HomeLoanTest:76 - Extracted Cell: 
2025-07-30 03:25:53 DEBUG HomeLoanTest:76 - Extracted Cell: 
2025-07-30 03:25:53 DEBUG HomeLoanTest:76 - Extracted Cell: 
2025-07-30 03:25:53 DEBUG HomeLoanTest:76 - Extracted Cell: 
2025-07-30 03:25:53 DEBUG HomeLoanTest:76 - Extracted Cell: 
2025-07-30 03:25:53 DEBUG HomeLoanTest:76 - Extracted Cell: 
2025-07-30 03:25:53 DEBUG HomeLoanTest:76 - Extracted Cell: 
2025-07-30 03:25:53 DEBUG HomeLoanTest:76 - Extracted Cell: 
2025-07-30 03:25:53 DEBUG HomeLoanTest:76 - Extracted Cell: 
2025-07-30 03:25:53 DEBUG HomeLoanTest:76 - Extracted Cell: 
2025-07-30 03:25:53 DEBUG HomeLoanTest:76 - Extracted Cell: 
2025-07-30 03:25:53 DEBUG HomeLoanTest:76 - Extracted Cell: 
2025-07-30 03:25:53 DEBUG HomeLoanTest:76 - Extracted Cell: 
2025-07-30 03:25:53 DEBUG HomeLoanTest:76 - Extracted Cell: 
2025-07-30 03:25:53 DEBUG HomeLoanTest:76 - Extracted Cell: 
2025-07-30 03:25:53 DEBUG HomeLoanTest:76 - Extracted Cell: 
2025-07-30 03:25:53 DEBUG HomeLoanTest:76 - Extracted Cell: 
2025-07-30 03:25:53 DEBUG HomeLoanTest:76 - Extracted Cell: 
2025-07-30 03:25:53 DEBUG HomeLoanTest:76 - Extracted Cell: 
2025-07-30 03:25:53 DEBUG HomeLoanTest:76 - Extracted Cell: 
2025-07-30 03:25:53 DEBUG HomeLoanTest:76 - Extracted Cell: 
2025-07-30 03:25:53 DEBUG HomeLoanTest:76 - Extracted Cell: 
2025-07-30 03:25:53 DEBUG HomeLoanTest:76 - Extracted Cell: 
2025-07-30 03:25:53 DEBUG HomeLoanTest:76 - Extracted Cell: 
2025-07-30 03:25:53 DEBUG HomeLoanTest:76 - Extracted Cell: 
2025-07-30 03:25:53 DEBUG HomeLoanTest:76 - Extracted Cell: 
2025-07-30 03:25:53 DEBUG HomeLoanTest:76 - Extracted Cell: 
2025-07-30 03:25:53 DEBUG HomeLoanTest:76 - Extracted Cell: 
2025-07-30 03:25:53 DEBUG HomeLoanTest:76 - Extracted Cell: 
2025-07-30 03:25:53 DEBUG HomeLoanTest:76 - Extracted Cell: 
2025-07-30 03:25:53 DEBUG HomeLoanTest:76 - Extracted Cell: 
2025-07-30 03:25:53 DEBUG HomeLoanTest:76 - Extracted Cell: 
2025-07-30 03:25:53 DEBUG HomeLoanTest:76 - Extracted Cell: 
2025-07-30 03:25:53 DEBUG HomeLoanTest:76 - Extracted Cell: 
2025-07-30 03:25:53 DEBUG HomeLoanTest:76 - Extracted Cell: 
2025-07-30 03:25:53 DEBUG HomeLoanTest:76 - Extracted Cell: 
2025-07-30 03:25:53 DEBUG HomeLoanTest:76 - Extracted Cell: 
2025-07-30 03:25:53 DEBUG HomeLoanTest:76 - Extracted Cell: 2026
2025-07-30 03:25:53 DEBUG HomeLoanTest:76 - Extracted Cell: ₹ 17,524
2025-07-30 03:25:53 DEBUG HomeLoanTest:76 - Extracted Cell: ₹ 32,535
2025-07-30 03:25:53 DEBUG HomeLoanTest:76 - Extracted Cell: ₹ 3,00,30,250
2025-07-30 03:25:53 DEBUG HomeLoanTest:76 - Extracted Cell: ₹ 3,00,80,309
2025-07-30 03:25:54 DEBUG HomeLoanTest:76 - Extracted Cell: ₹ 4,24,193
2025-07-30 03:25:54 DEBUG HomeLoanTest:76 - Extracted Cell: 5.73%
2025-07-30 03:25:54 DEBUG HomeLoanTest:76 - Extracted Cell: 
2025-07-30 03:25:54 DEBUG HomeLoanTest:76 - Extracted Cell: 
2025-07-30 03:25:54 DEBUG HomeLoanTest:76 - Extracted Cell: 
2025-07-30 03:25:54 DEBUG HomeLoanTest:76 - Extracted Cell: 
2025-07-30 03:25:54 DEBUG HomeLoanTest:76 - Extracted Cell: 
2025-07-30 03:25:54 DEBUG HomeLoanTest:76 - Extracted Cell: 
2025-07-30 03:25:54 DEBUG HomeLoanTest:76 - Extracted Cell: 
2025-07-30 03:25:54 DEBUG HomeLoanTest:76 - Extracted Cell: 
2025-07-30 03:25:54 DEBUG HomeLoanTest:76 - Extracted Cell: 
2025-07-30 03:25:54 DEBUG HomeLoanTest:76 - Extracted Cell: 
2025-07-30 03:25:54 DEBUG HomeLoanTest:76 - Extracted Cell: 
2025-07-30 03:25:54 DEBUG HomeLoanTest:76 - Extracted Cell: 
2025-07-30 03:25:54 DEBUG HomeLoanTest:76 - Extracted Cell: 
2025-07-30 03:25:54 DEBUG HomeLoanTest:76 - Extracted Cell: 
2025-07-30 03:25:54 DEBUG HomeLoanTest:76 - Extracted Cell: 
2025-07-30 03:25:54 DEBUG HomeLoanTest:76 - Extracted Cell: 
2025-07-30 03:25:54 DEBUG HomeLoanTest:76 - Extracted Cell: 
2025-07-30 03:25:54 DEBUG HomeLoanTest:76 - Extracted Cell: 
2025-07-30 03:25:54 DEBUG HomeLoanTest:76 - Extracted Cell: 
2025-07-30 03:25:54 DEBUG HomeLoanTest:76 - Extracted Cell: 
2025-07-30 03:25:54 DEBUG HomeLoanTest:76 - Extracted Cell: 
2025-07-30 03:25:54 DEBUG HomeLoanTest:76 - Extracted Cell: 
2025-07-30 03:25:54 DEBUG HomeLoanTest:76 - Extracted Cell: 
2025-07-30 03:25:54 DEBUG HomeLoanTest:76 - Extracted Cell: 
2025-07-30 03:25:54 DEBUG HomeLoanTest:76 - Extracted Cell: 
2025-07-30 03:25:54 DEBUG HomeLoanTest:76 - Extracted Cell: 
2025-07-30 03:25:54 DEBUG HomeLoanTest:76 - Extracted Cell: 
2025-07-30 03:25:54 DEBUG HomeLoanTest:76 - Extracted Cell: 
2025-07-30 03:25:54 DEBUG HomeLoanTest:76 - Extracted Cell: 
2025-07-30 03:25:54 DEBUG HomeLoanTest:76 - Extracted Cell: 
2025-07-30 03:25:54 DEBUG HomeLoanTest:76 - Extracted Cell: 
2025-07-30 03:25:54 DEBUG HomeLoanTest:76 - Extracted Cell: 
2025-07-30 03:25:54 DEBUG HomeLoanTest:76 - Extracted Cell: 
2025-07-30 03:25:54 DEBUG HomeLoanTest:76 - Extracted Cell: 
2025-07-30 03:25:54 DEBUG HomeLoanTest:76 - Extracted Cell: 
2025-07-30 03:25:54 DEBUG HomeLoanTest:76 - Extracted Cell: 
2025-07-30 03:25:54 DEBUG HomeLoanTest:76 - Extracted Cell: 
2025-07-30 03:25:54 DEBUG HomeLoanTest:76 - Extracted Cell: 
2025-07-30 03:25:54 DEBUG HomeLoanTest:76 - Extracted Cell: 
2025-07-30 03:25:54 DEBUG HomeLoanTest:76 - Extracted Cell: 
2025-07-30 03:25:54 DEBUG HomeLoanTest:76 - Extracted Cell: 
2025-07-30 03:25:54 DEBUG HomeLoanTest:76 - Extracted Cell: 
2025-07-30 03:25:54 DEBUG HomeLoanTest:76 - Extracted Cell: 
2025-07-30 03:25:54 DEBUG HomeLoanTest:76 - Extracted Cell: 
2025-07-30 03:25:54 DEBUG HomeLoanTest:76 - Extracted Cell: 
2025-07-30 03:25:54 DEBUG HomeLoanTest:76 - Extracted Cell: 
2025-07-30 03:25:54 DEBUG HomeLoanTest:76 - Extracted Cell: 
2025-07-30 03:25:54 DEBUG HomeLoanTest:76 - Extracted Cell: 
2025-07-30 03:25:54 DEBUG HomeLoanTest:76 - Extracted Cell: 
2025-07-30 03:25:54 DEBUG HomeLoanTest:76 - Extracted Cell: 
2025-07-30 03:25:54 DEBUG HomeLoanTest:76 - Extracted Cell: 
2025-07-30 03:25:54 DEBUG HomeLoanTest:76 - Extracted Cell: 
2025-07-30 03:25:54 DEBUG HomeLoanTest:76 - Extracted Cell: 
2025-07-30 03:25:54 DEBUG HomeLoanTest:76 - Extracted Cell: 
2025-07-30 03:25:54 DEBUG HomeLoanTest:76 - Extracted Cell: 
2025-07-30 03:25:54 DEBUG HomeLoanTest:76 - Extracted Cell: 
2025-07-30 03:25:54 DEBUG HomeLoanTest:76 - Extracted Cell: 
2025-07-30 03:25:54 DEBUG HomeLoanTest:76 - Extracted Cell: 
2025-07-30 03:25:55 DEBUG HomeLoanTest:76 - Extracted Cell: 
2025-07-30 03:25:55 DEBUG HomeLoanTest:76 - Extracted Cell: 
2025-07-30 03:25:55 DEBUG HomeLoanTest:76 - Extracted Cell: 
2025-07-30 03:25:55 DEBUG HomeLoanTest:76 - Extracted Cell: 
2025-07-30 03:25:55 DEBUG HomeLoanTest:76 - Extracted Cell: 
2025-07-30 03:25:55 DEBUG HomeLoanTest:76 - Extracted Cell: 
2025-07-30 03:25:55 DEBUG HomeLoanTest:76 - Extracted Cell: 
2025-07-30 03:25:55 DEBUG HomeLoanTest:76 - Extracted Cell: 
2025-07-30 03:25:55 DEBUG HomeLoanTest:76 - Extracted Cell: 
2025-07-30 03:25:55 DEBUG HomeLoanTest:76 - Extracted Cell: 
2025-07-30 03:25:55 DEBUG HomeLoanTest:76 - Extracted Cell: 
2025-07-30 03:25:55 DEBUG HomeLoanTest:76 - Extracted Cell: 
2025-07-30 03:25:55 DEBUG HomeLoanTest:76 - Extracted Cell: 
2025-07-30 03:25:55 DEBUG HomeLoanTest:76 - Extracted Cell: 
2025-07-30 03:25:55 DEBUG HomeLoanTest:76 - Extracted Cell: 
2025-07-30 03:25:55 DEBUG HomeLoanTest:76 - Extracted Cell: 
2025-07-30 03:25:55 DEBUG HomeLoanTest:76 - Extracted Cell: 
2025-07-30 03:25:55 DEBUG HomeLoanTest:76 - Extracted Cell: 
2025-07-30 03:25:55 DEBUG HomeLoanTest:76 - Extracted Cell: 
2025-07-30 03:25:55 DEBUG HomeLoanTest:76 - Extracted Cell: 
2025-07-30 03:25:55 DEBUG HomeLoanTest:76 - Extracted Cell: 
2025-07-30 03:25:55 DEBUG HomeLoanTest:76 - Extracted Cell: 
2025-07-30 03:25:55 DEBUG HomeLoanTest:76 - Extracted Cell: 
2025-07-30 03:25:55 DEBUG HomeLoanTest:76 - Extracted Cell: 
2025-07-30 03:25:55 DEBUG HomeLoanTest:76 - Extracted Cell: 
2025-07-30 03:25:55 DEBUG HomeLoanTest:76 - Extracted Cell: 
2025-07-30 03:25:55 DEBUG HomeLoanTest:76 - Extracted Cell: 
2025-07-30 03:25:55 DEBUG HomeLoanTest:76 - Extracted Cell: 
2025-07-30 03:25:55 DEBUG HomeLoanTest:76 - Extracted Cell: 
2025-07-30 03:25:55 DEBUG HomeLoanTest:76 - Extracted Cell: 
2025-07-30 03:25:55 DEBUG HomeLoanTest:76 - Extracted Cell: 
2025-07-30 03:25:55 DEBUG HomeLoanTest:76 - Extracted Cell: 
2025-07-30 03:25:55 DEBUG HomeLoanTest:76 - Extracted Cell: 
2025-07-30 03:25:55 DEBUG HomeLoanTest:76 - Extracted Cell: 
2025-07-30 03:25:55 DEBUG HomeLoanTest:76 - Extracted Cell: 
2025-07-30 03:25:55 DEBUG HomeLoanTest:76 - Extracted Cell: 
2025-07-30 03:25:55 DEBUG HomeLoanTest:76 - Extracted Cell: 
2025-07-30 03:25:55 DEBUG HomeLoanTest:76 - Extracted Cell: 
2025-07-30 03:25:55 DEBUG HomeLoanTest:76 - Extracted Cell: 
2025-07-30 03:25:55 DEBUG HomeLoanTest:76 - Extracted Cell: 
2025-07-30 03:25:55 DEBUG HomeLoanTest:76 - Extracted Cell: 
2025-07-30 03:25:55 DEBUG HomeLoanTest:76 - Extracted Cell: 
2025-07-30 03:25:55 DEBUG HomeLoanTest:76 - Extracted Cell: 
2025-07-30 03:25:55 DEBUG HomeLoanTest:76 - Extracted Cell: 
2025-07-30 03:25:55 DEBUG HomeLoanTest:76 - Extracted Cell: 
2025-07-30 03:25:56 DEBUG HomeLoanTest:76 - Extracted Cell: 
2025-07-30 03:25:56 DEBUG HomeLoanTest:76 - Extracted Cell: 
2025-07-30 03:25:56 DEBUG HomeLoanTest:76 - Extracted Cell: 
2025-07-30 03:25:56 DEBUG HomeLoanTest:76 - Extracted Cell: 
2025-07-30 03:25:56 DEBUG HomeLoanTest:76 - Extracted Cell: 
2025-07-30 03:25:56 DEBUG HomeLoanTest:76 - Extracted Cell: 
2025-07-30 03:25:56 DEBUG HomeLoanTest:76 - Extracted Cell: 
2025-07-30 03:25:56 DEBUG HomeLoanTest:76 - Extracted Cell: 
2025-07-30 03:25:56 DEBUG HomeLoanTest:76 - Extracted Cell: 
2025-07-30 03:25:56 DEBUG HomeLoanTest:76 - Extracted Cell: 
2025-07-30 03:25:56 DEBUG HomeLoanTest:76 - Extracted Cell: 
2025-07-30 03:25:56 DEBUG HomeLoanTest:76 - Extracted Cell: 
2025-07-30 03:25:56 DEBUG HomeLoanTest:76 - Extracted Cell: 
2025-07-30 03:25:56 DEBUG HomeLoanTest:76 - Extracted Cell: 
2025-07-30 03:25:56 DEBUG HomeLoanTest:76 - Extracted Cell: 
2025-07-30 03:25:56 DEBUG HomeLoanTest:76 - Extracted Cell: 
2025-07-30 03:25:56 DEBUG HomeLoanTest:76 - Extracted Cell: 
2025-07-30 03:25:56 DEBUG HomeLoanTest:76 - Extracted Cell: 
2025-07-30 03:25:56 DEBUG HomeLoanTest:76 - Extracted Cell: 
2025-07-30 03:25:56 DEBUG HomeLoanTest:76 - Extracted Cell: 
2025-07-30 03:25:56 DEBUG HomeLoanTest:76 - Extracted Cell: 
2025-07-30 03:25:56 DEBUG HomeLoanTest:76 - Extracted Cell: 
2025-07-30 03:25:56 DEBUG HomeLoanTest:76 - Extracted Cell: 
2025-07-30 03:25:56 DEBUG HomeLoanTest:76 - Extracted Cell: 
2025-07-30 03:25:56 DEBUG HomeLoanTest:76 - Extracted Cell: 
2025-07-30 03:25:56 DEBUG HomeLoanTest:76 - Extracted Cell: 
2025-07-30 03:25:56 DEBUG HomeLoanTest:76 - Extracted Cell: 
2025-07-30 03:25:56 DEBUG HomeLoanTest:76 - Extracted Cell: 
2025-07-30 03:25:56 DEBUG HomeLoanTest:76 - Extracted Cell: 
2025-07-30 03:25:56 DEBUG HomeLoanTest:76 - Extracted Cell: 
2025-07-30 03:25:56 DEBUG HomeLoanTest:76 - Extracted Cell: 
2025-07-30 03:25:56 DEBUG HomeLoanTest:76 - Extracted Cell: 
2025-07-30 03:25:56 DEBUG HomeLoanTest:76 - Extracted Cell: 
2025-07-30 03:25:56 DEBUG HomeLoanTest:76 - Extracted Cell: 
2025-07-30 03:25:56 DEBUG HomeLoanTest:76 - Extracted Cell: 
2025-07-30 03:25:56 DEBUG HomeLoanTest:76 - Extracted Cell: 
2025-07-30 03:25:57 DEBUG HomeLoanTest:76 - Extracted Cell: 
2025-07-30 03:25:57 DEBUG HomeLoanTest:76 - Extracted Cell: 
2025-07-30 03:25:57 DEBUG HomeLoanTest:76 - Extracted Cell: 
2025-07-30 03:25:57 DEBUG HomeLoanTest:76 - Extracted Cell: 
2025-07-30 03:25:57 DEBUG HomeLoanTest:76 - Extracted Cell: 
2025-07-30 03:25:57 DEBUG HomeLoanTest:76 - Extracted Cell: 
2025-07-30 03:25:57 DEBUG HomeLoanTest:76 - Extracted Cell: 
2025-07-30 03:25:57 DEBUG HomeLoanTest:76 - Extracted Cell: 
2025-07-30 03:25:57 DEBUG HomeLoanTest:76 - Extracted Cell: 
2025-07-30 03:25:57 DEBUG HomeLoanTest:76 - Extracted Cell: 
2025-07-30 03:25:57 DEBUG HomeLoanTest:76 - Extracted Cell: 
2025-07-30 03:25:57 DEBUG HomeLoanTest:76 - Extracted Cell: 
2025-07-30 03:25:57 DEBUG HomeLoanTest:76 - Extracted Cell: 
2025-07-30 03:25:57 DEBUG HomeLoanTest:76 - Extracted Cell: 
2025-07-30 03:25:57 DEBUG HomeLoanTest:76 - Extracted Cell: 
2025-07-30 03:25:57 DEBUG HomeLoanTest:76 - Extracted Cell: 
2025-07-30 03:25:57 DEBUG HomeLoanTest:76 - Extracted Cell: 
2025-07-30 03:25:57 DEBUG HomeLoanTest:76 - Extracted Cell: 
2025-07-30 03:25:57 DEBUG HomeLoanTest:76 - Extracted Cell: 
2025-07-30 03:25:57 DEBUG HomeLoanTest:76 - Extracted Cell: 
2025-07-30 03:25:57 DEBUG HomeLoanTest:76 - Extracted Cell: 
2025-07-30 03:25:57 DEBUG HomeLoanTest:76 - Extracted Cell: 
2025-07-30 03:25:57 DEBUG HomeLoanTest:76 - Extracted Cell: 
2025-07-30 03:25:57 DEBUG HomeLoanTest:76 - Extracted Cell: 
2025-07-30 03:25:57 DEBUG HomeLoanTest:76 - Extracted Cell: 
2025-07-30 03:25:57 DEBUG HomeLoanTest:76 - Extracted Cell: 
2025-07-30 03:25:57 DEBUG HomeLoanTest:76 - Extracted Cell: 
2025-07-30 03:25:57 DEBUG HomeLoanTest:76 - Extracted Cell: 
2025-07-30 03:25:57 DEBUG HomeLoanTest:76 - Extracted Cell: 
2025-07-30 03:25:57 DEBUG HomeLoanTest:76 - Extracted Cell: 
2025-07-30 03:25:57 DEBUG HomeLoanTest:76 - Extracted Cell: 2027
2025-07-30 03:25:57 DEBUG HomeLoanTest:76 - Extracted Cell: ₹ 18,885
2025-07-30 03:25:57 DEBUG HomeLoanTest:76 - Extracted Cell: ₹ 31,174
2025-07-30 03:25:57 DEBUG HomeLoanTest:76 - Extracted Cell: ₹ 3,00,30,250
2025-07-30 03:25:57 DEBUG HomeLoanTest:76 - Extracted Cell: ₹ 3,00,80,309
2025-07-30 03:25:57 DEBUG HomeLoanTest:76 - Extracted Cell: ₹ 4,05,308
2025-07-30 03:25:57 DEBUG HomeLoanTest:76 - Extracted Cell: 9.93%
2025-07-30 03:25:58 DEBUG HomeLoanTest:76 - Extracted Cell: 
2025-07-30 03:25:58 DEBUG HomeLoanTest:76 - Extracted Cell: 
2025-07-30 03:25:58 DEBUG HomeLoanTest:76 - Extracted Cell: 
2025-07-30 03:25:58 DEBUG HomeLoanTest:76 - Extracted Cell: 
2025-07-30 03:25:58 DEBUG HomeLoanTest:76 - Extracted Cell: 
2025-07-30 03:25:58 DEBUG HomeLoanTest:76 - Extracted Cell: 
2025-07-30 03:25:58 DEBUG HomeLoanTest:76 - Extracted Cell: 
2025-07-30 03:25:58 DEBUG HomeLoanTest:76 - Extracted Cell: 
2025-07-30 03:25:58 DEBUG HomeLoanTest:76 - Extracted Cell: 
2025-07-30 03:25:58 DEBUG HomeLoanTest:76 - Extracted Cell: 
2025-07-30 03:25:58 DEBUG HomeLoanTest:76 - Extracted Cell: 
2025-07-30 03:25:58 DEBUG HomeLoanTest:76 - Extracted Cell: 
2025-07-30 03:25:58 DEBUG HomeLoanTest:76 - Extracted Cell: 
2025-07-30 03:25:58 DEBUG HomeLoanTest:76 - Extracted Cell: 
2025-07-30 03:25:58 DEBUG HomeLoanTest:76 - Extracted Cell: 
2025-07-30 03:25:58 DEBUG HomeLoanTest:76 - Extracted Cell: 
2025-07-30 03:25:58 DEBUG HomeLoanTest:76 - Extracted Cell: 
2025-07-30 03:25:58 DEBUG HomeLoanTest:76 - Extracted Cell: 
2025-07-30 03:25:58 DEBUG HomeLoanTest:76 - Extracted Cell: 
2025-07-30 03:25:58 DEBUG HomeLoanTest:76 - Extracted Cell: 
2025-07-30 03:25:58 DEBUG HomeLoanTest:76 - Extracted Cell: 
2025-07-30 03:25:58 DEBUG HomeLoanTest:76 - Extracted Cell: 
2025-07-30 03:25:58 DEBUG HomeLoanTest:76 - Extracted Cell: 
2025-07-30 03:25:58 DEBUG HomeLoanTest:76 - Extracted Cell: 
2025-07-30 03:25:58 DEBUG HomeLoanTest:76 - Extracted Cell: 
2025-07-30 03:25:58 DEBUG HomeLoanTest:76 - Extracted Cell: 
2025-07-30 03:25:58 DEBUG HomeLoanTest:76 - Extracted Cell: 
2025-07-30 03:25:58 DEBUG HomeLoanTest:76 - Extracted Cell: 
2025-07-30 03:25:58 DEBUG HomeLoanTest:76 - Extracted Cell: 
2025-07-30 03:25:58 DEBUG HomeLoanTest:76 - Extracted Cell: 
2025-07-30 03:25:58 DEBUG HomeLoanTest:76 - Extracted Cell: 
2025-07-30 03:25:58 DEBUG HomeLoanTest:76 - Extracted Cell: 
2025-07-30 03:25:58 DEBUG HomeLoanTest:76 - Extracted Cell: 
2025-07-30 03:25:58 DEBUG HomeLoanTest:76 - Extracted Cell: 
2025-07-30 03:25:58 DEBUG HomeLoanTest:76 - Extracted Cell: 
2025-07-30 03:25:58 DEBUG HomeLoanTest:76 - Extracted Cell: 
2025-07-30 03:25:58 DEBUG HomeLoanTest:76 - Extracted Cell: 
2025-07-30 03:25:58 DEBUG HomeLoanTest:76 - Extracted Cell: 
2025-07-30 03:25:58 DEBUG HomeLoanTest:76 - Extracted Cell: 
2025-07-30 03:25:58 DEBUG HomeLoanTest:76 - Extracted Cell: 
2025-07-30 03:25:58 DEBUG HomeLoanTest:76 - Extracted Cell: 
2025-07-30 03:25:58 DEBUG HomeLoanTest:76 - Extracted Cell: 
2025-07-30 03:25:58 DEBUG HomeLoanTest:76 - Extracted Cell: 
2025-07-30 03:25:58 DEBUG HomeLoanTest:76 - Extracted Cell: 
2025-07-30 03:25:58 DEBUG HomeLoanTest:76 - Extracted Cell: 
2025-07-30 03:25:58 DEBUG HomeLoanTest:76 - Extracted Cell: 
2025-07-30 03:25:58 DEBUG HomeLoanTest:76 - Extracted Cell: 
2025-07-30 03:25:58 DEBUG HomeLoanTest:76 - Extracted Cell: 
2025-07-30 03:25:58 DEBUG HomeLoanTest:76 - Extracted Cell: 
2025-07-30 03:25:58 DEBUG HomeLoanTest:76 - Extracted Cell: 
2025-07-30 03:25:59 DEBUG HomeLoanTest:76 - Extracted Cell: 
2025-07-30 03:25:59 DEBUG HomeLoanTest:76 - Extracted Cell: 
2025-07-30 03:25:59 DEBUG HomeLoanTest:76 - Extracted Cell: 
2025-07-30 03:25:59 DEBUG HomeLoanTest:76 - Extracted Cell: 
2025-07-30 03:25:59 DEBUG HomeLoanTest:76 - Extracted Cell: 
2025-07-30 03:25:59 DEBUG HomeLoanTest:76 - Extracted Cell: 
2025-07-30 03:25:59 DEBUG HomeLoanTest:76 - Extracted Cell: 
2025-07-30 03:25:59 DEBUG HomeLoanTest:76 - Extracted Cell: 
2025-07-30 03:25:59 DEBUG HomeLoanTest:76 - Extracted Cell: 
2025-07-30 03:25:59 DEBUG HomeLoanTest:76 - Extracted Cell: 
2025-07-30 03:25:59 DEBUG HomeLoanTest:76 - Extracted Cell: 
2025-07-30 03:25:59 DEBUG HomeLoanTest:76 - Extracted Cell: 
2025-07-30 03:25:59 DEBUG HomeLoanTest:76 - Extracted Cell: 
2025-07-30 03:25:59 DEBUG HomeLoanTest:76 - Extracted Cell: 
2025-07-30 03:25:59 DEBUG HomeLoanTest:76 - Extracted Cell: 
2025-07-30 03:25:59 DEBUG HomeLoanTest:76 - Extracted Cell: 
2025-07-30 03:25:59 DEBUG HomeLoanTest:76 - Extracted Cell: 
2025-07-30 03:25:59 DEBUG HomeLoanTest:76 - Extracted Cell: 
2025-07-30 03:25:59 DEBUG HomeLoanTest:76 - Extracted Cell: 
2025-07-30 03:25:59 DEBUG HomeLoanTest:76 - Extracted Cell: 
2025-07-30 03:25:59 DEBUG HomeLoanTest:76 - Extracted Cell: 
2025-07-30 03:25:59 DEBUG HomeLoanTest:76 - Extracted Cell: 
2025-07-30 03:25:59 DEBUG HomeLoanTest:76 - Extracted Cell: 
2025-07-30 03:25:59 DEBUG HomeLoanTest:76 - Extracted Cell: 
2025-07-30 03:25:59 DEBUG HomeLoanTest:76 - Extracted Cell: 
2025-07-30 03:25:59 DEBUG HomeLoanTest:76 - Extracted Cell: 
2025-07-30 03:25:59 DEBUG HomeLoanTest:76 - Extracted Cell: 
2025-07-30 03:25:59 DEBUG HomeLoanTest:76 - Extracted Cell: 
2025-07-30 03:25:59 DEBUG HomeLoanTest:76 - Extracted Cell: 
2025-07-30 03:25:59 DEBUG HomeLoanTest:76 - Extracted Cell: 
2025-07-30 03:25:59 DEBUG HomeLoanTest:76 - Extracted Cell: 
2025-07-30 03:25:59 DEBUG HomeLoanTest:76 - Extracted Cell: 
2025-07-30 03:25:59 DEBUG HomeLoanTest:76 - Extracted Cell: 
2025-07-30 03:25:59 DEBUG HomeLoanTest:76 - Extracted Cell: 
2025-07-30 03:25:59 DEBUG HomeLoanTest:76 - Extracted Cell: 
2025-07-30 03:25:59 DEBUG HomeLoanTest:76 - Extracted Cell: 
2025-07-30 03:25:59 DEBUG HomeLoanTest:76 - Extracted Cell: 
2025-07-30 03:25:59 DEBUG HomeLoanTest:76 - Extracted Cell: 
2025-07-30 03:25:59 DEBUG HomeLoanTest:76 - Extracted Cell: 
2025-07-30 03:25:59 DEBUG HomeLoanTest:76 - Extracted Cell: 
2025-07-30 03:25:59 DEBUG HomeLoanTest:76 - Extracted Cell: 
2025-07-30 03:25:59 DEBUG HomeLoanTest:76 - Extracted Cell: 
2025-07-30 03:25:59 DEBUG HomeLoanTest:76 - Extracted Cell: 
2025-07-30 03:25:59 DEBUG HomeLoanTest:76 - Extracted Cell: 
2025-07-30 03:25:59 DEBUG HomeLoanTest:76 - Extracted Cell: 
2025-07-30 03:25:59 DEBUG HomeLoanTest:76 - Extracted Cell: 
2025-07-30 03:26:00 DEBUG HomeLoanTest:76 - Extracted Cell: 
2025-07-30 03:26:00 DEBUG HomeLoanTest:76 - Extracted Cell: 
2025-07-30 03:26:00 DEBUG HomeLoanTest:76 - Extracted Cell: 
2025-07-30 03:26:00 DEBUG HomeLoanTest:76 - Extracted Cell: 
2025-07-30 03:26:00 DEBUG HomeLoanTest:76 - Extracted Cell: 
2025-07-30 03:26:00 DEBUG HomeLoanTest:76 - Extracted Cell: 
2025-07-30 03:26:00 DEBUG HomeLoanTest:76 - Extracted Cell: 
2025-07-30 03:26:00 DEBUG HomeLoanTest:76 - Extracted Cell: 
2025-07-30 03:26:00 DEBUG HomeLoanTest:76 - Extracted Cell: 
2025-07-30 03:26:00 DEBUG HomeLoanTest:76 - Extracted Cell: 
2025-07-30 03:26:00 DEBUG HomeLoanTest:76 - Extracted Cell: 
2025-07-30 03:26:00 DEBUG HomeLoanTest:76 - Extracted Cell: 
2025-07-30 03:26:00 DEBUG HomeLoanTest:76 - Extracted Cell: 
2025-07-30 03:26:00 DEBUG HomeLoanTest:76 - Extracted Cell: 
2025-07-30 03:26:00 DEBUG HomeLoanTest:76 - Extracted Cell: 
2025-07-30 03:26:00 DEBUG HomeLoanTest:76 - Extracted Cell: 
2025-07-30 03:26:00 DEBUG HomeLoanTest:76 - Extracted Cell: 
2025-07-30 03:26:00 DEBUG HomeLoanTest:76 - Extracted Cell: 
2025-07-30 03:26:00 DEBUG HomeLoanTest:76 - Extracted Cell: 
2025-07-30 03:26:00 DEBUG HomeLoanTest:76 - Extracted Cell: 
2025-07-30 03:26:00 DEBUG HomeLoanTest:76 - Extracted Cell: 
2025-07-30 03:26:00 DEBUG HomeLoanTest:76 - Extracted Cell: 
2025-07-30 03:26:00 DEBUG HomeLoanTest:76 - Extracted Cell: 
2025-07-30 03:26:00 DEBUG HomeLoanTest:76 - Extracted Cell: 
2025-07-30 03:26:00 DEBUG HomeLoanTest:76 - Extracted Cell: 
2025-07-30 03:26:00 DEBUG HomeLoanTest:76 - Extracted Cell: 
2025-07-30 03:26:00 DEBUG HomeLoanTest:76 - Extracted Cell: 
2025-07-30 03:26:00 DEBUG HomeLoanTest:76 - Extracted Cell: 
2025-07-30 03:26:00 DEBUG HomeLoanTest:76 - Extracted Cell: 
2025-07-30 03:26:00 DEBUG HomeLoanTest:76 - Extracted Cell: 
2025-07-30 03:26:00 DEBUG HomeLoanTest:76 - Extracted Cell: 
2025-07-30 03:26:01 DEBUG HomeLoanTest:76 - Extracted Cell: 
2025-07-30 03:26:01 DEBUG HomeLoanTest:76 - Extracted Cell: 
2025-07-30 03:26:01 DEBUG HomeLoanTest:76 - Extracted Cell: 
2025-07-30 03:26:01 DEBUG HomeLoanTest:76 - Extracted Cell: 
2025-07-30 03:26:01 DEBUG HomeLoanTest:76 - Extracted Cell: 
2025-07-30 03:26:01 DEBUG HomeLoanTest:76 - Extracted Cell: 
2025-07-30 03:26:01 DEBUG HomeLoanTest:76 - Extracted Cell: 
2025-07-30 03:26:01 DEBUG HomeLoanTest:76 - Extracted Cell: 
2025-07-30 03:26:01 DEBUG HomeLoanTest:76 - Extracted Cell: 
2025-07-30 03:26:01 DEBUG HomeLoanTest:76 - Extracted Cell: 
2025-07-30 03:26:01 DEBUG HomeLoanTest:76 - Extracted Cell: 
2025-07-30 03:26:01 DEBUG HomeLoanTest:76 - Extracted Cell: 
2025-07-30 03:26:01 DEBUG HomeLoanTest:76 - Extracted Cell: 
2025-07-30 03:26:01 DEBUG HomeLoanTest:76 - Extracted Cell: 
2025-07-30 03:26:01 DEBUG HomeLoanTest:76 - Extracted Cell: 
2025-07-30 03:26:01 DEBUG HomeLoanTest:76 - Extracted Cell: 
2025-07-30 03:26:01 DEBUG HomeLoanTest:76 - Extracted Cell: 
2025-07-30 03:26:01 DEBUG HomeLoanTest:76 - Extracted Cell: 
2025-07-30 03:26:01 DEBUG HomeLoanTest:76 - Extracted Cell: 
2025-07-30 03:26:01 DEBUG HomeLoanTest:76 - Extracted Cell: 
2025-07-30 03:26:01 DEBUG HomeLoanTest:76 - Extracted Cell: 
2025-07-30 03:26:01 DEBUG HomeLoanTest:76 - Extracted Cell: 
2025-07-30 03:26:01 DEBUG HomeLoanTest:76 - Extracted Cell: 
2025-07-30 03:26:01 DEBUG HomeLoanTest:76 - Extracted Cell: 
2025-07-30 03:26:01 DEBUG HomeLoanTest:76 - Extracted Cell: 
2025-07-30 03:26:01 DEBUG HomeLoanTest:76 - Extracted Cell: 
2025-07-30 03:26:01 DEBUG HomeLoanTest:76 - Extracted Cell: 
2025-07-30 03:26:01 DEBUG HomeLoanTest:76 - Extracted Cell: 
2025-07-30 03:26:01 DEBUG HomeLoanTest:76 - Extracted Cell: 
2025-07-30 03:26:01 DEBUG HomeLoanTest:76 - Extracted Cell: 
2025-07-30 03:26:01 DEBUG HomeLoanTest:76 - Extracted Cell: 
2025-07-30 03:26:01 DEBUG HomeLoanTest:76 - Extracted Cell: 
2025-07-30 03:26:01 DEBUG HomeLoanTest:76 - Extracted Cell: 
2025-07-30 03:26:01 DEBUG HomeLoanTest:76 - Extracted Cell: 
2025-07-30 03:26:01 DEBUG HomeLoanTest:76 - Extracted Cell: 
2025-07-30 03:26:01 DEBUG HomeLoanTest:76 - Extracted Cell: 
2025-07-30 03:26:01 DEBUG HomeLoanTest:76 - Extracted Cell: 
2025-07-30 03:26:01 DEBUG HomeLoanTest:76 - Extracted Cell: 
2025-07-30 03:26:01 DEBUG HomeLoanTest:76 - Extracted Cell: 
2025-07-30 03:26:01 DEBUG HomeLoanTest:76 - Extracted Cell: 
2025-07-30 03:26:01 DEBUG HomeLoanTest:76 - Extracted Cell: 
2025-07-30 03:26:01 DEBUG HomeLoanTest:76 - Extracted Cell: 
2025-07-30 03:26:02 DEBUG HomeLoanTest:76 - Extracted Cell: 2028
2025-07-30 03:26:02 DEBUG HomeLoanTest:76 - Extracted Cell: ₹ 20,351
2025-07-30 03:26:02 DEBUG HomeLoanTest:76 - Extracted Cell: ₹ 29,708
2025-07-30 03:26:02 DEBUG HomeLoanTest:76 - Extracted Cell: ₹ 3,00,30,250
2025-07-30 03:26:02 DEBUG HomeLoanTest:76 - Extracted Cell: ₹ 3,00,80,309
2025-07-30 03:26:02 DEBUG HomeLoanTest:76 - Extracted Cell: ₹ 3,84,958
2025-07-30 03:26:02 DEBUG HomeLoanTest:76 - Extracted Cell: 14.45%
2025-07-30 03:26:02 DEBUG HomeLoanTest:76 - Extracted Cell: 
2025-07-30 03:26:02 DEBUG HomeLoanTest:76 - Extracted Cell: 
2025-07-30 03:26:02 DEBUG HomeLoanTest:76 - Extracted Cell: 
2025-07-30 03:26:02 DEBUG HomeLoanTest:76 - Extracted Cell: 
2025-07-30 03:26:02 DEBUG HomeLoanTest:76 - Extracted Cell: 
2025-07-30 03:26:02 DEBUG HomeLoanTest:76 - Extracted Cell: 
2025-07-30 03:26:02 DEBUG HomeLoanTest:76 - Extracted Cell: 
2025-07-30 03:26:02 DEBUG HomeLoanTest:76 - Extracted Cell: 
2025-07-30 03:26:02 DEBUG HomeLoanTest:76 - Extracted Cell: 
2025-07-30 03:26:02 DEBUG HomeLoanTest:76 - Extracted Cell: 
2025-07-30 03:26:02 DEBUG HomeLoanTest:76 - Extracted Cell: 
2025-07-30 03:26:02 DEBUG HomeLoanTest:76 - Extracted Cell: 
2025-07-30 03:26:02 DEBUG HomeLoanTest:76 - Extracted Cell: 
2025-07-30 03:26:02 DEBUG HomeLoanTest:76 - Extracted Cell: 
2025-07-30 03:26:02 DEBUG HomeLoanTest:76 - Extracted Cell: 
2025-07-30 03:26:02 DEBUG HomeLoanTest:76 - Extracted Cell: 
2025-07-30 03:26:02 DEBUG HomeLoanTest:76 - Extracted Cell: 
2025-07-30 03:26:02 DEBUG HomeLoanTest:76 - Extracted Cell: 
2025-07-30 03:26:02 DEBUG HomeLoanTest:76 - Extracted Cell: 
2025-07-30 03:26:02 DEBUG HomeLoanTest:76 - Extracted Cell: 
2025-07-30 03:26:02 DEBUG HomeLoanTest:76 - Extracted Cell: 
2025-07-30 03:26:02 DEBUG HomeLoanTest:76 - Extracted Cell: 
2025-07-30 03:26:02 DEBUG HomeLoanTest:76 - Extracted Cell: 
2025-07-30 03:26:02 DEBUG HomeLoanTest:76 - Extracted Cell: 
2025-07-30 03:26:02 DEBUG HomeLoanTest:76 - Extracted Cell: 
2025-07-30 03:26:02 DEBUG HomeLoanTest:76 - Extracted Cell: 
2025-07-30 03:26:02 DEBUG HomeLoanTest:76 - Extracted Cell: 
2025-07-30 03:26:02 DEBUG HomeLoanTest:76 - Extracted Cell: 
2025-07-30 03:26:02 DEBUG HomeLoanTest:76 - Extracted Cell: 
2025-07-30 03:26:02 DEBUG HomeLoanTest:76 - Extracted Cell: 
2025-07-30 03:26:02 DEBUG HomeLoanTest:76 - Extracted Cell: 
2025-07-30 03:26:02 DEBUG HomeLoanTest:76 - Extracted Cell: 
2025-07-30 03:26:02 DEBUG HomeLoanTest:76 - Extracted Cell: 
2025-07-30 03:26:02 DEBUG HomeLoanTest:76 - Extracted Cell: 
2025-07-30 03:26:02 DEBUG HomeLoanTest:76 - Extracted Cell: 
2025-07-30 03:26:02 DEBUG HomeLoanTest:76 - Extracted Cell: 
2025-07-30 03:26:02 DEBUG HomeLoanTest:76 - Extracted Cell: 
2025-07-30 03:26:02 DEBUG HomeLoanTest:76 - Extracted Cell: 
2025-07-30 03:26:02 DEBUG HomeLoanTest:76 - Extracted Cell: 
2025-07-30 03:26:02 DEBUG HomeLoanTest:76 - Extracted Cell: 
2025-07-30 03:26:02 DEBUG HomeLoanTest:76 - Extracted Cell: 
2025-07-30 03:26:02 DEBUG HomeLoanTest:76 - Extracted Cell: 
2025-07-30 03:26:03 DEBUG HomeLoanTest:76 - Extracted Cell: 
2025-07-30 03:26:03 DEBUG HomeLoanTest:76 - Extracted Cell: 
2025-07-30 03:26:03 DEBUG HomeLoanTest:76 - Extracted Cell: 
2025-07-30 03:26:03 DEBUG HomeLoanTest:76 - Extracted Cell: 
2025-07-30 03:26:03 DEBUG HomeLoanTest:76 - Extracted Cell: 
2025-07-30 03:26:03 DEBUG HomeLoanTest:76 - Extracted Cell: 
2025-07-30 03:26:03 DEBUG HomeLoanTest:76 - Extracted Cell: 
2025-07-30 03:26:03 DEBUG HomeLoanTest:76 - Extracted Cell: 
2025-07-30 03:26:03 DEBUG HomeLoanTest:76 - Extracted Cell: 
2025-07-30 03:26:03 DEBUG HomeLoanTest:76 - Extracted Cell: 
2025-07-30 03:26:03 DEBUG HomeLoanTest:76 - Extracted Cell: 
2025-07-30 03:26:03 DEBUG HomeLoanTest:76 - Extracted Cell: 
2025-07-30 03:26:03 DEBUG HomeLoanTest:76 - Extracted Cell: 
2025-07-30 03:26:03 DEBUG HomeLoanTest:76 - Extracted Cell: 
2025-07-30 03:26:03 DEBUG HomeLoanTest:76 - Extracted Cell: 
2025-07-30 03:26:03 DEBUG HomeLoanTest:76 - Extracted Cell: 
2025-07-30 03:26:03 DEBUG HomeLoanTest:76 - Extracted Cell: 
2025-07-30 03:26:03 DEBUG HomeLoanTest:76 - Extracted Cell: 
2025-07-30 03:26:03 DEBUG HomeLoanTest:76 - Extracted Cell: 
2025-07-30 03:26:03 DEBUG HomeLoanTest:76 - Extracted Cell: 
2025-07-30 03:26:03 DEBUG HomeLoanTest:76 - Extracted Cell: 
2025-07-30 03:26:03 DEBUG HomeLoanTest:76 - Extracted Cell: 
2025-07-30 03:26:03 DEBUG HomeLoanTest:76 - Extracted Cell: 
2025-07-30 03:26:03 DEBUG HomeLoanTest:76 - Extracted Cell: 
2025-07-30 03:26:03 DEBUG HomeLoanTest:76 - Extracted Cell: 
2025-07-30 03:26:03 DEBUG HomeLoanTest:76 - Extracted Cell: 
2025-07-30 03:26:03 DEBUG HomeLoanTest:76 - Extracted Cell: 
2025-07-30 03:26:03 DEBUG HomeLoanTest:76 - Extracted Cell: 
2025-07-30 03:26:03 DEBUG HomeLoanTest:76 - Extracted Cell: 
2025-07-30 03:26:03 DEBUG HomeLoanTest:76 - Extracted Cell: 
2025-07-30 03:26:03 DEBUG HomeLoanTest:76 - Extracted Cell: 
2025-07-30 03:26:03 DEBUG HomeLoanTest:76 - Extracted Cell: 
2025-07-30 03:26:03 DEBUG HomeLoanTest:76 - Extracted Cell: 
2025-07-30 03:26:03 DEBUG HomeLoanTest:76 - Extracted Cell: 
2025-07-30 03:26:03 DEBUG HomeLoanTest:76 - Extracted Cell: 
2025-07-30 03:26:03 DEBUG HomeLoanTest:76 - Extracted Cell: 
2025-07-30 03:26:03 DEBUG HomeLoanTest:76 - Extracted Cell: 
2025-07-30 03:26:03 DEBUG HomeLoanTest:76 - Extracted Cell: 
2025-07-30 03:26:03 DEBUG HomeLoanTest:76 - Extracted Cell: 
2025-07-30 03:26:03 DEBUG HomeLoanTest:76 - Extracted Cell: 
2025-07-30 03:26:03 DEBUG HomeLoanTest:76 - Extracted Cell: 
2025-07-30 03:26:03 DEBUG HomeLoanTest:76 - Extracted Cell: 
2025-07-30 03:26:03 DEBUG HomeLoanTest:76 - Extracted Cell: 
2025-07-30 03:26:03 DEBUG HomeLoanTest:76 - Extracted Cell: 
2025-07-30 03:26:03 DEBUG HomeLoanTest:76 - Extracted Cell: 
2025-07-30 03:26:03 DEBUG HomeLoanTest:76 - Extracted Cell: 
2025-07-30 03:26:03 DEBUG HomeLoanTest:76 - Extracted Cell: 
2025-07-30 03:26:03 DEBUG HomeLoanTest:76 - Extracted Cell: 
2025-07-30 03:26:03 DEBUG HomeLoanTest:76 - Extracted Cell: 
2025-07-30 03:26:03 DEBUG HomeLoanTest:76 - Extracted Cell: 
2025-07-30 03:26:04 DEBUG HomeLoanTest:76 - Extracted Cell: 
2025-07-30 03:26:04 DEBUG HomeLoanTest:76 - Extracted Cell: 
2025-07-30 03:26:04 DEBUG HomeLoanTest:76 - Extracted Cell: 
2025-07-30 03:26:04 DEBUG HomeLoanTest:76 - Extracted Cell: 
2025-07-30 03:26:04 DEBUG HomeLoanTest:76 - Extracted Cell: 
2025-07-30 03:26:04 DEBUG HomeLoanTest:76 - Extracted Cell: 
2025-07-30 03:26:04 DEBUG HomeLoanTest:76 - Extracted Cell: 
2025-07-30 03:26:04 DEBUG HomeLoanTest:76 - Extracted Cell: 
2025-07-30 03:26:04 DEBUG HomeLoanTest:76 - Extracted Cell: 
2025-07-30 03:26:04 DEBUG HomeLoanTest:76 - Extracted Cell: 
2025-07-30 03:26:04 DEBUG HomeLoanTest:76 - Extracted Cell: 
2025-07-30 03:26:04 DEBUG HomeLoanTest:76 - Extracted Cell: 
2025-07-30 03:26:04 DEBUG HomeLoanTest:76 - Extracted Cell: 
2025-07-30 03:26:04 DEBUG HomeLoanTest:76 - Extracted Cell: 
2025-07-30 03:26:04 DEBUG HomeLoanTest:76 - Extracted Cell: 
2025-07-30 03:26:04 DEBUG HomeLoanTest:76 - Extracted Cell: 
2025-07-30 03:26:04 DEBUG HomeLoanTest:76 - Extracted Cell: 
2025-07-30 03:26:04 DEBUG HomeLoanTest:76 - Extracted Cell: 
2025-07-30 03:26:04 DEBUG HomeLoanTest:76 - Extracted Cell: 
2025-07-30 03:26:04 DEBUG HomeLoanTest:76 - Extracted Cell: 
2025-07-30 03:26:04 DEBUG HomeLoanTest:76 - Extracted Cell: 
2025-07-30 03:26:04 DEBUG HomeLoanTest:76 - Extracted Cell: 
2025-07-30 03:26:04 DEBUG HomeLoanTest:76 - Extracted Cell: 
2025-07-30 03:26:04 DEBUG HomeLoanTest:76 - Extracted Cell: 
2025-07-30 03:26:04 DEBUG HomeLoanTest:76 - Extracted Cell: 
2025-07-30 03:26:04 DEBUG HomeLoanTest:76 - Extracted Cell: 
2025-07-30 03:26:04 DEBUG HomeLoanTest:76 - Extracted Cell: 
2025-07-30 03:26:04 DEBUG HomeLoanTest:76 - Extracted Cell: 
2025-07-30 03:26:04 DEBUG HomeLoanTest:76 - Extracted Cell: 
2025-07-30 03:26:04 DEBUG HomeLoanTest:76 - Extracted Cell: 
2025-07-30 03:26:04 DEBUG HomeLoanTest:76 - Extracted Cell: 
2025-07-30 03:26:04 DEBUG HomeLoanTest:76 - Extracted Cell: 
2025-07-30 03:26:04 DEBUG HomeLoanTest:76 - Extracted Cell: 
2025-07-30 03:26:04 DEBUG HomeLoanTest:76 - Extracted Cell: 
2025-07-30 03:26:04 DEBUG HomeLoanTest:76 - Extracted Cell: 
2025-07-30 03:26:04 DEBUG HomeLoanTest:76 - Extracted Cell: 
2025-07-30 03:26:04 DEBUG HomeLoanTest:76 - Extracted Cell: 
2025-07-30 03:26:04 DEBUG HomeLoanTest:76 - Extracted Cell: 
2025-07-30 03:26:04 DEBUG HomeLoanTest:76 - Extracted Cell: 
2025-07-30 03:26:04 DEBUG HomeLoanTest:76 - Extracted Cell: 
2025-07-30 03:26:04 DEBUG HomeLoanTest:76 - Extracted Cell: 
2025-07-30 03:26:04 DEBUG HomeLoanTest:76 - Extracted Cell: 
2025-07-30 03:26:05 DEBUG HomeLoanTest:76 - Extracted Cell: 
2025-07-30 03:26:05 DEBUG HomeLoanTest:76 - Extracted Cell: 
2025-07-30 03:26:05 DEBUG HomeLoanTest:76 - Extracted Cell: 
2025-07-30 03:26:05 DEBUG HomeLoanTest:76 - Extracted Cell: 
2025-07-30 03:26:05 DEBUG HomeLoanTest:76 - Extracted Cell: 
2025-07-30 03:26:05 DEBUG HomeLoanTest:76 - Extracted Cell: 
2025-07-30 03:26:05 DEBUG HomeLoanTest:76 - Extracted Cell: 
2025-07-30 03:26:05 DEBUG HomeLoanTest:76 - Extracted Cell: 
2025-07-30 03:26:05 DEBUG HomeLoanTest:76 - Extracted Cell: 
2025-07-30 03:26:05 DEBUG HomeLoanTest:76 - Extracted Cell: 
2025-07-30 03:26:05 DEBUG HomeLoanTest:76 - Extracted Cell: 
2025-07-30 03:26:05 DEBUG HomeLoanTest:76 - Extracted Cell: 
2025-07-30 03:26:05 DEBUG HomeLoanTest:76 - Extracted Cell: 
2025-07-30 03:26:05 DEBUG HomeLoanTest:76 - Extracted Cell: 
2025-07-30 03:26:05 DEBUG HomeLoanTest:76 - Extracted Cell: 
2025-07-30 03:26:05 DEBUG HomeLoanTest:76 - Extracted Cell: 
2025-07-30 03:26:05 DEBUG HomeLoanTest:76 - Extracted Cell: 
2025-07-30 03:26:05 DEBUG HomeLoanTest:76 - Extracted Cell: 
2025-07-30 03:26:05 DEBUG HomeLoanTest:76 - Extracted Cell: 
2025-07-30 03:26:05 DEBUG HomeLoanTest:76 - Extracted Cell: 
2025-07-30 03:26:05 DEBUG HomeLoanTest:76 - Extracted Cell: 
2025-07-30 03:26:05 DEBUG HomeLoanTest:76 - Extracted Cell: 
2025-07-30 03:26:05 DEBUG HomeLoanTest:76 - Extracted Cell: 
2025-07-30 03:26:05 DEBUG HomeLoanTest:76 - Extracted Cell: 
2025-07-30 03:26:05 DEBUG HomeLoanTest:76 - Extracted Cell: 
2025-07-30 03:26:05 DEBUG HomeLoanTest:76 - Extracted Cell: 
2025-07-30 03:26:05 DEBUG HomeLoanTest:76 - Extracted Cell: 
2025-07-30 03:26:05 DEBUG HomeLoanTest:76 - Extracted Cell: 
2025-07-30 03:26:05 DEBUG HomeLoanTest:76 - Extracted Cell: 
2025-07-30 03:26:05 DEBUG HomeLoanTest:76 - Extracted Cell: 
2025-07-30 03:26:05 DEBUG HomeLoanTest:76 - Extracted Cell: 
2025-07-30 03:26:05 DEBUG HomeLoanTest:76 - Extracted Cell: 
2025-07-30 03:26:05 DEBUG HomeLoanTest:76 - Extracted Cell: 
2025-07-30 03:26:05 DEBUG HomeLoanTest:76 - Extracted Cell: 
2025-07-30 03:26:05 DEBUG HomeLoanTest:76 - Extracted Cell: 
2025-07-30 03:26:05 DEBUG HomeLoanTest:76 - Extracted Cell: 2029
2025-07-30 03:26:05 DEBUG HomeLoanTest:76 - Extracted Cell: ₹ 21,931
2025-07-30 03:26:05 DEBUG HomeLoanTest:76 - Extracted Cell: ₹ 28,128
2025-07-30 03:26:05 DEBUG HomeLoanTest:76 - Extracted Cell: ₹ 3,00,30,250
2025-07-30 03:26:05 DEBUG HomeLoanTest:76 - Extracted Cell: ₹ 3,00,80,309
2025-07-30 03:26:05 DEBUG HomeLoanTest:76 - Extracted Cell: ₹ 3,63,027
2025-07-30 03:26:05 DEBUG HomeLoanTest:76 - Extracted Cell: 19.33%
2025-07-30 03:26:06 DEBUG HomeLoanTest:76 - Extracted Cell: 
2025-07-30 03:26:06 DEBUG HomeLoanTest:76 - Extracted Cell: 
2025-07-30 03:26:06 DEBUG HomeLoanTest:76 - Extracted Cell: 
2025-07-30 03:26:06 DEBUG HomeLoanTest:76 - Extracted Cell: 
2025-07-30 03:26:06 DEBUG HomeLoanTest:76 - Extracted Cell: 
2025-07-30 03:26:06 DEBUG HomeLoanTest:76 - Extracted Cell: 
2025-07-30 03:26:06 DEBUG HomeLoanTest:76 - Extracted Cell: 
2025-07-30 03:26:06 DEBUG HomeLoanTest:76 - Extracted Cell: 
2025-07-30 03:26:06 DEBUG HomeLoanTest:76 - Extracted Cell: 
2025-07-30 03:26:06 DEBUG HomeLoanTest:76 - Extracted Cell: 
2025-07-30 03:26:06 DEBUG HomeLoanTest:76 - Extracted Cell: 
2025-07-30 03:26:06 DEBUG HomeLoanTest:76 - Extracted Cell: 
2025-07-30 03:26:06 DEBUG HomeLoanTest:76 - Extracted Cell: 
2025-07-30 03:26:06 DEBUG HomeLoanTest:76 - Extracted Cell: 
2025-07-30 03:26:06 DEBUG HomeLoanTest:76 - Extracted Cell: 
2025-07-30 03:26:06 DEBUG HomeLoanTest:76 - Extracted Cell: 
2025-07-30 03:26:06 DEBUG HomeLoanTest:76 - Extracted Cell: 
2025-07-30 03:26:06 DEBUG HomeLoanTest:76 - Extracted Cell: 
2025-07-30 03:26:06 DEBUG HomeLoanTest:76 - Extracted Cell: 
2025-07-30 03:26:06 DEBUG HomeLoanTest:76 - Extracted Cell: 
2025-07-30 03:26:06 DEBUG HomeLoanTest:76 - Extracted Cell: 
2025-07-30 03:26:06 DEBUG HomeLoanTest:76 - Extracted Cell: 
2025-07-30 03:26:06 DEBUG HomeLoanTest:76 - Extracted Cell: 
2025-07-30 03:26:06 DEBUG HomeLoanTest:76 - Extracted Cell: 
2025-07-30 03:26:06 DEBUG HomeLoanTest:76 - Extracted Cell: 
2025-07-30 03:26:06 DEBUG HomeLoanTest:76 - Extracted Cell: 
2025-07-30 03:26:06 DEBUG HomeLoanTest:76 - Extracted Cell: 
2025-07-30 03:26:06 DEBUG HomeLoanTest:76 - Extracted Cell: 
2025-07-30 03:26:06 DEBUG HomeLoanTest:76 - Extracted Cell: 
2025-07-30 03:26:06 DEBUG HomeLoanTest:76 - Extracted Cell: 
2025-07-30 03:26:06 DEBUG HomeLoanTest:76 - Extracted Cell: 
2025-07-30 03:26:06 DEBUG HomeLoanTest:76 - Extracted Cell: 
2025-07-30 03:26:06 DEBUG HomeLoanTest:76 - Extracted Cell: 
2025-07-30 03:26:06 DEBUG HomeLoanTest:76 - Extracted Cell: 
2025-07-30 03:26:06 DEBUG HomeLoanTest:76 - Extracted Cell: 
2025-07-30 03:26:06 DEBUG HomeLoanTest:76 - Extracted Cell: 
2025-07-30 03:26:06 DEBUG HomeLoanTest:76 - Extracted Cell: 
2025-07-30 03:26:06 DEBUG HomeLoanTest:76 - Extracted Cell: 
2025-07-30 03:26:06 DEBUG HomeLoanTest:76 - Extracted Cell: 
2025-07-30 03:26:06 DEBUG HomeLoanTest:76 - Extracted Cell: 
2025-07-30 03:26:06 DEBUG HomeLoanTest:76 - Extracted Cell: 
2025-07-30 03:26:06 DEBUG HomeLoanTest:76 - Extracted Cell: 
2025-07-30 03:26:06 DEBUG HomeLoanTest:76 - Extracted Cell: 
2025-07-30 03:26:06 DEBUG HomeLoanTest:76 - Extracted Cell: 
2025-07-30 03:26:06 DEBUG HomeLoanTest:76 - Extracted Cell: 
2025-07-30 03:26:06 DEBUG HomeLoanTest:76 - Extracted Cell: 
2025-07-30 03:26:06 DEBUG HomeLoanTest:76 - Extracted Cell: 
2025-07-30 03:26:06 DEBUG HomeLoanTest:76 - Extracted Cell: 
2025-07-30 03:26:06 DEBUG HomeLoanTest:76 - Extracted Cell: 
2025-07-30 03:26:06 DEBUG HomeLoanTest:76 - Extracted Cell: 
2025-07-30 03:26:06 DEBUG HomeLoanTest:76 - Extracted Cell: 
2025-07-30 03:26:06 DEBUG HomeLoanTest:76 - Extracted Cell: 
2025-07-30 03:26:06 DEBUG HomeLoanTest:76 - Extracted Cell: 
2025-07-30 03:26:06 DEBUG HomeLoanTest:76 - Extracted Cell: 
2025-07-30 03:26:06 DEBUG HomeLoanTest:76 - Extracted Cell: 
2025-07-30 03:26:06 DEBUG HomeLoanTest:76 - Extracted Cell: 
2025-07-30 03:26:06 DEBUG HomeLoanTest:76 - Extracted Cell: 
2025-07-30 03:26:06 DEBUG HomeLoanTest:76 - Extracted Cell: 
2025-07-30 03:26:06 DEBUG HomeLoanTest:76 - Extracted Cell: 
2025-07-30 03:26:06 DEBUG HomeLoanTest:76 - Extracted Cell: 
2025-07-30 03:26:06 DEBUG HomeLoanTest:76 - Extracted Cell: 
2025-07-30 03:26:06 DEBUG HomeLoanTest:76 - Extracted Cell: 
2025-07-30 03:26:06 DEBUG HomeLoanTest:76 - Extracted Cell: 
2025-07-30 03:26:06 DEBUG HomeLoanTest:76 - Extracted Cell: 
2025-07-30 03:26:06 DEBUG HomeLoanTest:76 - Extracted Cell: 
2025-07-30 03:26:06 DEBUG HomeLoanTest:76 - Extracted Cell: 
2025-07-30 03:26:06 DEBUG HomeLoanTest:76 - Extracted Cell: 
2025-07-30 03:26:06 DEBUG HomeLoanTest:76 - Extracted Cell: 
2025-07-30 03:26:06 DEBUG HomeLoanTest:76 - Extracted Cell: 
2025-07-30 03:26:07 DEBUG HomeLoanTest:76 - Extracted Cell: 
2025-07-30 03:26:07 DEBUG HomeLoanTest:76 - Extracted Cell: 
2025-07-30 03:26:07 DEBUG HomeLoanTest:76 - Extracted Cell: 
2025-07-30 03:26:07 DEBUG HomeLoanTest:76 - Extracted Cell: 
2025-07-30 03:26:07 DEBUG HomeLoanTest:76 - Extracted Cell: 
2025-07-30 03:26:07 DEBUG HomeLoanTest:76 - Extracted Cell: 
2025-07-30 03:26:07 DEBUG HomeLoanTest:76 - Extracted Cell: 
2025-07-30 03:26:07 DEBUG HomeLoanTest:76 - Extracted Cell: 
2025-07-30 03:26:07 DEBUG HomeLoanTest:76 - Extracted Cell: 
2025-07-30 03:26:07 DEBUG HomeLoanTest:76 - Extracted Cell: 
2025-07-30 03:26:07 DEBUG HomeLoanTest:76 - Extracted Cell: 
2025-07-30 03:26:07 DEBUG HomeLoanTest:76 - Extracted Cell: 
2025-07-30 03:26:07 DEBUG HomeLoanTest:76 - Extracted Cell: 
2025-07-30 03:26:07 DEBUG HomeLoanTest:76 - Extracted Cell: 
2025-07-30 03:26:07 DEBUG HomeLoanTest:76 - Extracted Cell: 
2025-07-30 03:26:07 DEBUG HomeLoanTest:76 - Extracted Cell: 
2025-07-30 03:26:07 DEBUG HomeLoanTest:76 - Extracted Cell: 
2025-07-30 03:26:07 DEBUG HomeLoanTest:76 - Extracted Cell: 
2025-07-30 03:26:07 DEBUG HomeLoanTest:76 - Extracted Cell: 
2025-07-30 03:26:07 DEBUG HomeLoanTest:76 - Extracted Cell: 
2025-07-30 03:26:07 DEBUG HomeLoanTest:76 - Extracted Cell: 
2025-07-30 03:26:07 DEBUG HomeLoanTest:76 - Extracted Cell: 
2025-07-30 03:26:07 DEBUG HomeLoanTest:76 - Extracted Cell: 
2025-07-30 03:26:07 DEBUG HomeLoanTest:76 - Extracted Cell: 
2025-07-30 03:26:07 DEBUG HomeLoanTest:76 - Extracted Cell: 
2025-07-30 03:26:07 DEBUG HomeLoanTest:76 - Extracted Cell: 
2025-07-30 03:26:07 DEBUG HomeLoanTest:76 - Extracted Cell: 
2025-07-30 03:26:07 DEBUG HomeLoanTest:76 - Extracted Cell: 
2025-07-30 03:26:07 DEBUG HomeLoanTest:76 - Extracted Cell: 
2025-07-30 03:26:07 DEBUG HomeLoanTest:76 - Extracted Cell: 
2025-07-30 03:26:07 DEBUG HomeLoanTest:76 - Extracted Cell: 
2025-07-30 03:26:07 DEBUG HomeLoanTest:76 - Extracted Cell: 
2025-07-30 03:26:07 DEBUG HomeLoanTest:76 - Extracted Cell: 
2025-07-30 03:26:07 DEBUG HomeLoanTest:76 - Extracted Cell: 
2025-07-30 03:26:07 DEBUG HomeLoanTest:76 - Extracted Cell: 
2025-07-30 03:26:07 DEBUG HomeLoanTest:76 - Extracted Cell: 
2025-07-30 03:26:07 DEBUG HomeLoanTest:76 - Extracted Cell: 
2025-07-30 03:26:07 DEBUG HomeLoanTest:76 - Extracted Cell: 
2025-07-30 03:26:07 DEBUG HomeLoanTest:76 - Extracted Cell: 
2025-07-30 03:26:07 DEBUG HomeLoanTest:76 - Extracted Cell: 
2025-07-30 03:26:07 DEBUG HomeLoanTest:76 - Extracted Cell: 
2025-07-30 03:26:07 DEBUG HomeLoanTest:76 - Extracted Cell: 
2025-07-30 03:26:07 DEBUG HomeLoanTest:76 - Extracted Cell: 
2025-07-30 03:26:07 DEBUG HomeLoanTest:76 - Extracted Cell: 
2025-07-30 03:26:07 DEBUG HomeLoanTest:76 - Extracted Cell: 
2025-07-30 03:26:07 DEBUG HomeLoanTest:76 - Extracted Cell: 
2025-07-30 03:26:07 DEBUG HomeLoanTest:76 - Extracted Cell: 
2025-07-30 03:26:07 DEBUG HomeLoanTest:76 - Extracted Cell: 
2025-07-30 03:26:07 DEBUG HomeLoanTest:76 - Extracted Cell: 
2025-07-30 03:26:08 DEBUG HomeLoanTest:76 - Extracted Cell: 
2025-07-30 03:26:08 DEBUG HomeLoanTest:76 - Extracted Cell: 
2025-07-30 03:26:08 DEBUG HomeLoanTest:76 - Extracted Cell: 
2025-07-30 03:26:08 DEBUG HomeLoanTest:76 - Extracted Cell: 
2025-07-30 03:26:08 DEBUG HomeLoanTest:76 - Extracted Cell: 
2025-07-30 03:26:08 DEBUG HomeLoanTest:76 - Extracted Cell: 
2025-07-30 03:26:08 DEBUG HomeLoanTest:76 - Extracted Cell: 
2025-07-30 03:26:08 DEBUG HomeLoanTest:76 - Extracted Cell: 
2025-07-30 03:26:08 DEBUG HomeLoanTest:76 - Extracted Cell: 
2025-07-30 03:26:08 DEBUG HomeLoanTest:76 - Extracted Cell: 
2025-07-30 03:26:08 DEBUG HomeLoanTest:76 - Extracted Cell: 
2025-07-30 03:26:08 DEBUG HomeLoanTest:76 - Extracted Cell: 
2025-07-30 03:26:08 DEBUG HomeLoanTest:76 - Extracted Cell: 
2025-07-30 03:26:08 DEBUG HomeLoanTest:76 - Extracted Cell: 
2025-07-30 03:26:08 DEBUG HomeLoanTest:76 - Extracted Cell: 
2025-07-30 03:26:08 DEBUG HomeLoanTest:76 - Extracted Cell: 
2025-07-30 03:26:08 DEBUG HomeLoanTest:76 - Extracted Cell: 
2025-07-30 03:26:08 DEBUG HomeLoanTest:76 - Extracted Cell: 
2025-07-30 03:26:08 DEBUG HomeLoanTest:76 - Extracted Cell: 
2025-07-30 03:26:08 DEBUG HomeLoanTest:76 - Extracted Cell: 
2025-07-30 03:26:08 DEBUG HomeLoanTest:76 - Extracted Cell: 
2025-07-30 03:26:08 DEBUG HomeLoanTest:76 - Extracted Cell: 
2025-07-30 03:26:08 DEBUG HomeLoanTest:76 - Extracted Cell: 
2025-07-30 03:26:08 DEBUG HomeLoanTest:76 - Extracted Cell: 
2025-07-30 03:26:08 DEBUG HomeLoanTest:76 - Extracted Cell: 
2025-07-30 03:26:08 DEBUG HomeLoanTest:76 - Extracted Cell: 
2025-07-30 03:26:08 DEBUG HomeLoanTest:76 - Extracted Cell: 
2025-07-30 03:26:08 DEBUG HomeLoanTest:76 - Extracted Cell: 
2025-07-30 03:26:08 DEBUG HomeLoanTest:76 - Extracted Cell: 
2025-07-30 03:26:08 DEBUG HomeLoanTest:76 - Extracted Cell: 
2025-07-30 03:26:08 DEBUG HomeLoanTest:76 - Extracted Cell: 
2025-07-30 03:26:08 DEBUG HomeLoanTest:76 - Extracted Cell: 
2025-07-30 03:26:08 DEBUG HomeLoanTest:76 - Extracted Cell: 
2025-07-30 03:26:08 DEBUG HomeLoanTest:76 - Extracted Cell: 
2025-07-30 03:26:08 DEBUG HomeLoanTest:76 - Extracted Cell: 
2025-07-30 03:26:08 DEBUG HomeLoanTest:76 - Extracted Cell: 
2025-07-30 03:26:08 DEBUG HomeLoanTest:76 - Extracted Cell: 
2025-07-30 03:26:08 DEBUG HomeLoanTest:76 - Extracted Cell: 
2025-07-30 03:26:08 DEBUG HomeLoanTest:76 - Extracted Cell: 
2025-07-30 03:26:08 DEBUG HomeLoanTest:76 - Extracted Cell: 
2025-07-30 03:26:08 DEBUG HomeLoanTest:76 - Extracted Cell: 
2025-07-30 03:26:09 DEBUG HomeLoanTest:76 - Extracted Cell: 
2025-07-30 03:26:09 DEBUG HomeLoanTest:76 - Extracted Cell: 
2025-07-30 03:26:09 DEBUG HomeLoanTest:76 - Extracted Cell: 
2025-07-30 03:26:09 DEBUG HomeLoanTest:76 - Extracted Cell: 
2025-07-30 03:26:09 DEBUG HomeLoanTest:76 - Extracted Cell: 
2025-07-30 03:26:09 DEBUG HomeLoanTest:76 - Extracted Cell: 
2025-07-30 03:26:09 DEBUG HomeLoanTest:76 - Extracted Cell: 
2025-07-30 03:26:09 DEBUG HomeLoanTest:76 - Extracted Cell: 
2025-07-30 03:26:09 DEBUG HomeLoanTest:76 - Extracted Cell: 
2025-07-30 03:26:09 DEBUG HomeLoanTest:76 - Extracted Cell: 
2025-07-30 03:26:09 DEBUG HomeLoanTest:76 - Extracted Cell: 2030
2025-07-30 03:26:09 DEBUG HomeLoanTest:76 - Extracted Cell: ₹ 23,633
2025-07-30 03:26:09 DEBUG HomeLoanTest:76 - Extracted Cell: ₹ 26,426
2025-07-30 03:26:09 DEBUG HomeLoanTest:76 - Extracted Cell: ₹ 3,00,30,250
2025-07-30 03:26:09 DEBUG HomeLoanTest:76 - Extracted Cell: ₹ 3,00,80,309
2025-07-30 03:26:09 DEBUG HomeLoanTest:76 - Extracted Cell: ₹ 3,39,394
2025-07-30 03:26:09 DEBUG HomeLoanTest:76 - Extracted Cell: 24.58%
2025-07-30 03:26:09 DEBUG HomeLoanTest:76 - Extracted Cell: 
2025-07-30 03:26:09 DEBUG HomeLoanTest:76 - Extracted Cell: 
2025-07-30 03:26:09 DEBUG HomeLoanTest:76 - Extracted Cell: 
2025-07-30 03:26:09 DEBUG HomeLoanTest:76 - Extracted Cell: 
2025-07-30 03:26:09 DEBUG HomeLoanTest:76 - Extracted Cell: 
2025-07-30 03:26:09 DEBUG HomeLoanTest:76 - Extracted Cell: 
2025-07-30 03:26:09 DEBUG HomeLoanTest:76 - Extracted Cell: 
2025-07-30 03:26:09 DEBUG HomeLoanTest:76 - Extracted Cell: 
2025-07-30 03:26:09 DEBUG HomeLoanTest:76 - Extracted Cell: 
2025-07-30 03:26:09 DEBUG HomeLoanTest:76 - Extracted Cell: 
2025-07-30 03:26:09 DEBUG HomeLoanTest:76 - Extracted Cell: 
2025-07-30 03:26:09 DEBUG HomeLoanTest:76 - Extracted Cell: 
2025-07-30 03:26:09 DEBUG HomeLoanTest:76 - Extracted Cell: 
2025-07-30 03:26:09 DEBUG HomeLoanTest:76 - Extracted Cell: 
2025-07-30 03:26:09 DEBUG HomeLoanTest:76 - Extracted Cell: 
2025-07-30 03:26:09 DEBUG HomeLoanTest:76 - Extracted Cell: 
2025-07-30 03:26:09 DEBUG HomeLoanTest:76 - Extracted Cell: 
2025-07-30 03:26:09 DEBUG HomeLoanTest:76 - Extracted Cell: 
2025-07-30 03:26:09 DEBUG HomeLoanTest:76 - Extracted Cell: 
2025-07-30 03:26:09 DEBUG HomeLoanTest:76 - Extracted Cell: 
2025-07-30 03:26:09 DEBUG HomeLoanTest:76 - Extracted Cell: 
2025-07-30 03:26:09 DEBUG HomeLoanTest:76 - Extracted Cell: 
2025-07-30 03:26:09 DEBUG HomeLoanTest:76 - Extracted Cell: 
2025-07-30 03:26:09 DEBUG HomeLoanTest:76 - Extracted Cell: 
2025-07-30 03:26:09 DEBUG HomeLoanTest:76 - Extracted Cell: 
2025-07-30 03:26:09 DEBUG HomeLoanTest:76 - Extracted Cell: 
2025-07-30 03:26:09 DEBUG HomeLoanTest:76 - Extracted Cell: 
2025-07-30 03:26:09 DEBUG HomeLoanTest:76 - Extracted Cell: 
2025-07-30 03:26:09 DEBUG HomeLoanTest:76 - Extracted Cell: 
2025-07-30 03:26:09 DEBUG HomeLoanTest:76 - Extracted Cell: 
2025-07-30 03:26:09 DEBUG HomeLoanTest:76 - Extracted Cell: 
2025-07-30 03:26:09 DEBUG HomeLoanTest:76 - Extracted Cell: 
2025-07-30 03:26:09 DEBUG HomeLoanTest:76 - Extracted Cell: 
2025-07-30 03:26:09 DEBUG HomeLoanTest:76 - Extracted Cell: 
2025-07-30 03:26:09 DEBUG HomeLoanTest:76 - Extracted Cell: 
2025-07-30 03:26:09 DEBUG HomeLoanTest:76 - Extracted Cell: 
2025-07-30 03:26:09 DEBUG HomeLoanTest:76 - Extracted Cell: 
2025-07-30 03:26:10 DEBUG HomeLoanTest:76 - Extracted Cell: 
2025-07-30 03:26:10 DEBUG HomeLoanTest:76 - Extracted Cell: 
2025-07-30 03:26:10 DEBUG HomeLoanTest:76 - Extracted Cell: 
2025-07-30 03:26:10 DEBUG HomeLoanTest:76 - Extracted Cell: 
2025-07-30 03:26:10 DEBUG HomeLoanTest:76 - Extracted Cell: 
2025-07-30 03:26:10 DEBUG HomeLoanTest:76 - Extracted Cell: 
2025-07-30 03:26:10 DEBUG HomeLoanTest:76 - Extracted Cell: 
2025-07-30 03:26:10 DEBUG HomeLoanTest:76 - Extracted Cell: 
2025-07-30 03:26:10 DEBUG HomeLoanTest:76 - Extracted Cell: 
2025-07-30 03:26:10 DEBUG HomeLoanTest:76 - Extracted Cell: 
2025-07-30 03:26:10 DEBUG HomeLoanTest:76 - Extracted Cell: 
2025-07-30 03:26:10 DEBUG HomeLoanTest:76 - Extracted Cell: 
2025-07-30 03:26:10 DEBUG HomeLoanTest:76 - Extracted Cell: 
2025-07-30 03:26:10 DEBUG HomeLoanTest:76 - Extracted Cell: 
2025-07-30 03:26:10 DEBUG HomeLoanTest:76 - Extracted Cell: 
2025-07-30 03:26:10 DEBUG HomeLoanTest:76 - Extracted Cell: 
2025-07-30 03:26:10 DEBUG HomeLoanTest:76 - Extracted Cell: 
2025-07-30 03:26:10 DEBUG HomeLoanTest:76 - Extracted Cell: 
2025-07-30 03:26:10 DEBUG HomeLoanTest:76 - Extracted Cell: 
2025-07-30 03:26:10 DEBUG HomeLoanTest:76 - Extracted Cell: 
2025-07-30 03:26:10 DEBUG HomeLoanTest:76 - Extracted Cell: 
2025-07-30 03:26:10 DEBUG HomeLoanTest:76 - Extracted Cell: 
2025-07-30 03:26:10 DEBUG HomeLoanTest:76 - Extracted Cell: 
2025-07-30 03:26:10 DEBUG HomeLoanTest:76 - Extracted Cell: 
2025-07-30 03:26:10 DEBUG HomeLoanTest:76 - Extracted Cell: 
2025-07-30 03:26:10 DEBUG HomeLoanTest:76 - Extracted Cell: 
2025-07-30 03:26:10 DEBUG HomeLoanTest:76 - Extracted Cell: 
2025-07-30 03:26:10 DEBUG HomeLoanTest:76 - Extracted Cell: 
2025-07-30 03:26:10 DEBUG HomeLoanTest:76 - Extracted Cell: 
2025-07-30 03:26:10 DEBUG HomeLoanTest:76 - Extracted Cell: 
2025-07-30 03:26:10 DEBUG HomeLoanTest:76 - Extracted Cell: 
2025-07-30 03:26:10 DEBUG HomeLoanTest:76 - Extracted Cell: 
2025-07-30 03:26:10 DEBUG HomeLoanTest:76 - Extracted Cell: 
2025-07-30 03:26:10 DEBUG HomeLoanTest:76 - Extracted Cell: 
2025-07-30 03:26:10 DEBUG HomeLoanTest:76 - Extracted Cell: 
2025-07-30 03:26:10 DEBUG HomeLoanTest:76 - Extracted Cell: 
2025-07-30 03:26:10 DEBUG HomeLoanTest:76 - Extracted Cell: 
2025-07-30 03:26:10 DEBUG HomeLoanTest:76 - Extracted Cell: 
2025-07-30 03:26:10 DEBUG HomeLoanTest:76 - Extracted Cell: 
2025-07-30 03:26:10 DEBUG HomeLoanTest:76 - Extracted Cell: 
2025-07-30 03:26:10 DEBUG HomeLoanTest:76 - Extracted Cell: 
2025-07-30 03:26:10 DEBUG HomeLoanTest:76 - Extracted Cell: 
2025-07-30 03:26:10 DEBUG HomeLoanTest:76 - Extracted Cell: 
2025-07-30 03:26:10 DEBUG HomeLoanTest:76 - Extracted Cell: 
2025-07-30 03:26:10 DEBUG HomeLoanTest:76 - Extracted Cell: 
2025-07-30 03:26:10 DEBUG HomeLoanTest:76 - Extracted Cell: 
2025-07-30 03:26:10 DEBUG HomeLoanTest:76 - Extracted Cell: 
2025-07-30 03:26:10 DEBUG HomeLoanTest:76 - Extracted Cell: 
2025-07-30 03:26:10 DEBUG HomeLoanTest:76 - Extracted Cell: 
2025-07-30 03:26:10 DEBUG HomeLoanTest:76 - Extracted Cell: 
2025-07-30 03:26:10 DEBUG HomeLoanTest:76 - Extracted Cell: 
2025-07-30 03:26:10 DEBUG HomeLoanTest:76 - Extracted Cell: 
2025-07-30 03:26:10 DEBUG HomeLoanTest:76 - Extracted Cell: 
2025-07-30 03:26:10 DEBUG HomeLoanTest:76 - Extracted Cell: 
2025-07-30 03:26:10 DEBUG HomeLoanTest:76 - Extracted Cell: 
2025-07-30 03:26:11 DEBUG HomeLoanTest:76 - Extracted Cell: 
2025-07-30 03:26:11 DEBUG HomeLoanTest:76 - Extracted Cell: 
2025-07-30 03:26:11 DEBUG HomeLoanTest:76 - Extracted Cell: 
2025-07-30 03:26:11 DEBUG HomeLoanTest:76 - Extracted Cell: 
2025-07-30 03:26:11 DEBUG HomeLoanTest:76 - Extracted Cell: 
2025-07-30 03:26:11 DEBUG HomeLoanTest:76 - Extracted Cell: 
2025-07-30 03:26:11 DEBUG HomeLoanTest:76 - Extracted Cell: 
2025-07-30 03:26:11 DEBUG HomeLoanTest:76 - Extracted Cell: 
2025-07-30 03:26:11 DEBUG HomeLoanTest:76 - Extracted Cell: 
2025-07-30 03:26:11 DEBUG HomeLoanTest:76 - Extracted Cell: 
2025-07-30 03:26:11 DEBUG HomeLoanTest:76 - Extracted Cell: 
2025-07-30 03:26:11 DEBUG HomeLoanTest:76 - Extracted Cell: 
2025-07-30 03:26:11 DEBUG HomeLoanTest:76 - Extracted Cell: 
2025-07-30 03:26:11 DEBUG HomeLoanTest:76 - Extracted Cell: 
2025-07-30 03:26:11 DEBUG HomeLoanTest:76 - Extracted Cell: 
2025-07-30 03:26:11 DEBUG HomeLoanTest:76 - Extracted Cell: 
2025-07-30 03:26:11 DEBUG HomeLoanTest:76 - Extracted Cell: 
2025-07-30 03:26:11 DEBUG HomeLoanTest:76 - Extracted Cell: 
2025-07-30 03:26:11 DEBUG HomeLoanTest:76 - Extracted Cell: 
2025-07-30 03:26:11 DEBUG HomeLoanTest:76 - Extracted Cell: 
2025-07-30 03:26:11 DEBUG HomeLoanTest:76 - Extracted Cell: 
2025-07-30 03:26:11 DEBUG HomeLoanTest:76 - Extracted Cell: 
2025-07-30 03:26:11 DEBUG HomeLoanTest:76 - Extracted Cell: 
2025-07-30 03:26:11 DEBUG HomeLoanTest:76 - Extracted Cell: 
2025-07-30 03:26:11 DEBUG HomeLoanTest:76 - Extracted Cell: 
2025-07-30 03:26:11 DEBUG HomeLoanTest:76 - Extracted Cell: 
2025-07-30 03:26:11 DEBUG HomeLoanTest:76 - Extracted Cell: 
2025-07-30 03:26:11 DEBUG HomeLoanTest:76 - Extracted Cell: 
2025-07-30 03:26:11 DEBUG HomeLoanTest:76 - Extracted Cell: 
2025-07-30 03:26:11 DEBUG HomeLoanTest:76 - Extracted Cell: 
2025-07-30 03:26:11 DEBUG HomeLoanTest:76 - Extracted Cell: 
2025-07-30 03:26:11 DEBUG HomeLoanTest:76 - Extracted Cell: 
2025-07-30 03:26:11 DEBUG HomeLoanTest:76 - Extracted Cell: 
2025-07-30 03:26:11 DEBUG HomeLoanTest:76 - Extracted Cell: 
2025-07-30 03:26:11 DEBUG HomeLoanTest:76 - Extracted Cell: 
2025-07-30 03:26:12 DEBUG HomeLoanTest:76 - Extracted Cell: 
2025-07-30 03:26:12 DEBUG HomeLoanTest:76 - Extracted Cell: 
2025-07-30 03:26:12 DEBUG HomeLoanTest:76 - Extracted Cell: 
2025-07-30 03:26:12 DEBUG HomeLoanTest:76 - Extracted Cell: 
2025-07-30 03:26:12 DEBUG HomeLoanTest:76 - Extracted Cell: 
2025-07-30 03:26:12 DEBUG HomeLoanTest:76 - Extracted Cell: 
2025-07-30 03:26:12 DEBUG HomeLoanTest:76 - Extracted Cell: 
2025-07-30 03:26:12 DEBUG HomeLoanTest:76 - Extracted Cell: 
2025-07-30 03:26:12 DEBUG HomeLoanTest:76 - Extracted Cell: 
2025-07-30 03:26:12 DEBUG HomeLoanTest:76 - Extracted Cell: 
2025-07-30 03:26:12 DEBUG HomeLoanTest:76 - Extracted Cell: 
2025-07-30 03:26:12 DEBUG HomeLoanTest:76 - Extracted Cell: 
2025-07-30 03:26:12 DEBUG HomeLoanTest:76 - Extracted Cell: 
2025-07-30 03:26:12 DEBUG HomeLoanTest:76 - Extracted Cell: 
2025-07-30 03:26:12 DEBUG HomeLoanTest:76 - Extracted Cell: 
2025-07-30 03:26:12 DEBUG HomeLoanTest:76 - Extracted Cell: 
2025-07-30 03:26:12 DEBUG HomeLoanTest:76 - Extracted Cell: 
2025-07-30 03:26:12 DEBUG HomeLoanTest:76 - Extracted Cell: 
2025-07-30 03:26:12 DEBUG HomeLoanTest:76 - Extracted Cell: 
2025-07-30 03:26:12 DEBUG HomeLoanTest:76 - Extracted Cell: 
2025-07-30 03:26:12 DEBUG HomeLoanTest:76 - Extracted Cell: 
2025-07-30 03:26:12 DEBUG HomeLoanTest:76 - Extracted Cell: 
2025-07-30 03:26:12 DEBUG HomeLoanTest:76 - Extracted Cell: 
2025-07-30 03:26:12 DEBUG HomeLoanTest:76 - Extracted Cell: 
2025-07-30 03:26:12 DEBUG HomeLoanTest:76 - Extracted Cell: 
2025-07-30 03:26:12 DEBUG HomeLoanTest:76 - Extracted Cell: 
2025-07-30 03:26:12 DEBUG HomeLoanTest:76 - Extracted Cell: 
2025-07-30 03:26:12 DEBUG HomeLoanTest:76 - Extracted Cell: 
2025-07-30 03:26:12 DEBUG HomeLoanTest:76 - Extracted Cell: 
2025-07-30 03:26:12 DEBUG HomeLoanTest:76 - Extracted Cell: 
2025-07-30 03:26:12 DEBUG HomeLoanTest:76 - Extracted Cell: 
2025-07-30 03:26:12 DEBUG HomeLoanTest:76 - Extracted Cell: 
2025-07-30 03:26:12 DEBUG HomeLoanTest:76 - Extracted Cell: 
2025-07-30 03:26:12 DEBUG HomeLoanTest:76 - Extracted Cell: 
2025-07-30 03:26:12 DEBUG HomeLoanTest:76 - Extracted Cell: 
2025-07-30 03:26:12 DEBUG HomeLoanTest:76 - Extracted Cell: 
2025-07-30 03:26:12 DEBUG HomeLoanTest:76 - Extracted Cell: 
2025-07-30 03:26:12 DEBUG HomeLoanTest:76 - Extracted Cell: 
2025-07-30 03:26:12 DEBUG HomeLoanTest:76 - Extracted Cell: 
2025-07-30 03:26:12 DEBUG HomeLoanTest:76 - Extracted Cell: 
2025-07-30 03:26:12 DEBUG HomeLoanTest:76 - Extracted Cell: 
2025-07-30 03:26:12 DEBUG HomeLoanTest:76 - Extracted Cell: 
2025-07-30 03:26:12 DEBUG HomeLoanTest:76 - Extracted Cell: 2031
2025-07-30 03:26:12 DEBUG HomeLoanTest:76 - Extracted Cell: ₹ 25,468
2025-07-30 03:26:12 DEBUG HomeLoanTest:76 - Extracted Cell: ₹ 24,591
2025-07-30 03:26:12 DEBUG HomeLoanTest:76 - Extracted Cell: ₹ 3,00,30,250
2025-07-30 03:26:12 DEBUG HomeLoanTest:76 - Extracted Cell: ₹ 3,00,80,309
2025-07-30 03:26:13 DEBUG HomeLoanTest:76 - Extracted Cell: ₹ 3,13,927
2025-07-30 03:26:13 DEBUG HomeLoanTest:76 - Extracted Cell: 30.24%
2025-07-30 03:26:13 DEBUG HomeLoanTest:76 - Extracted Cell: 
2025-07-30 03:26:13 DEBUG HomeLoanTest:76 - Extracted Cell: 
2025-07-30 03:26:13 DEBUG HomeLoanTest:76 - Extracted Cell: 
2025-07-30 03:26:13 DEBUG HomeLoanTest:76 - Extracted Cell: 
2025-07-30 03:26:13 DEBUG HomeLoanTest:76 - Extracted Cell: 
2025-07-30 03:26:13 DEBUG HomeLoanTest:76 - Extracted Cell: 
2025-07-30 03:26:13 DEBUG HomeLoanTest:76 - Extracted Cell: 
2025-07-30 03:26:13 DEBUG HomeLoanTest:76 - Extracted Cell: 
2025-07-30 03:26:13 DEBUG HomeLoanTest:76 - Extracted Cell: 
2025-07-30 03:26:13 DEBUG HomeLoanTest:76 - Extracted Cell: 
2025-07-30 03:26:13 DEBUG HomeLoanTest:76 - Extracted Cell: 
2025-07-30 03:26:13 DEBUG HomeLoanTest:76 - Extracted Cell: 
2025-07-30 03:26:13 DEBUG HomeLoanTest:76 - Extracted Cell: 
2025-07-30 03:26:13 DEBUG HomeLoanTest:76 - Extracted Cell: 
2025-07-30 03:26:13 DEBUG HomeLoanTest:76 - Extracted Cell: 
2025-07-30 03:26:13 DEBUG HomeLoanTest:76 - Extracted Cell: 
2025-07-30 03:26:13 DEBUG HomeLoanTest:76 - Extracted Cell: 
2025-07-30 03:26:13 DEBUG HomeLoanTest:76 - Extracted Cell: 
2025-07-30 03:26:13 DEBUG HomeLoanTest:76 - Extracted Cell: 
2025-07-30 03:26:13 DEBUG HomeLoanTest:76 - Extracted Cell: 
2025-07-30 03:26:13 DEBUG HomeLoanTest:76 - Extracted Cell: 
2025-07-30 03:26:13 DEBUG HomeLoanTest:76 - Extracted Cell: 
2025-07-30 03:26:13 DEBUG HomeLoanTest:76 - Extracted Cell: 
2025-07-30 03:26:13 DEBUG HomeLoanTest:76 - Extracted Cell: 
2025-07-30 03:26:13 DEBUG HomeLoanTest:76 - Extracted Cell: 
2025-07-30 03:26:13 DEBUG HomeLoanTest:76 - Extracted Cell: 
2025-07-30 03:26:13 DEBUG HomeLoanTest:76 - Extracted Cell: 
2025-07-30 03:26:13 DEBUG HomeLoanTest:76 - Extracted Cell: 
2025-07-30 03:26:13 DEBUG HomeLoanTest:76 - Extracted Cell: 
2025-07-30 03:26:13 DEBUG HomeLoanTest:76 - Extracted Cell: 
2025-07-30 03:26:13 DEBUG HomeLoanTest:76 - Extracted Cell: 
2025-07-30 03:26:13 DEBUG HomeLoanTest:76 - Extracted Cell: 
2025-07-30 03:26:13 DEBUG HomeLoanTest:76 - Extracted Cell: 
2025-07-30 03:26:13 DEBUG HomeLoanTest:76 - Extracted Cell: 
2025-07-30 03:26:13 DEBUG HomeLoanTest:76 - Extracted Cell: 
2025-07-30 03:26:13 DEBUG HomeLoanTest:76 - Extracted Cell: 
2025-07-30 03:26:13 DEBUG HomeLoanTest:76 - Extracted Cell: 
2025-07-30 03:26:13 DEBUG HomeLoanTest:76 - Extracted Cell: 
2025-07-30 03:26:13 DEBUG HomeLoanTest:76 - Extracted Cell: 
2025-07-30 03:26:13 DEBUG HomeLoanTest:76 - Extracted Cell: 
2025-07-30 03:26:13 DEBUG HomeLoanTest:76 - Extracted Cell: 
2025-07-30 03:26:13 DEBUG HomeLoanTest:76 - Extracted Cell: 
2025-07-30 03:26:13 DEBUG HomeLoanTest:76 - Extracted Cell: 
2025-07-30 03:26:13 DEBUG HomeLoanTest:76 - Extracted Cell: 
2025-07-30 03:26:13 DEBUG HomeLoanTest:76 - Extracted Cell: 
2025-07-30 03:26:13 DEBUG HomeLoanTest:76 - Extracted Cell: 
2025-07-30 03:26:13 DEBUG HomeLoanTest:76 - Extracted Cell: 
2025-07-30 03:26:13 DEBUG HomeLoanTest:76 - Extracted Cell: 
2025-07-30 03:26:13 DEBUG HomeLoanTest:76 - Extracted Cell: 
2025-07-30 03:26:13 DEBUG HomeLoanTest:76 - Extracted Cell: 
2025-07-30 03:26:13 DEBUG HomeLoanTest:76 - Extracted Cell: 
2025-07-30 03:26:13 DEBUG HomeLoanTest:76 - Extracted Cell: 
2025-07-30 03:26:13 DEBUG HomeLoanTest:76 - Extracted Cell: 
2025-07-30 03:26:13 DEBUG HomeLoanTest:76 - Extracted Cell: 
2025-07-30 03:26:13 DEBUG HomeLoanTest:76 - Extracted Cell: 
2025-07-30 03:26:13 DEBUG HomeLoanTest:76 - Extracted Cell: 
2025-07-30 03:26:13 DEBUG HomeLoanTest:76 - Extracted Cell: 
2025-07-30 03:26:13 DEBUG HomeLoanTest:76 - Extracted Cell: 
2025-07-30 03:26:13 DEBUG HomeLoanTest:76 - Extracted Cell: 
2025-07-30 03:26:13 DEBUG HomeLoanTest:76 - Extracted Cell: 
2025-07-30 03:26:13 DEBUG HomeLoanTest:76 - Extracted Cell: 
2025-07-30 03:26:13 DEBUG HomeLoanTest:76 - Extracted Cell: 
2025-07-30 03:26:14 DEBUG HomeLoanTest:76 - Extracted Cell: 
2025-07-30 03:26:14 DEBUG HomeLoanTest:76 - Extracted Cell: 
2025-07-30 03:26:14 DEBUG HomeLoanTest:76 - Extracted Cell: 
2025-07-30 03:26:14 DEBUG HomeLoanTest:76 - Extracted Cell: 
2025-07-30 03:26:14 DEBUG HomeLoanTest:76 - Extracted Cell: 
2025-07-30 03:26:14 DEBUG HomeLoanTest:76 - Extracted Cell: 
2025-07-30 03:26:14 DEBUG HomeLoanTest:76 - Extracted Cell: 
2025-07-30 03:26:14 DEBUG HomeLoanTest:76 - Extracted Cell: 
2025-07-30 03:26:14 DEBUG HomeLoanTest:76 - Extracted Cell: 
2025-07-30 03:26:14 DEBUG HomeLoanTest:76 - Extracted Cell: 
2025-07-30 03:26:14 DEBUG HomeLoanTest:76 - Extracted Cell: 
2025-07-30 03:26:14 DEBUG HomeLoanTest:76 - Extracted Cell: 
2025-07-30 03:26:14 DEBUG HomeLoanTest:76 - Extracted Cell: 
2025-07-30 03:26:14 DEBUG HomeLoanTest:76 - Extracted Cell: 
2025-07-30 03:26:14 DEBUG HomeLoanTest:76 - Extracted Cell: 
2025-07-30 03:26:14 DEBUG HomeLoanTest:76 - Extracted Cell: 
2025-07-30 03:26:14 DEBUG HomeLoanTest:76 - Extracted Cell: 
2025-07-30 03:26:14 DEBUG HomeLoanTest:76 - Extracted Cell: 
2025-07-30 03:26:14 DEBUG HomeLoanTest:76 - Extracted Cell: 
2025-07-30 03:26:14 DEBUG HomeLoanTest:76 - Extracted Cell: 
2025-07-30 03:26:14 DEBUG HomeLoanTest:76 - Extracted Cell: 
2025-07-30 03:26:14 DEBUG HomeLoanTest:76 - Extracted Cell: 
2025-07-30 03:26:14 DEBUG HomeLoanTest:76 - Extracted Cell: 
2025-07-30 03:26:14 DEBUG HomeLoanTest:76 - Extracted Cell: 
2025-07-30 03:26:14 DEBUG HomeLoanTest:76 - Extracted Cell: 
2025-07-30 03:26:14 DEBUG HomeLoanTest:76 - Extracted Cell: 
2025-07-30 03:26:14 DEBUG HomeLoanTest:76 - Extracted Cell: 
2025-07-30 03:26:14 DEBUG HomeLoanTest:76 - Extracted Cell: 
2025-07-30 03:26:14 DEBUG HomeLoanTest:76 - Extracted Cell: 
2025-07-30 03:26:14 DEBUG HomeLoanTest:76 - Extracted Cell: 
2025-07-30 03:26:14 DEBUG HomeLoanTest:76 - Extracted Cell: 
2025-07-30 03:26:14 DEBUG HomeLoanTest:76 - Extracted Cell: 
2025-07-30 03:26:14 DEBUG HomeLoanTest:76 - Extracted Cell: 
2025-07-30 03:26:14 DEBUG HomeLoanTest:76 - Extracted Cell: 
2025-07-30 03:26:14 DEBUG HomeLoanTest:76 - Extracted Cell: 
2025-07-30 03:26:14 DEBUG HomeLoanTest:76 - Extracted Cell: 
2025-07-30 03:26:14 DEBUG HomeLoanTest:76 - Extracted Cell: 
2025-07-30 03:26:14 DEBUG HomeLoanTest:76 - Extracted Cell: 
2025-07-30 03:26:14 DEBUG HomeLoanTest:76 - Extracted Cell: 
2025-07-30 03:26:14 DEBUG HomeLoanTest:76 - Extracted Cell: 
2025-07-30 03:26:14 DEBUG HomeLoanTest:76 - Extracted Cell: 
2025-07-30 03:26:14 DEBUG HomeLoanTest:76 - Extracted Cell: 
2025-07-30 03:26:14 DEBUG HomeLoanTest:76 - Extracted Cell: 
2025-07-30 03:26:14 DEBUG HomeLoanTest:76 - Extracted Cell: 
2025-07-30 03:26:14 DEBUG HomeLoanTest:76 - Extracted Cell: 
2025-07-30 03:26:14 DEBUG HomeLoanTest:76 - Extracted Cell: 
2025-07-30 03:26:14 DEBUG HomeLoanTest:76 - Extracted Cell: 
2025-07-30 03:26:14 DEBUG HomeLoanTest:76 - Extracted Cell: 
2025-07-30 03:26:14 DEBUG HomeLoanTest:76 - Extracted Cell: 
2025-07-30 03:26:14 DEBUG HomeLoanTest:76 - Extracted Cell: 
2025-07-30 03:26:15 DEBUG HomeLoanTest:76 - Extracted Cell: 
2025-07-30 03:26:15 DEBUG HomeLoanTest:76 - Extracted Cell: 
2025-07-30 03:26:15 DEBUG HomeLoanTest:76 - Extracted Cell: 
2025-07-30 03:26:15 DEBUG HomeLoanTest:76 - Extracted Cell: 
2025-07-30 03:26:15 DEBUG HomeLoanTest:76 - Extracted Cell: 
2025-07-30 03:26:15 DEBUG HomeLoanTest:76 - Extracted Cell: 
2025-07-30 03:26:15 DEBUG HomeLoanTest:76 - Extracted Cell: 
2025-07-30 03:26:15 DEBUG HomeLoanTest:76 - Extracted Cell: 
2025-07-30 03:26:15 DEBUG HomeLoanTest:76 - Extracted Cell: 
2025-07-30 03:26:15 DEBUG HomeLoanTest:76 - Extracted Cell: 
2025-07-30 03:26:15 DEBUG HomeLoanTest:76 - Extracted Cell: 
2025-07-30 03:26:15 DEBUG HomeLoanTest:76 - Extracted Cell: 
2025-07-30 03:26:15 DEBUG HomeLoanTest:76 - Extracted Cell: 
2025-07-30 03:26:15 DEBUG HomeLoanTest:76 - Extracted Cell: 
2025-07-30 03:26:15 DEBUG HomeLoanTest:76 - Extracted Cell: 
2025-07-30 03:26:15 DEBUG HomeLoanTest:76 - Extracted Cell: 
2025-07-30 03:26:15 DEBUG HomeLoanTest:76 - Extracted Cell: 
2025-07-30 03:26:15 DEBUG HomeLoanTest:76 - Extracted Cell: 
2025-07-30 03:26:15 DEBUG HomeLoanTest:76 - Extracted Cell: 
2025-07-30 03:26:15 DEBUG HomeLoanTest:76 - Extracted Cell: 
2025-07-30 03:26:15 DEBUG HomeLoanTest:76 - Extracted Cell: 
2025-07-30 03:26:15 DEBUG HomeLoanTest:76 - Extracted Cell: 
2025-07-30 03:26:15 DEBUG HomeLoanTest:76 - Extracted Cell: 
2025-07-30 03:26:15 DEBUG HomeLoanTest:76 - Extracted Cell: 
2025-07-30 03:26:15 DEBUG HomeLoanTest:76 - Extracted Cell: 
2025-07-30 03:26:15 DEBUG HomeLoanTest:76 - Extracted Cell: 
2025-07-30 03:26:15 DEBUG HomeLoanTest:76 - Extracted Cell: 
2025-07-30 03:26:15 DEBUG HomeLoanTest:76 - Extracted Cell: 
2025-07-30 03:26:15 DEBUG HomeLoanTest:76 - Extracted Cell: 
2025-07-30 03:26:15 DEBUG HomeLoanTest:76 - Extracted Cell: 
2025-07-30 03:26:15 DEBUG HomeLoanTest:76 - Extracted Cell: 
2025-07-30 03:26:15 DEBUG HomeLoanTest:76 - Extracted Cell: 
2025-07-30 03:26:15 DEBUG HomeLoanTest:76 - Extracted Cell: 
2025-07-30 03:26:15 DEBUG HomeLoanTest:76 - Extracted Cell: 
2025-07-30 03:26:15 DEBUG HomeLoanTest:76 - Extracted Cell: 
2025-07-30 03:26:15 DEBUG HomeLoanTest:76 - Extracted Cell: 
2025-07-30 03:26:15 DEBUG HomeLoanTest:76 - Extracted Cell: 
2025-07-30 03:26:15 DEBUG HomeLoanTest:76 - Extracted Cell: 
2025-07-30 03:26:15 DEBUG HomeLoanTest:76 - Extracted Cell: 
2025-07-30 03:26:15 DEBUG HomeLoanTest:76 - Extracted Cell: 
2025-07-30 03:26:15 DEBUG HomeLoanTest:76 - Extracted Cell: 
2025-07-30 03:26:15 DEBUG HomeLoanTest:76 - Extracted Cell: 
2025-07-30 03:26:15 DEBUG HomeLoanTest:76 - Extracted Cell: 
2025-07-30 03:26:16 DEBUG HomeLoanTest:76 - Extracted Cell: 
2025-07-30 03:26:16 DEBUG HomeLoanTest:76 - Extracted Cell: 
2025-07-30 03:26:16 DEBUG HomeLoanTest:76 - Extracted Cell: 
2025-07-30 03:26:16 DEBUG HomeLoanTest:76 - Extracted Cell: 
2025-07-30 03:26:16 DEBUG HomeLoanTest:76 - Extracted Cell: 
2025-07-30 03:26:16 DEBUG HomeLoanTest:76 - Extracted Cell: 
2025-07-30 03:26:16 DEBUG HomeLoanTest:76 - Extracted Cell: 
2025-07-30 03:26:16 DEBUG HomeLoanTest:76 - Extracted Cell: 
2025-07-30 03:26:16 DEBUG HomeLoanTest:76 - Extracted Cell: 
2025-07-30 03:26:16 DEBUG HomeLoanTest:76 - Extracted Cell: 
2025-07-30 03:26:16 DEBUG HomeLoanTest:76 - Extracted Cell: 
2025-07-30 03:26:16 DEBUG HomeLoanTest:76 - Extracted Cell: 
2025-07-30 03:26:16 DEBUG HomeLoanTest:76 - Extracted Cell: 
2025-07-30 03:26:16 DEBUG HomeLoanTest:76 - Extracted Cell: 
2025-07-30 03:26:16 DEBUG HomeLoanTest:76 - Extracted Cell: 2032
2025-07-30 03:26:16 DEBUG HomeLoanTest:76 - Extracted Cell: ₹ 27,445
2025-07-30 03:26:16 DEBUG HomeLoanTest:76 - Extracted Cell: ₹ 22,614
2025-07-30 03:26:16 DEBUG HomeLoanTest:76 - Extracted Cell: ₹ 3,00,30,250
2025-07-30 03:26:16 DEBUG HomeLoanTest:76 - Extracted Cell: ₹ 3,00,80,309
2025-07-30 03:26:16 DEBUG HomeLoanTest:76 - Extracted Cell: ₹ 2,86,482
2025-07-30 03:26:16 DEBUG HomeLoanTest:76 - Extracted Cell: 36.34%
2025-07-30 03:26:16 DEBUG HomeLoanTest:76 - Extracted Cell: 
2025-07-30 03:26:16 DEBUG HomeLoanTest:76 - Extracted Cell: 
2025-07-30 03:26:16 DEBUG HomeLoanTest:76 - Extracted Cell: 
2025-07-30 03:26:16 DEBUG HomeLoanTest:76 - Extracted Cell: 
2025-07-30 03:26:16 DEBUG HomeLoanTest:76 - Extracted Cell: 
2025-07-30 03:26:16 DEBUG HomeLoanTest:76 - Extracted Cell: 
2025-07-30 03:26:16 DEBUG HomeLoanTest:76 - Extracted Cell: 
2025-07-30 03:26:16 DEBUG HomeLoanTest:76 - Extracted Cell: 
2025-07-30 03:26:16 DEBUG HomeLoanTest:76 - Extracted Cell: 
2025-07-30 03:26:16 DEBUG HomeLoanTest:76 - Extracted Cell: 
2025-07-30 03:26:16 DEBUG HomeLoanTest:76 - Extracted Cell: 
2025-07-30 03:26:16 DEBUG HomeLoanTest:76 - Extracted Cell: 
2025-07-30 03:26:16 DEBUG HomeLoanTest:76 - Extracted Cell: 
2025-07-30 03:26:16 DEBUG HomeLoanTest:76 - Extracted Cell: 
2025-07-30 03:26:16 DEBUG HomeLoanTest:76 - Extracted Cell: 
2025-07-30 03:26:16 DEBUG HomeLoanTest:76 - Extracted Cell: 
2025-07-30 03:26:16 DEBUG HomeLoanTest:76 - Extracted Cell: 
2025-07-30 03:26:16 DEBUG HomeLoanTest:76 - Extracted Cell: 
2025-07-30 03:26:16 DEBUG HomeLoanTest:76 - Extracted Cell: 
2025-07-30 03:26:16 DEBUG HomeLoanTest:76 - Extracted Cell: 
2025-07-30 03:26:16 DEBUG HomeLoanTest:76 - Extracted Cell: 
2025-07-30 03:26:16 DEBUG HomeLoanTest:76 - Extracted Cell: 
2025-07-30 03:26:16 DEBUG HomeLoanTest:76 - Extracted Cell: 
2025-07-30 03:26:16 DEBUG HomeLoanTest:76 - Extracted Cell: 
2025-07-30 03:26:16 DEBUG HomeLoanTest:76 - Extracted Cell: 
2025-07-30 03:26:16 DEBUG HomeLoanTest:76 - Extracted Cell: 
2025-07-30 03:26:16 DEBUG HomeLoanTest:76 - Extracted Cell: 
2025-07-30 03:26:16 DEBUG HomeLoanTest:76 - Extracted Cell: 
2025-07-30 03:26:16 DEBUG HomeLoanTest:76 - Extracted Cell: 
2025-07-30 03:26:16 DEBUG HomeLoanTest:76 - Extracted Cell: 
2025-07-30 03:26:16 DEBUG HomeLoanTest:76 - Extracted Cell: 
2025-07-30 03:26:16 DEBUG HomeLoanTest:76 - Extracted Cell: 
2025-07-30 03:26:16 DEBUG HomeLoanTest:76 - Extracted Cell: 
2025-07-30 03:26:16 DEBUG HomeLoanTest:76 - Extracted Cell: 
2025-07-30 03:26:16 DEBUG HomeLoanTest:76 - Extracted Cell: 
2025-07-30 03:26:16 DEBUG HomeLoanTest:76 - Extracted Cell: 
2025-07-30 03:26:16 DEBUG HomeLoanTest:76 - Extracted Cell: 
2025-07-30 03:26:16 DEBUG HomeLoanTest:76 - Extracted Cell: 
2025-07-30 03:26:16 DEBUG HomeLoanTest:76 - Extracted Cell: 
2025-07-30 03:26:17 DEBUG HomeLoanTest:76 - Extracted Cell: 
2025-07-30 03:26:17 DEBUG HomeLoanTest:76 - Extracted Cell: 
2025-07-30 03:26:17 DEBUG HomeLoanTest:76 - Extracted Cell: 
2025-07-30 03:26:17 DEBUG HomeLoanTest:76 - Extracted Cell: 
2025-07-30 03:26:17 DEBUG HomeLoanTest:76 - Extracted Cell: 
2025-07-30 03:26:17 DEBUG HomeLoanTest:76 - Extracted Cell: 
2025-07-30 03:26:17 DEBUG HomeLoanTest:76 - Extracted Cell: 
2025-07-30 03:26:17 DEBUG HomeLoanTest:76 - Extracted Cell: 
2025-07-30 03:26:17 DEBUG HomeLoanTest:76 - Extracted Cell: 
2025-07-30 03:26:17 DEBUG HomeLoanTest:76 - Extracted Cell: 
2025-07-30 03:26:17 DEBUG HomeLoanTest:76 - Extracted Cell: 
2025-07-30 03:26:17 DEBUG HomeLoanTest:76 - Extracted Cell: 
2025-07-30 03:26:17 DEBUG HomeLoanTest:76 - Extracted Cell: 
2025-07-30 03:26:17 DEBUG HomeLoanTest:76 - Extracted Cell: 
2025-07-30 03:26:17 DEBUG HomeLoanTest:76 - Extracted Cell: 
2025-07-30 03:26:17 DEBUG HomeLoanTest:76 - Extracted Cell: 
2025-07-30 03:26:17 DEBUG HomeLoanTest:76 - Extracted Cell: 
2025-07-30 03:26:17 DEBUG HomeLoanTest:76 - Extracted Cell: 
2025-07-30 03:26:17 DEBUG HomeLoanTest:76 - Extracted Cell: 
2025-07-30 03:26:17 DEBUG HomeLoanTest:76 - Extracted Cell: 
2025-07-30 03:26:17 DEBUG HomeLoanTest:76 - Extracted Cell: 
2025-07-30 03:26:17 DEBUG HomeLoanTest:76 - Extracted Cell: 
2025-07-30 03:26:17 DEBUG HomeLoanTest:76 - Extracted Cell: 
2025-07-30 03:26:17 DEBUG HomeLoanTest:76 - Extracted Cell: 
2025-07-30 03:26:17 DEBUG HomeLoanTest:76 - Extracted Cell: 
2025-07-30 03:26:17 DEBUG HomeLoanTest:76 - Extracted Cell: 
2025-07-30 03:26:17 DEBUG HomeLoanTest:76 - Extracted Cell: 
2025-07-30 03:26:17 DEBUG HomeLoanTest:76 - Extracted Cell: 
2025-07-30 03:26:17 DEBUG HomeLoanTest:76 - Extracted Cell: 
2025-07-30 03:26:17 DEBUG HomeLoanTest:76 - Extracted Cell: 
2025-07-30 03:26:17 DEBUG HomeLoanTest:76 - Extracted Cell: 
2025-07-30 03:26:17 DEBUG HomeLoanTest:76 - Extracted Cell: 
2025-07-30 03:26:17 DEBUG HomeLoanTest:76 - Extracted Cell: 
2025-07-30 03:26:17 DEBUG HomeLoanTest:76 - Extracted Cell: 
2025-07-30 03:26:17 DEBUG HomeLoanTest:76 - Extracted Cell: 
2025-07-30 03:26:17 DEBUG HomeLoanTest:76 - Extracted Cell: 
2025-07-30 03:26:17 DEBUG HomeLoanTest:76 - Extracted Cell: 
2025-07-30 03:26:17 DEBUG HomeLoanTest:76 - Extracted Cell: 
2025-07-30 03:26:17 DEBUG HomeLoanTest:76 - Extracted Cell: 
2025-07-30 03:26:17 DEBUG HomeLoanTest:76 - Extracted Cell: 
2025-07-30 03:26:17 DEBUG HomeLoanTest:76 - Extracted Cell: 
2025-07-30 03:26:17 DEBUG HomeLoanTest:76 - Extracted Cell: 
2025-07-30 03:26:17 DEBUG HomeLoanTest:76 - Extracted Cell: 
2025-07-30 03:26:17 DEBUG HomeLoanTest:76 - Extracted Cell: 
2025-07-30 03:26:17 DEBUG HomeLoanTest:76 - Extracted Cell: 
2025-07-30 03:26:17 DEBUG HomeLoanTest:76 - Extracted Cell: 
2025-07-30 03:26:17 DEBUG HomeLoanTest:76 - Extracted Cell: 
2025-07-30 03:26:17 DEBUG HomeLoanTest:76 - Extracted Cell: 
2025-07-30 03:26:17 DEBUG HomeLoanTest:76 - Extracted Cell: 
2025-07-30 03:26:17 DEBUG HomeLoanTest:76 - Extracted Cell: 
2025-07-30 03:26:17 DEBUG HomeLoanTest:76 - Extracted Cell: 
2025-07-30 03:26:17 DEBUG HomeLoanTest:76 - Extracted Cell: 
2025-07-30 03:26:17 DEBUG HomeLoanTest:76 - Extracted Cell: 
2025-07-30 03:26:17 DEBUG HomeLoanTest:76 - Extracted Cell: 
2025-07-30 03:26:17 DEBUG HomeLoanTest:76 - Extracted Cell: 
2025-07-30 03:26:17 DEBUG HomeLoanTest:76 - Extracted Cell: 
2025-07-30 03:26:17 DEBUG HomeLoanTest:76 - Extracted Cell: 
2025-07-30 03:26:17 DEBUG HomeLoanTest:76 - Extracted Cell: 
2025-07-30 03:26:17 DEBUG HomeLoanTest:76 - Extracted Cell: 
2025-07-30 03:26:17 DEBUG HomeLoanTest:76 - Extracted Cell: 
2025-07-30 03:26:17 DEBUG HomeLoanTest:76 - Extracted Cell: 
2025-07-30 03:26:17 DEBUG HomeLoanTest:76 - Extracted Cell: 
2025-07-30 03:26:17 DEBUG HomeLoanTest:76 - Extracted Cell: 
2025-07-30 03:26:18 DEBUG HomeLoanTest:76 - Extracted Cell: 
2025-07-30 03:26:18 DEBUG HomeLoanTest:76 - Extracted Cell: 
2025-07-30 03:26:18 DEBUG HomeLoanTest:76 - Extracted Cell: 
2025-07-30 03:26:18 DEBUG HomeLoanTest:76 - Extracted Cell: 
2025-07-30 03:26:18 DEBUG HomeLoanTest:76 - Extracted Cell: 
2025-07-30 03:26:18 DEBUG HomeLoanTest:76 - Extracted Cell: 
2025-07-30 03:26:18 DEBUG HomeLoanTest:76 - Extracted Cell: 
2025-07-30 03:26:18 DEBUG HomeLoanTest:76 - Extracted Cell: 
2025-07-30 03:26:18 DEBUG HomeLoanTest:76 - Extracted Cell: 
2025-07-30 03:26:18 DEBUG HomeLoanTest:76 - Extracted Cell: 
2025-07-30 03:26:18 DEBUG HomeLoanTest:76 - Extracted Cell: 
2025-07-30 03:26:18 DEBUG HomeLoanTest:76 - Extracted Cell: 
2025-07-30 03:26:18 DEBUG HomeLoanTest:76 - Extracted Cell: 
2025-07-30 03:26:18 DEBUG HomeLoanTest:76 - Extracted Cell: 
2025-07-30 03:26:18 DEBUG HomeLoanTest:76 - Extracted Cell: 
2025-07-30 03:26:18 DEBUG HomeLoanTest:76 - Extracted Cell: 
2025-07-30 03:26:18 DEBUG HomeLoanTest:76 - Extracted Cell: 
2025-07-30 03:26:18 DEBUG HomeLoanTest:76 - Extracted Cell: 
2025-07-30 03:26:18 DEBUG HomeLoanTest:76 - Extracted Cell: 
2025-07-30 03:26:18 DEBUG HomeLoanTest:76 - Extracted Cell: 
2025-07-30 03:26:18 DEBUG HomeLoanTest:76 - Extracted Cell: 
2025-07-30 03:26:18 DEBUG HomeLoanTest:76 - Extracted Cell: 
2025-07-30 03:26:18 DEBUG HomeLoanTest:76 - Extracted Cell: 
2025-07-30 03:26:18 DEBUG HomeLoanTest:76 - Extracted Cell: 
2025-07-30 03:26:18 DEBUG HomeLoanTest:76 - Extracted Cell: 
2025-07-30 03:26:18 DEBUG HomeLoanTest:76 - Extracted Cell: 
2025-07-30 03:26:18 DEBUG HomeLoanTest:76 - Extracted Cell: 
2025-07-30 03:26:18 DEBUG HomeLoanTest:76 - Extracted Cell: 
2025-07-30 03:26:18 DEBUG HomeLoanTest:76 - Extracted Cell: 
2025-07-30 03:26:18 DEBUG HomeLoanTest:76 - Extracted Cell: 
2025-07-30 03:26:18 DEBUG HomeLoanTest:76 - Extracted Cell: 
2025-07-30 03:26:18 DEBUG HomeLoanTest:76 - Extracted Cell: 
2025-07-30 03:26:18 DEBUG HomeLoanTest:76 - Extracted Cell: 
2025-07-30 03:26:18 DEBUG HomeLoanTest:76 - Extracted Cell: 
2025-07-30 03:26:18 DEBUG HomeLoanTest:76 - Extracted Cell: 
2025-07-30 03:26:18 DEBUG HomeLoanTest:76 - Extracted Cell: 
2025-07-30 03:26:18 DEBUG HomeLoanTest:76 - Extracted Cell: 
2025-07-30 03:26:18 DEBUG HomeLoanTest:76 - Extracted Cell: 
2025-07-30 03:26:18 DEBUG HomeLoanTest:76 - Extracted Cell: 
2025-07-30 03:26:18 DEBUG HomeLoanTest:76 - Extracted Cell: 
2025-07-30 03:26:18 DEBUG HomeLoanTest:76 - Extracted Cell: 
2025-07-30 03:26:18 DEBUG HomeLoanTest:76 - Extracted Cell: 
2025-07-30 03:26:18 DEBUG HomeLoanTest:76 - Extracted Cell: 
2025-07-30 03:26:18 DEBUG HomeLoanTest:76 - Extracted Cell: 
2025-07-30 03:26:18 DEBUG HomeLoanTest:76 - Extracted Cell: 
2025-07-30 03:26:18 DEBUG HomeLoanTest:76 - Extracted Cell: 
2025-07-30 03:26:19 DEBUG HomeLoanTest:76 - Extracted Cell: 
2025-07-30 03:26:19 DEBUG HomeLoanTest:76 - Extracted Cell: 
2025-07-30 03:26:19 DEBUG HomeLoanTest:76 - Extracted Cell: 
2025-07-30 03:26:19 DEBUG HomeLoanTest:76 - Extracted Cell: 
2025-07-30 03:26:19 DEBUG HomeLoanTest:76 - Extracted Cell: 
2025-07-30 03:26:19 DEBUG HomeLoanTest:76 - Extracted Cell: 
2025-07-30 03:26:19 DEBUG HomeLoanTest:76 - Extracted Cell: 
2025-07-30 03:26:19 DEBUG HomeLoanTest:76 - Extracted Cell: 
2025-07-30 03:26:19 DEBUG HomeLoanTest:76 - Extracted Cell: 
2025-07-30 03:26:19 DEBUG HomeLoanTest:76 - Extracted Cell: 
2025-07-30 03:26:19 DEBUG HomeLoanTest:76 - Extracted Cell: 
2025-07-30 03:26:19 DEBUG HomeLoanTest:76 - Extracted Cell: 
2025-07-30 03:26:19 DEBUG HomeLoanTest:76 - Extracted Cell: 
2025-07-30 03:26:19 DEBUG HomeLoanTest:76 - Extracted Cell: 
2025-07-30 03:26:19 DEBUG HomeLoanTest:76 - Extracted Cell: 
2025-07-30 03:26:19 DEBUG HomeLoanTest:76 - Extracted Cell: 
2025-07-30 03:26:19 DEBUG HomeLoanTest:76 - Extracted Cell: 
2025-07-30 03:26:19 DEBUG HomeLoanTest:76 - Extracted Cell: 
2025-07-30 03:26:19 DEBUG HomeLoanTest:76 - Extracted Cell: 
2025-07-30 03:26:19 DEBUG HomeLoanTest:76 - Extracted Cell: 
2025-07-30 03:26:19 DEBUG HomeLoanTest:76 - Extracted Cell: 
2025-07-30 03:26:19 DEBUG HomeLoanTest:76 - Extracted Cell: 2033
2025-07-30 03:26:19 DEBUG HomeLoanTest:76 - Extracted Cell: ₹ 29,575
2025-07-30 03:26:19 DEBUG HomeLoanTest:76 - Extracted Cell: ₹ 20,483
2025-07-30 03:26:19 DEBUG HomeLoanTest:76 - Extracted Cell: ₹ 3,00,30,250
2025-07-30 03:26:19 DEBUG HomeLoanTest:76 - Extracted Cell: ₹ 3,00,80,309
2025-07-30 03:26:19 DEBUG HomeLoanTest:76 - Extracted Cell: ₹ 2,56,906
2025-07-30 03:26:19 DEBUG HomeLoanTest:76 - Extracted Cell: 42.91%
2025-07-30 03:26:19 DEBUG HomeLoanTest:76 - Extracted Cell: 
2025-07-30 03:26:19 DEBUG HomeLoanTest:76 - Extracted Cell: 
2025-07-30 03:26:19 DEBUG HomeLoanTest:76 - Extracted Cell: 
2025-07-30 03:26:19 DEBUG HomeLoanTest:76 - Extracted Cell: 
2025-07-30 03:26:19 DEBUG HomeLoanTest:76 - Extracted Cell: 
2025-07-30 03:26:19 DEBUG HomeLoanTest:76 - Extracted Cell: 
2025-07-30 03:26:19 DEBUG HomeLoanTest:76 - Extracted Cell: 
2025-07-30 03:26:19 DEBUG HomeLoanTest:76 - Extracted Cell: 
2025-07-30 03:26:19 DEBUG HomeLoanTest:76 - Extracted Cell: 
2025-07-30 03:26:19 DEBUG HomeLoanTest:76 - Extracted Cell: 
2025-07-30 03:26:19 DEBUG HomeLoanTest:76 - Extracted Cell: 
2025-07-30 03:26:19 DEBUG HomeLoanTest:76 - Extracted Cell: 
2025-07-30 03:26:19 DEBUG HomeLoanTest:76 - Extracted Cell: 
2025-07-30 03:26:19 DEBUG HomeLoanTest:76 - Extracted Cell: 
2025-07-30 03:26:19 DEBUG HomeLoanTest:76 - Extracted Cell: 
2025-07-30 03:26:20 DEBUG HomeLoanTest:76 - Extracted Cell: 
2025-07-30 03:26:20 DEBUG HomeLoanTest:76 - Extracted Cell: 
2025-07-30 03:26:20 DEBUG HomeLoanTest:76 - Extracted Cell: 
2025-07-30 03:26:20 DEBUG HomeLoanTest:76 - Extracted Cell: 
2025-07-30 03:26:20 DEBUG HomeLoanTest:76 - Extracted Cell: 
2025-07-30 03:26:20 DEBUG HomeLoanTest:76 - Extracted Cell: 
2025-07-30 03:26:20 DEBUG HomeLoanTest:76 - Extracted Cell: 
2025-07-30 03:26:20 DEBUG HomeLoanTest:76 - Extracted Cell: 
2025-07-30 03:26:20 DEBUG HomeLoanTest:76 - Extracted Cell: 
2025-07-30 03:26:20 DEBUG HomeLoanTest:76 - Extracted Cell: 
2025-07-30 03:26:20 DEBUG HomeLoanTest:76 - Extracted Cell: 
2025-07-30 03:26:20 DEBUG HomeLoanTest:76 - Extracted Cell: 
2025-07-30 03:26:20 DEBUG HomeLoanTest:76 - Extracted Cell: 
2025-07-30 03:26:20 DEBUG HomeLoanTest:76 - Extracted Cell: 
2025-07-30 03:26:20 DEBUG HomeLoanTest:76 - Extracted Cell: 
2025-07-30 03:26:20 DEBUG HomeLoanTest:76 - Extracted Cell: 
2025-07-30 03:26:20 DEBUG HomeLoanTest:76 - Extracted Cell: 
2025-07-30 03:26:20 DEBUG HomeLoanTest:76 - Extracted Cell: 
2025-07-30 03:26:20 DEBUG HomeLoanTest:76 - Extracted Cell: 
2025-07-30 03:26:20 DEBUG HomeLoanTest:76 - Extracted Cell: 
2025-07-30 03:26:20 DEBUG HomeLoanTest:76 - Extracted Cell: 
2025-07-30 03:26:20 DEBUG HomeLoanTest:76 - Extracted Cell: 
2025-07-30 03:26:20 DEBUG HomeLoanTest:76 - Extracted Cell: 
2025-07-30 03:26:20 DEBUG HomeLoanTest:76 - Extracted Cell: 
2025-07-30 03:26:20 DEBUG HomeLoanTest:76 - Extracted Cell: 
2025-07-30 03:26:20 DEBUG HomeLoanTest:76 - Extracted Cell: 
2025-07-30 03:26:20 DEBUG HomeLoanTest:76 - Extracted Cell: 
2025-07-30 03:26:20 DEBUG HomeLoanTest:76 - Extracted Cell: 
2025-07-30 03:26:20 DEBUG HomeLoanTest:76 - Extracted Cell: 
2025-07-30 03:26:20 DEBUG HomeLoanTest:76 - Extracted Cell: 
2025-07-30 03:26:20 DEBUG HomeLoanTest:76 - Extracted Cell: 
2025-07-30 03:26:20 DEBUG HomeLoanTest:76 - Extracted Cell: 
2025-07-30 03:26:20 DEBUG HomeLoanTest:76 - Extracted Cell: 
2025-07-30 03:26:20 DEBUG HomeLoanTest:76 - Extracted Cell: 
2025-07-30 03:26:20 DEBUG HomeLoanTest:76 - Extracted Cell: 
2025-07-30 03:26:20 DEBUG HomeLoanTest:76 - Extracted Cell: 
2025-07-30 03:26:20 DEBUG HomeLoanTest:76 - Extracted Cell: 
2025-07-30 03:26:20 DEBUG HomeLoanTest:76 - Extracted Cell: 
2025-07-30 03:26:20 DEBUG HomeLoanTest:76 - Extracted Cell: 
2025-07-30 03:26:20 DEBUG HomeLoanTest:76 - Extracted Cell: 
2025-07-30 03:26:20 DEBUG HomeLoanTest:76 - Extracted Cell: 
2025-07-30 03:26:20 DEBUG HomeLoanTest:76 - Extracted Cell: 
2025-07-30 03:26:20 DEBUG HomeLoanTest:76 - Extracted Cell: 
2025-07-30 03:26:20 DEBUG HomeLoanTest:76 - Extracted Cell: 
2025-07-30 03:26:20 DEBUG HomeLoanTest:76 - Extracted Cell: 
2025-07-30 03:26:20 DEBUG HomeLoanTest:76 - Extracted Cell: 
2025-07-30 03:26:20 DEBUG HomeLoanTest:76 - Extracted Cell: 
2025-07-30 03:26:20 DEBUG HomeLoanTest:76 - Extracted Cell: 
2025-07-30 03:26:20 DEBUG HomeLoanTest:76 - Extracted Cell: 
2025-07-30 03:26:20 DEBUG HomeLoanTest:76 - Extracted Cell: 
2025-07-30 03:26:20 DEBUG HomeLoanTest:76 - Extracted Cell: 
2025-07-30 03:26:20 DEBUG HomeLoanTest:76 - Extracted Cell: 
2025-07-30 03:26:20 DEBUG HomeLoanTest:76 - Extracted Cell: 
2025-07-30 03:26:20 DEBUG HomeLoanTest:76 - Extracted Cell: 
2025-07-30 03:26:20 DEBUG HomeLoanTest:76 - Extracted Cell: 
2025-07-30 03:26:20 DEBUG HomeLoanTest:76 - Extracted Cell: 
2025-07-30 03:26:20 DEBUG HomeLoanTest:76 - Extracted Cell: 
2025-07-30 03:26:20 DEBUG HomeLoanTest:76 - Extracted Cell: 
2025-07-30 03:26:20 DEBUG HomeLoanTest:76 - Extracted Cell: 
2025-07-30 03:26:20 DEBUG HomeLoanTest:76 - Extracted Cell: 
2025-07-30 03:26:20 DEBUG HomeLoanTest:76 - Extracted Cell: 
2025-07-30 03:26:20 DEBUG HomeLoanTest:76 - Extracted Cell: 
2025-07-30 03:26:20 DEBUG HomeLoanTest:76 - Extracted Cell: 
2025-07-30 03:26:20 DEBUG HomeLoanTest:76 - Extracted Cell: 
2025-07-30 03:26:20 DEBUG HomeLoanTest:76 - Extracted Cell: 
2025-07-30 03:26:20 DEBUG HomeLoanTest:76 - Extracted Cell: 
2025-07-30 03:26:20 DEBUG HomeLoanTest:76 - Extracted Cell: 
2025-07-30 03:26:20 DEBUG HomeLoanTest:76 - Extracted Cell: 
2025-07-30 03:26:20 DEBUG HomeLoanTest:76 - Extracted Cell: 
2025-07-30 03:26:21 DEBUG HomeLoanTest:76 - Extracted Cell: 
2025-07-30 03:26:21 DEBUG HomeLoanTest:76 - Extracted Cell: 
2025-07-30 03:26:21 DEBUG HomeLoanTest:76 - Extracted Cell: 
2025-07-30 03:26:21 DEBUG HomeLoanTest:76 - Extracted Cell: 
2025-07-30 03:26:21 DEBUG HomeLoanTest:76 - Extracted Cell: 
2025-07-30 03:26:21 DEBUG HomeLoanTest:76 - Extracted Cell: 
2025-07-30 03:26:21 DEBUG HomeLoanTest:76 - Extracted Cell: 
2025-07-30 03:26:21 DEBUG HomeLoanTest:76 - Extracted Cell: 
2025-07-30 03:26:21 DEBUG HomeLoanTest:76 - Extracted Cell: 
2025-07-30 03:26:21 DEBUG HomeLoanTest:76 - Extracted Cell: 
2025-07-30 03:26:21 DEBUG HomeLoanTest:76 - Extracted Cell: 
2025-07-30 03:26:21 DEBUG HomeLoanTest:76 - Extracted Cell: 
2025-07-30 03:26:21 DEBUG HomeLoanTest:76 - Extracted Cell: 
2025-07-30 03:26:21 DEBUG HomeLoanTest:76 - Extracted Cell: 
2025-07-30 03:26:21 DEBUG HomeLoanTest:76 - Extracted Cell: 
2025-07-30 03:26:21 DEBUG HomeLoanTest:76 - Extracted Cell: 
2025-07-30 03:26:21 DEBUG HomeLoanTest:76 - Extracted Cell: 
2025-07-30 03:26:21 DEBUG HomeLoanTest:76 - Extracted Cell: 
2025-07-30 03:26:21 DEBUG HomeLoanTest:76 - Extracted Cell: 
2025-07-30 03:26:21 DEBUG HomeLoanTest:76 - Extracted Cell: 
2025-07-30 03:26:21 DEBUG HomeLoanTest:76 - Extracted Cell: 
2025-07-30 03:26:21 DEBUG HomeLoanTest:76 - Extracted Cell: 
2025-07-30 03:26:21 DEBUG HomeLoanTest:76 - Extracted Cell: 
2025-07-30 03:26:21 DEBUG HomeLoanTest:76 - Extracted Cell: 
2025-07-30 03:26:21 DEBUG HomeLoanTest:76 - Extracted Cell: 
2025-07-30 03:26:21 DEBUG HomeLoanTest:76 - Extracted Cell: 
2025-07-30 03:26:21 DEBUG HomeLoanTest:76 - Extracted Cell: 
2025-07-30 03:26:21 DEBUG HomeLoanTest:76 - Extracted Cell: 
2025-07-30 03:26:21 DEBUG HomeLoanTest:76 - Extracted Cell: 
2025-07-30 03:26:21 DEBUG HomeLoanTest:76 - Extracted Cell: 
2025-07-30 03:26:21 DEBUG HomeLoanTest:76 - Extracted Cell: 
2025-07-30 03:26:21 DEBUG HomeLoanTest:76 - Extracted Cell: 
2025-07-30 03:26:21 DEBUG HomeLoanTest:76 - Extracted Cell: 
2025-07-30 03:26:21 DEBUG HomeLoanTest:76 - Extracted Cell: 
2025-07-30 03:26:21 DEBUG HomeLoanTest:76 - Extracted Cell: 
2025-07-30 03:26:21 DEBUG HomeLoanTest:76 - Extracted Cell: 
2025-07-30 03:26:21 DEBUG HomeLoanTest:76 - Extracted Cell: 
2025-07-30 03:26:21 DEBUG HomeLoanTest:76 - Extracted Cell: 
2025-07-30 03:26:22 DEBUG HomeLoanTest:76 - Extracted Cell: 
2025-07-30 03:26:22 DEBUG HomeLoanTest:76 - Extracted Cell: 
2025-07-30 03:26:22 DEBUG HomeLoanTest:76 - Extracted Cell: 
2025-07-30 03:26:22 DEBUG HomeLoanTest:76 - Extracted Cell: 
2025-07-30 03:26:22 DEBUG HomeLoanTest:76 - Extracted Cell: 
2025-07-30 03:26:22 DEBUG HomeLoanTest:76 - Extracted Cell: 
2025-07-30 03:26:22 DEBUG HomeLoanTest:76 - Extracted Cell: 
2025-07-30 03:26:22 DEBUG HomeLoanTest:76 - Extracted Cell: 
2025-07-30 03:26:22 DEBUG HomeLoanTest:76 - Extracted Cell: 
2025-07-30 03:26:22 DEBUG HomeLoanTest:76 - Extracted Cell: 
2025-07-30 03:26:22 DEBUG HomeLoanTest:76 - Extracted Cell: 
2025-07-30 03:26:22 DEBUG HomeLoanTest:76 - Extracted Cell: 
2025-07-30 03:26:22 DEBUG HomeLoanTest:76 - Extracted Cell: 
2025-07-30 03:26:22 DEBUG HomeLoanTest:76 - Extracted Cell: 
2025-07-30 03:26:22 DEBUG HomeLoanTest:76 - Extracted Cell: 
2025-07-30 03:26:22 DEBUG HomeLoanTest:76 - Extracted Cell: 
2025-07-30 03:26:22 DEBUG HomeLoanTest:76 - Extracted Cell: 
2025-07-30 03:26:22 DEBUG HomeLoanTest:76 - Extracted Cell: 
2025-07-30 03:26:22 DEBUG HomeLoanTest:76 - Extracted Cell: 
2025-07-30 03:26:22 DEBUG HomeLoanTest:76 - Extracted Cell: 
2025-07-30 03:26:22 DEBUG HomeLoanTest:76 - Extracted Cell: 
2025-07-30 03:26:22 DEBUG HomeLoanTest:76 - Extracted Cell: 
2025-07-30 03:26:22 DEBUG HomeLoanTest:76 - Extracted Cell: 
2025-07-30 03:26:22 DEBUG HomeLoanTest:76 - Extracted Cell: 
2025-07-30 03:26:22 DEBUG HomeLoanTest:76 - Extracted Cell: 
2025-07-30 03:26:22 DEBUG HomeLoanTest:76 - Extracted Cell: 
2025-07-30 03:26:22 DEBUG HomeLoanTest:76 - Extracted Cell: 
2025-07-30 03:26:22 DEBUG HomeLoanTest:76 - Extracted Cell: 
2025-07-30 03:26:22 DEBUG HomeLoanTest:76 - Extracted Cell: 
2025-07-30 03:26:22 DEBUG HomeLoanTest:76 - Extracted Cell: 
2025-07-30 03:26:22 DEBUG HomeLoanTest:76 - Extracted Cell: 
2025-07-30 03:26:22 DEBUG HomeLoanTest:76 - Extracted Cell: 
2025-07-30 03:26:22 DEBUG HomeLoanTest:76 - Extracted Cell: 
2025-07-30 03:26:22 DEBUG HomeLoanTest:76 - Extracted Cell: 
2025-07-30 03:26:22 DEBUG HomeLoanTest:76 - Extracted Cell: 
2025-07-30 03:26:22 DEBUG HomeLoanTest:76 - Extracted Cell: 
2025-07-30 03:26:22 DEBUG HomeLoanTest:76 - Extracted Cell: 
2025-07-30 03:26:23 DEBUG HomeLoanTest:76 - Extracted Cell: 
2025-07-30 03:26:23 DEBUG HomeLoanTest:76 - Extracted Cell: 
2025-07-30 03:26:23 DEBUG HomeLoanTest:76 - Extracted Cell: 
2025-07-30 03:26:23 DEBUG HomeLoanTest:76 - Extracted Cell: 
2025-07-30 03:26:23 DEBUG HomeLoanTest:76 - Extracted Cell: 
2025-07-30 03:26:23 DEBUG HomeLoanTest:76 - Extracted Cell: 
2025-07-30 03:26:23 DEBUG HomeLoanTest:76 - Extracted Cell: 
2025-07-30 03:26:23 DEBUG HomeLoanTest:76 - Extracted Cell: 
2025-07-30 03:26:23 DEBUG HomeLoanTest:76 - Extracted Cell: 
2025-07-30 03:26:23 DEBUG HomeLoanTest:76 - Extracted Cell: 
2025-07-30 03:26:23 DEBUG HomeLoanTest:76 - Extracted Cell: 2034
2025-07-30 03:26:23 DEBUG HomeLoanTest:76 - Extracted Cell: ₹ 31,871
2025-07-30 03:26:23 DEBUG HomeLoanTest:76 - Extracted Cell: ₹ 18,187
2025-07-30 03:26:23 DEBUG HomeLoanTest:76 - Extracted Cell: ₹ 3,00,30,250
2025-07-30 03:26:23 DEBUG HomeLoanTest:76 - Extracted Cell: ₹ 3,00,80,309
2025-07-30 03:26:23 DEBUG HomeLoanTest:76 - Extracted Cell: ₹ 2,25,035
2025-07-30 03:26:23 DEBUG HomeLoanTest:76 - Extracted Cell: 49.99%
2025-07-30 03:26:23 DEBUG HomeLoanTest:76 - Extracted Cell: 
2025-07-30 03:26:23 DEBUG HomeLoanTest:76 - Extracted Cell: 
2025-07-30 03:26:23 DEBUG HomeLoanTest:76 - Extracted Cell: 
2025-07-30 03:26:23 DEBUG HomeLoanTest:76 - Extracted Cell: 
2025-07-30 03:26:23 DEBUG HomeLoanTest:76 - Extracted Cell: 
2025-07-30 03:26:23 DEBUG HomeLoanTest:76 - Extracted Cell: 
2025-07-30 03:26:23 DEBUG HomeLoanTest:76 - Extracted Cell: 
2025-07-30 03:26:23 DEBUG HomeLoanTest:76 - Extracted Cell: 
2025-07-30 03:26:23 DEBUG HomeLoanTest:76 - Extracted Cell: 
2025-07-30 03:26:23 DEBUG HomeLoanTest:76 - Extracted Cell: 
2025-07-30 03:26:23 DEBUG HomeLoanTest:76 - Extracted Cell: 
2025-07-30 03:26:23 DEBUG HomeLoanTest:76 - Extracted Cell: 
2025-07-30 03:26:23 DEBUG HomeLoanTest:76 - Extracted Cell: 
2025-07-30 03:26:23 DEBUG HomeLoanTest:76 - Extracted Cell: 
2025-07-30 03:26:23 DEBUG HomeLoanTest:76 - Extracted Cell: 
2025-07-30 03:26:23 DEBUG HomeLoanTest:76 - Extracted Cell: 
2025-07-30 03:26:23 DEBUG HomeLoanTest:76 - Extracted Cell: 
2025-07-30 03:26:23 DEBUG HomeLoanTest:76 - Extracted Cell: 
2025-07-30 03:26:23 DEBUG HomeLoanTest:76 - Extracted Cell: 
2025-07-30 03:26:23 DEBUG HomeLoanTest:76 - Extracted Cell: 
2025-07-30 03:26:23 DEBUG HomeLoanTest:76 - Extracted Cell: 
2025-07-30 03:26:23 DEBUG HomeLoanTest:76 - Extracted Cell: 
2025-07-30 03:26:23 DEBUG HomeLoanTest:76 - Extracted Cell: 
2025-07-30 03:26:24 DEBUG HomeLoanTest:76 - Extracted Cell: 
2025-07-30 03:26:24 DEBUG HomeLoanTest:76 - Extracted Cell: 
2025-07-30 03:26:24 DEBUG HomeLoanTest:76 - Extracted Cell: 
2025-07-30 03:26:24 DEBUG HomeLoanTest:76 - Extracted Cell: 
2025-07-30 03:26:24 DEBUG HomeLoanTest:76 - Extracted Cell: 
2025-07-30 03:26:24 DEBUG HomeLoanTest:76 - Extracted Cell: 
2025-07-30 03:26:24 DEBUG HomeLoanTest:76 - Extracted Cell: 
2025-07-30 03:26:24 DEBUG HomeLoanTest:76 - Extracted Cell: 
2025-07-30 03:26:24 DEBUG HomeLoanTest:76 - Extracted Cell: 
2025-07-30 03:26:24 DEBUG HomeLoanTest:76 - Extracted Cell: 
2025-07-30 03:26:24 DEBUG HomeLoanTest:76 - Extracted Cell: 
2025-07-30 03:26:24 DEBUG HomeLoanTest:76 - Extracted Cell: 
2025-07-30 03:26:24 DEBUG HomeLoanTest:76 - Extracted Cell: 
2025-07-30 03:26:24 DEBUG HomeLoanTest:76 - Extracted Cell: 
2025-07-30 03:26:24 DEBUG HomeLoanTest:76 - Extracted Cell: 
2025-07-30 03:26:24 DEBUG HomeLoanTest:76 - Extracted Cell: 
2025-07-30 03:26:24 DEBUG HomeLoanTest:76 - Extracted Cell: 
2025-07-30 03:26:24 DEBUG HomeLoanTest:76 - Extracted Cell: 
2025-07-30 03:26:24 DEBUG HomeLoanTest:76 - Extracted Cell: 
2025-07-30 03:26:24 DEBUG HomeLoanTest:76 - Extracted Cell: 
2025-07-30 03:26:24 DEBUG HomeLoanTest:76 - Extracted Cell: 
2025-07-30 03:26:24 DEBUG HomeLoanTest:76 - Extracted Cell: 
2025-07-30 03:26:24 DEBUG HomeLoanTest:76 - Extracted Cell: 
2025-07-30 03:26:24 DEBUG HomeLoanTest:76 - Extracted Cell: 
2025-07-30 03:26:24 DEBUG HomeLoanTest:76 - Extracted Cell: 
2025-07-30 03:26:24 DEBUG HomeLoanTest:76 - Extracted Cell: 
2025-07-30 03:26:24 DEBUG HomeLoanTest:76 - Extracted Cell: 
2025-07-30 03:26:24 DEBUG HomeLoanTest:76 - Extracted Cell: 
2025-07-30 03:26:24 DEBUG HomeLoanTest:76 - Extracted Cell: 
2025-07-30 03:26:24 DEBUG HomeLoanTest:76 - Extracted Cell: 
2025-07-30 03:26:24 DEBUG HomeLoanTest:76 - Extracted Cell: 
2025-07-30 03:26:24 DEBUG HomeLoanTest:76 - Extracted Cell: 
2025-07-30 03:26:24 DEBUG HomeLoanTest:76 - Extracted Cell: 
2025-07-30 03:26:24 DEBUG HomeLoanTest:76 - Extracted Cell: 
2025-07-30 03:26:24 DEBUG HomeLoanTest:76 - Extracted Cell: 
2025-07-30 03:26:24 DEBUG HomeLoanTest:76 - Extracted Cell: 
2025-07-30 03:26:24 DEBUG HomeLoanTest:76 - Extracted Cell: 
2025-07-30 03:26:24 DEBUG HomeLoanTest:76 - Extracted Cell: 
2025-07-30 03:26:24 DEBUG HomeLoanTest:76 - Extracted Cell: 
2025-07-30 03:26:24 DEBUG HomeLoanTest:76 - Extracted Cell: 
2025-07-30 03:26:24 DEBUG HomeLoanTest:76 - Extracted Cell: 
2025-07-30 03:26:24 DEBUG HomeLoanTest:76 - Extracted Cell: 
2025-07-30 03:26:24 DEBUG HomeLoanTest:76 - Extracted Cell: 
2025-07-30 03:26:24 DEBUG HomeLoanTest:76 - Extracted Cell: 
2025-07-30 03:26:24 DEBUG HomeLoanTest:76 - Extracted Cell: 
2025-07-30 03:26:24 DEBUG HomeLoanTest:76 - Extracted Cell: 
2025-07-30 03:26:24 DEBUG HomeLoanTest:76 - Extracted Cell: 
2025-07-30 03:26:24 DEBUG HomeLoanTest:76 - Extracted Cell: 
2025-07-30 03:26:24 DEBUG HomeLoanTest:76 - Extracted Cell: 
2025-07-30 03:26:24 DEBUG HomeLoanTest:76 - Extracted Cell: 
2025-07-30 03:26:24 DEBUG HomeLoanTest:76 - Extracted Cell: 
2025-07-30 03:26:24 DEBUG HomeLoanTest:76 - Extracted Cell: 
2025-07-30 03:26:24 DEBUG HomeLoanTest:76 - Extracted Cell: 
2025-07-30 03:26:24 DEBUG HomeLoanTest:76 - Extracted Cell: 
2025-07-30 03:26:24 DEBUG HomeLoanTest:76 - Extracted Cell: 
2025-07-30 03:26:24 DEBUG HomeLoanTest:76 - Extracted Cell: 
2025-07-30 03:26:24 DEBUG HomeLoanTest:76 - Extracted Cell: 
2025-07-30 03:26:24 DEBUG HomeLoanTest:76 - Extracted Cell: 
2025-07-30 03:26:24 DEBUG HomeLoanTest:76 - Extracted Cell: 
2025-07-30 03:26:24 DEBUG HomeLoanTest:76 - Extracted Cell: 
2025-07-30 03:26:24 DEBUG HomeLoanTest:76 - Extracted Cell: 
2025-07-30 03:26:24 DEBUG HomeLoanTest:76 - Extracted Cell: 
2025-07-30 03:26:25 DEBUG HomeLoanTest:76 - Extracted Cell: 
2025-07-30 03:26:25 DEBUG HomeLoanTest:76 - Extracted Cell: 
2025-07-30 03:26:25 DEBUG HomeLoanTest:76 - Extracted Cell: 
2025-07-30 03:26:25 DEBUG HomeLoanTest:76 - Extracted Cell: 
2025-07-30 03:26:25 DEBUG HomeLoanTest:76 - Extracted Cell: 
2025-07-30 03:26:25 DEBUG HomeLoanTest:76 - Extracted Cell: 
2025-07-30 03:26:25 DEBUG HomeLoanTest:76 - Extracted Cell: 
2025-07-30 03:26:25 DEBUG HomeLoanTest:76 - Extracted Cell: 
2025-07-30 03:26:25 DEBUG HomeLoanTest:76 - Extracted Cell: 
2025-07-30 03:26:25 DEBUG HomeLoanTest:76 - Extracted Cell: 
2025-07-30 03:26:25 DEBUG HomeLoanTest:76 - Extracted Cell: 
2025-07-30 03:26:25 DEBUG HomeLoanTest:76 - Extracted Cell: 
2025-07-30 03:26:25 DEBUG HomeLoanTest:76 - Extracted Cell: 
2025-07-30 03:26:25 DEBUG HomeLoanTest:76 - Extracted Cell: 
2025-07-30 03:26:25 DEBUG HomeLoanTest:76 - Extracted Cell: 
2025-07-30 03:26:25 DEBUG HomeLoanTest:76 - Extracted Cell: 
2025-07-30 03:26:25 DEBUG HomeLoanTest:76 - Extracted Cell: 
2025-07-30 03:26:25 DEBUG HomeLoanTest:76 - Extracted Cell: 
2025-07-30 03:26:25 DEBUG HomeLoanTest:76 - Extracted Cell: 
2025-07-30 03:26:25 DEBUG HomeLoanTest:76 - Extracted Cell: 
2025-07-30 03:26:25 DEBUG HomeLoanTest:76 - Extracted Cell: 
2025-07-30 03:26:25 DEBUG HomeLoanTest:76 - Extracted Cell: 
2025-07-30 03:26:25 DEBUG HomeLoanTest:76 - Extracted Cell: 
2025-07-30 03:26:25 DEBUG HomeLoanTest:76 - Extracted Cell: 
2025-07-30 03:26:25 DEBUG HomeLoanTest:76 - Extracted Cell: 
2025-07-30 03:26:25 DEBUG HomeLoanTest:76 - Extracted Cell: 
2025-07-30 03:26:25 DEBUG HomeLoanTest:76 - Extracted Cell: 
2025-07-30 03:26:25 DEBUG HomeLoanTest:76 - Extracted Cell: 
2025-07-30 03:26:25 DEBUG HomeLoanTest:76 - Extracted Cell: 
2025-07-30 03:26:25 DEBUG HomeLoanTest:76 - Extracted Cell: 
2025-07-30 03:26:25 DEBUG HomeLoanTest:76 - Extracted Cell: 
2025-07-30 03:26:25 DEBUG HomeLoanTest:76 - Extracted Cell: 
2025-07-30 03:26:25 DEBUG HomeLoanTest:76 - Extracted Cell: 
2025-07-30 03:26:25 DEBUG HomeLoanTest:76 - Extracted Cell: 
2025-07-30 03:26:25 DEBUG HomeLoanTest:76 - Extracted Cell: 
2025-07-30 03:26:25 DEBUG HomeLoanTest:76 - Extracted Cell: 
2025-07-30 03:26:25 DEBUG HomeLoanTest:76 - Extracted Cell: 
2025-07-30 03:26:25 DEBUG HomeLoanTest:76 - Extracted Cell: 
2025-07-30 03:26:25 DEBUG HomeLoanTest:76 - Extracted Cell: 
2025-07-30 03:26:25 DEBUG HomeLoanTest:76 - Extracted Cell: 
2025-07-30 03:26:26 DEBUG HomeLoanTest:76 - Extracted Cell: 
2025-07-30 03:26:26 DEBUG HomeLoanTest:76 - Extracted Cell: 
2025-07-30 03:26:26 DEBUG HomeLoanTest:76 - Extracted Cell: 
2025-07-30 03:26:26 DEBUG HomeLoanTest:76 - Extracted Cell: 
2025-07-30 03:26:26 DEBUG HomeLoanTest:76 - Extracted Cell: 
2025-07-30 03:26:26 DEBUG HomeLoanTest:76 - Extracted Cell: 
2025-07-30 03:26:26 DEBUG HomeLoanTest:76 - Extracted Cell: 
2025-07-30 03:26:26 DEBUG HomeLoanTest:76 - Extracted Cell: 
2025-07-30 03:26:26 DEBUG HomeLoanTest:76 - Extracted Cell: 
2025-07-30 03:26:26 DEBUG HomeLoanTest:76 - Extracted Cell: 
2025-07-30 03:26:26 DEBUG HomeLoanTest:76 - Extracted Cell: 
2025-07-30 03:26:26 DEBUG HomeLoanTest:76 - Extracted Cell: 
2025-07-30 03:26:26 DEBUG HomeLoanTest:76 - Extracted Cell: 
2025-07-30 03:26:26 DEBUG HomeLoanTest:76 - Extracted Cell: 
2025-07-30 03:26:26 DEBUG HomeLoanTest:76 - Extracted Cell: 
2025-07-30 03:26:26 DEBUG HomeLoanTest:76 - Extracted Cell: 
2025-07-30 03:26:26 DEBUG HomeLoanTest:76 - Extracted Cell: 
2025-07-30 03:26:27 DEBUG HomeLoanTest:76 - Extracted Cell: 
2025-07-30 03:26:27 DEBUG HomeLoanTest:76 - Extracted Cell: 
2025-07-30 03:26:27 DEBUG HomeLoanTest:76 - Extracted Cell: 
2025-07-30 03:26:27 DEBUG HomeLoanTest:76 - Extracted Cell: 
2025-07-30 03:26:27 DEBUG HomeLoanTest:76 - Extracted Cell: 
2025-07-30 03:26:27 DEBUG HomeLoanTest:76 - Extracted Cell: 
2025-07-30 03:26:27 DEBUG HomeLoanTest:76 - Extracted Cell: 
2025-07-30 03:26:27 DEBUG HomeLoanTest:76 - Extracted Cell: 
2025-07-30 03:26:27 DEBUG HomeLoanTest:76 - Extracted Cell: 
2025-07-30 03:26:27 DEBUG HomeLoanTest:76 - Extracted Cell: 
2025-07-30 03:26:27 DEBUG HomeLoanTest:76 - Extracted Cell: 
2025-07-30 03:26:27 DEBUG HomeLoanTest:76 - Extracted Cell: 
2025-07-30 03:26:27 DEBUG HomeLoanTest:76 - Extracted Cell: 
2025-07-30 03:26:27 DEBUG HomeLoanTest:76 - Extracted Cell: 
2025-07-30 03:26:27 DEBUG HomeLoanTest:76 - Extracted Cell: 
2025-07-30 03:26:27 DEBUG HomeLoanTest:76 - Extracted Cell: 
2025-07-30 03:26:27 DEBUG HomeLoanTest:76 - Extracted Cell: 
2025-07-30 03:26:27 DEBUG HomeLoanTest:76 - Extracted Cell: 
2025-07-30 03:26:27 DEBUG HomeLoanTest:76 - Extracted Cell: 
2025-07-30 03:26:27 DEBUG HomeLoanTest:76 - Extracted Cell: 
2025-07-30 03:26:27 DEBUG HomeLoanTest:76 - Extracted Cell: 
2025-07-30 03:26:27 DEBUG HomeLoanTest:76 - Extracted Cell: 
2025-07-30 03:26:27 DEBUG HomeLoanTest:76 - Extracted Cell: 
2025-07-30 03:26:27 DEBUG HomeLoanTest:76 - Extracted Cell: 
2025-07-30 03:26:27 DEBUG HomeLoanTest:76 - Extracted Cell: 
2025-07-30 03:26:27 DEBUG HomeLoanTest:76 - Extracted Cell: 
2025-07-30 03:26:27 DEBUG HomeLoanTest:76 - Extracted Cell: 
2025-07-30 03:26:28 DEBUG HomeLoanTest:76 - Extracted Cell: 2035
2025-07-30 03:26:28 DEBUG HomeLoanTest:76 - Extracted Cell: ₹ 34,346
2025-07-30 03:26:28 DEBUG HomeLoanTest:76 - Extracted Cell: ₹ 15,713
2025-07-30 03:26:28 DEBUG HomeLoanTest:76 - Extracted Cell: ₹ 3,00,30,250
2025-07-30 03:26:28 DEBUG HomeLoanTest:76 - Extracted Cell: ₹ 3,00,80,309
2025-07-30 03:26:28 DEBUG HomeLoanTest:76 - Extracted Cell: ₹ 1,90,689
2025-07-30 03:26:28 DEBUG HomeLoanTest:76 - Extracted Cell: 57.62%
2025-07-30 03:26:28 DEBUG HomeLoanTest:76 - Extracted Cell: 
2025-07-30 03:26:28 DEBUG HomeLoanTest:76 - Extracted Cell: 
2025-07-30 03:26:28 DEBUG HomeLoanTest:76 - Extracted Cell: 
2025-07-30 03:26:28 DEBUG HomeLoanTest:76 - Extracted Cell: 
2025-07-30 03:26:28 DEBUG HomeLoanTest:76 - Extracted Cell: 
2025-07-30 03:26:28 DEBUG HomeLoanTest:76 - Extracted Cell: 
2025-07-30 03:26:28 DEBUG HomeLoanTest:76 - Extracted Cell: 
2025-07-30 03:26:28 DEBUG HomeLoanTest:76 - Extracted Cell: 
2025-07-30 03:26:28 DEBUG HomeLoanTest:76 - Extracted Cell: 
2025-07-30 03:26:28 DEBUG HomeLoanTest:76 - Extracted Cell: 
2025-07-30 03:26:28 DEBUG HomeLoanTest:76 - Extracted Cell: 
2025-07-30 03:26:28 DEBUG HomeLoanTest:76 - Extracted Cell: 
2025-07-30 03:26:28 DEBUG HomeLoanTest:76 - Extracted Cell: 
2025-07-30 03:26:28 DEBUG HomeLoanTest:76 - Extracted Cell: 
2025-07-30 03:26:28 DEBUG HomeLoanTest:76 - Extracted Cell: 
2025-07-30 03:26:28 DEBUG HomeLoanTest:76 - Extracted Cell: 
2025-07-30 03:26:28 DEBUG HomeLoanTest:76 - Extracted Cell: 
2025-07-30 03:26:28 DEBUG HomeLoanTest:76 - Extracted Cell: 
2025-07-30 03:26:28 DEBUG HomeLoanTest:76 - Extracted Cell: 
2025-07-30 03:26:28 DEBUG HomeLoanTest:76 - Extracted Cell: 
2025-07-30 03:26:28 DEBUG HomeLoanTest:76 - Extracted Cell: 
2025-07-30 03:26:28 DEBUG HomeLoanTest:76 - Extracted Cell: 
2025-07-30 03:26:29 DEBUG HomeLoanTest:76 - Extracted Cell: 
2025-07-30 03:26:29 DEBUG HomeLoanTest:76 - Extracted Cell: 
2025-07-30 03:26:29 DEBUG HomeLoanTest:76 - Extracted Cell: 
2025-07-30 03:26:29 DEBUG HomeLoanTest:76 - Extracted Cell: 
2025-07-30 03:26:29 DEBUG HomeLoanTest:76 - Extracted Cell: 
2025-07-30 03:26:29 DEBUG HomeLoanTest:76 - Extracted Cell: 
2025-07-30 03:26:29 DEBUG HomeLoanTest:76 - Extracted Cell: 
2025-07-30 03:26:29 DEBUG HomeLoanTest:76 - Extracted Cell: 
2025-07-30 03:26:29 DEBUG HomeLoanTest:76 - Extracted Cell: 
2025-07-30 03:26:29 DEBUG HomeLoanTest:76 - Extracted Cell: 
2025-07-30 03:26:29 DEBUG HomeLoanTest:76 - Extracted Cell: 
2025-07-30 03:26:29 DEBUG HomeLoanTest:76 - Extracted Cell: 
2025-07-30 03:26:29 DEBUG HomeLoanTest:76 - Extracted Cell: 
2025-07-30 03:26:29 DEBUG HomeLoanTest:76 - Extracted Cell: 
2025-07-30 03:26:29 DEBUG HomeLoanTest:76 - Extracted Cell: 
2025-07-30 03:26:29 DEBUG HomeLoanTest:76 - Extracted Cell: 
2025-07-30 03:26:29 DEBUG HomeLoanTest:76 - Extracted Cell: 
2025-07-30 03:26:29 DEBUG HomeLoanTest:76 - Extracted Cell: 
2025-07-30 03:26:29 DEBUG HomeLoanTest:76 - Extracted Cell: 
2025-07-30 03:26:29 DEBUG HomeLoanTest:76 - Extracted Cell: 
2025-07-30 03:26:29 DEBUG HomeLoanTest:76 - Extracted Cell: 
2025-07-30 03:26:29 DEBUG HomeLoanTest:76 - Extracted Cell: 
2025-07-30 03:26:29 DEBUG HomeLoanTest:76 - Extracted Cell: 
2025-07-30 03:26:29 DEBUG HomeLoanTest:76 - Extracted Cell: 
2025-07-30 03:26:29 DEBUG HomeLoanTest:76 - Extracted Cell: 
2025-07-30 03:26:29 DEBUG HomeLoanTest:76 - Extracted Cell: 
2025-07-30 03:26:29 DEBUG HomeLoanTest:76 - Extracted Cell: 
2025-07-30 03:26:29 DEBUG HomeLoanTest:76 - Extracted Cell: 
2025-07-30 03:26:29 DEBUG HomeLoanTest:76 - Extracted Cell: 
2025-07-30 03:26:29 DEBUG HomeLoanTest:76 - Extracted Cell: 
2025-07-30 03:26:29 DEBUG HomeLoanTest:76 - Extracted Cell: 
2025-07-30 03:26:29 DEBUG HomeLoanTest:76 - Extracted Cell: 
2025-07-30 03:26:29 DEBUG HomeLoanTest:76 - Extracted Cell: 
2025-07-30 03:26:29 DEBUG HomeLoanTest:76 - Extracted Cell: 
2025-07-30 03:26:29 DEBUG HomeLoanTest:76 - Extracted Cell: 
2025-07-30 03:26:29 DEBUG HomeLoanTest:76 - Extracted Cell: 
2025-07-30 03:26:29 DEBUG HomeLoanTest:76 - Extracted Cell: 
2025-07-30 03:26:29 DEBUG HomeLoanTest:76 - Extracted Cell: 
2025-07-30 03:26:29 DEBUG HomeLoanTest:76 - Extracted Cell: 
2025-07-30 03:26:29 DEBUG HomeLoanTest:76 - Extracted Cell: 
2025-07-30 03:26:29 DEBUG HomeLoanTest:76 - Extracted Cell: 
2025-07-30 03:26:29 DEBUG HomeLoanTest:76 - Extracted Cell: 
2025-07-30 03:26:29 DEBUG HomeLoanTest:76 - Extracted Cell: 
2025-07-30 03:26:29 DEBUG HomeLoanTest:76 - Extracted Cell: 
2025-07-30 03:26:29 DEBUG HomeLoanTest:76 - Extracted Cell: 
2025-07-30 03:26:29 DEBUG HomeLoanTest:76 - Extracted Cell: 
2025-07-30 03:26:29 DEBUG HomeLoanTest:76 - Extracted Cell: 
2025-07-30 03:26:29 DEBUG HomeLoanTest:76 - Extracted Cell: 
2025-07-30 03:26:29 DEBUG HomeLoanTest:76 - Extracted Cell: 
2025-07-30 03:26:29 DEBUG HomeLoanTest:76 - Extracted Cell: 
2025-07-30 03:26:29 DEBUG HomeLoanTest:76 - Extracted Cell: 
2025-07-30 03:26:29 DEBUG HomeLoanTest:76 - Extracted Cell: 
2025-07-30 03:26:29 DEBUG HomeLoanTest:76 - Extracted Cell: 
2025-07-30 03:26:29 DEBUG HomeLoanTest:76 - Extracted Cell: 
2025-07-30 03:26:29 DEBUG HomeLoanTest:76 - Extracted Cell: 
2025-07-30 03:26:30 DEBUG HomeLoanTest:76 - Extracted Cell: 
2025-07-30 03:26:30 DEBUG HomeLoanTest:76 - Extracted Cell: 
2025-07-30 03:26:30 DEBUG HomeLoanTest:76 - Extracted Cell: 
2025-07-30 03:26:30 DEBUG HomeLoanTest:76 - Extracted Cell: 
2025-07-30 03:26:30 DEBUG HomeLoanTest:76 - Extracted Cell: 
2025-07-30 03:26:30 DEBUG HomeLoanTest:76 - Extracted Cell: 
2025-07-30 03:26:30 DEBUG HomeLoanTest:76 - Extracted Cell: 
2025-07-30 03:26:30 DEBUG HomeLoanTest:76 - Extracted Cell: 
2025-07-30 03:26:30 DEBUG HomeLoanTest:76 - Extracted Cell: 
2025-07-30 03:26:30 DEBUG HomeLoanTest:76 - Extracted Cell: 
2025-07-30 03:26:30 DEBUG HomeLoanTest:76 - Extracted Cell: 
2025-07-30 03:26:30 DEBUG HomeLoanTest:76 - Extracted Cell: 
2025-07-30 03:26:30 DEBUG HomeLoanTest:76 - Extracted Cell: 
2025-07-30 03:26:30 DEBUG HomeLoanTest:76 - Extracted Cell: 
2025-07-30 03:26:30 DEBUG HomeLoanTest:76 - Extracted Cell: 
2025-07-30 03:26:30 DEBUG HomeLoanTest:76 - Extracted Cell: 
2025-07-30 03:26:30 DEBUG HomeLoanTest:76 - Extracted Cell: 
2025-07-30 03:26:30 DEBUG HomeLoanTest:76 - Extracted Cell: 
2025-07-30 03:26:30 DEBUG HomeLoanTest:76 - Extracted Cell: 
2025-07-30 03:26:30 DEBUG HomeLoanTest:76 - Extracted Cell: 
2025-07-30 03:26:30 DEBUG HomeLoanTest:76 - Extracted Cell: 
2025-07-30 03:26:30 DEBUG HomeLoanTest:76 - Extracted Cell: 
2025-07-30 03:26:30 DEBUG HomeLoanTest:76 - Extracted Cell: 
2025-07-30 03:26:30 DEBUG HomeLoanTest:76 - Extracted Cell: 
2025-07-30 03:26:30 DEBUG HomeLoanTest:76 - Extracted Cell: 
2025-07-30 03:26:30 DEBUG HomeLoanTest:76 - Extracted Cell: 
2025-07-30 03:26:30 DEBUG HomeLoanTest:76 - Extracted Cell: 
2025-07-30 03:26:30 DEBUG HomeLoanTest:76 - Extracted Cell: 
2025-07-30 03:26:30 DEBUG HomeLoanTest:76 - Extracted Cell: 
2025-07-30 03:26:30 DEBUG HomeLoanTest:76 - Extracted Cell: 
2025-07-30 03:26:30 DEBUG HomeLoanTest:76 - Extracted Cell: 
2025-07-30 03:26:30 DEBUG HomeLoanTest:76 - Extracted Cell: 
2025-07-30 03:26:30 DEBUG HomeLoanTest:76 - Extracted Cell: 
2025-07-30 03:26:30 DEBUG HomeLoanTest:76 - Extracted Cell: 
2025-07-30 03:26:30 DEBUG HomeLoanTest:76 - Extracted Cell: 
2025-07-30 03:26:30 DEBUG HomeLoanTest:76 - Extracted Cell: 
2025-07-30 03:26:30 DEBUG HomeLoanTest:76 - Extracted Cell: 
2025-07-30 03:26:30 DEBUG HomeLoanTest:76 - Extracted Cell: 
2025-07-30 03:26:30 DEBUG HomeLoanTest:76 - Extracted Cell: 
2025-07-30 03:26:30 DEBUG HomeLoanTest:76 - Extracted Cell: 
2025-07-30 03:26:30 DEBUG HomeLoanTest:76 - Extracted Cell: 
2025-07-30 03:26:30 DEBUG HomeLoanTest:76 - Extracted Cell: 
2025-07-30 03:26:30 DEBUG HomeLoanTest:76 - Extracted Cell: 
2025-07-30 03:26:30 DEBUG HomeLoanTest:76 - Extracted Cell: 
2025-07-30 03:26:30 DEBUG HomeLoanTest:76 - Extracted Cell: 
2025-07-30 03:26:30 DEBUG HomeLoanTest:76 - Extracted Cell: 
2025-07-30 03:26:30 DEBUG HomeLoanTest:76 - Extracted Cell: 
2025-07-30 03:26:31 DEBUG HomeLoanTest:76 - Extracted Cell: 
2025-07-30 03:26:31 DEBUG HomeLoanTest:76 - Extracted Cell: 
2025-07-30 03:26:31 DEBUG HomeLoanTest:76 - Extracted Cell: 
2025-07-30 03:26:31 DEBUG HomeLoanTest:76 - Extracted Cell: 
2025-07-30 03:26:31 DEBUG HomeLoanTest:76 - Extracted Cell: 
2025-07-30 03:26:31 DEBUG HomeLoanTest:76 - Extracted Cell: 
2025-07-30 03:26:31 DEBUG HomeLoanTest:76 - Extracted Cell: 
2025-07-30 03:26:31 DEBUG HomeLoanTest:76 - Extracted Cell: 
2025-07-30 03:26:31 DEBUG HomeLoanTest:76 - Extracted Cell: 
2025-07-30 03:26:31 DEBUG HomeLoanTest:76 - Extracted Cell: 
2025-07-30 03:26:31 DEBUG HomeLoanTest:76 - Extracted Cell: 
2025-07-30 03:26:31 DEBUG HomeLoanTest:76 - Extracted Cell: 
2025-07-30 03:26:31 DEBUG HomeLoanTest:76 - Extracted Cell: 
2025-07-30 03:26:31 DEBUG HomeLoanTest:76 - Extracted Cell: 
2025-07-30 03:26:31 DEBUG HomeLoanTest:76 - Extracted Cell: 
2025-07-30 03:26:31 DEBUG HomeLoanTest:76 - Extracted Cell: 
2025-07-30 03:26:31 DEBUG HomeLoanTest:76 - Extracted Cell: 
2025-07-30 03:26:31 DEBUG HomeLoanTest:76 - Extracted Cell: 
2025-07-30 03:26:31 DEBUG HomeLoanTest:76 - Extracted Cell: 
2025-07-30 03:26:31 DEBUG HomeLoanTest:76 - Extracted Cell: 
2025-07-30 03:26:31 DEBUG HomeLoanTest:76 - Extracted Cell: 
2025-07-30 03:26:31 DEBUG HomeLoanTest:76 - Extracted Cell: 
2025-07-30 03:26:31 DEBUG HomeLoanTest:76 - Extracted Cell: 
2025-07-30 03:26:31 DEBUG HomeLoanTest:76 - Extracted Cell: 
2025-07-30 03:26:31 DEBUG HomeLoanTest:76 - Extracted Cell: 
2025-07-30 03:26:31 DEBUG HomeLoanTest:76 - Extracted Cell: 
2025-07-30 03:26:31 DEBUG HomeLoanTest:76 - Extracted Cell: 
2025-07-30 03:26:31 DEBUG HomeLoanTest:76 - Extracted Cell: 
2025-07-30 03:26:31 DEBUG HomeLoanTest:76 - Extracted Cell: 
2025-07-30 03:26:31 DEBUG HomeLoanTest:76 - Extracted Cell: 
2025-07-30 03:26:31 DEBUG HomeLoanTest:76 - Extracted Cell: 
2025-07-30 03:26:31 DEBUG HomeLoanTest:76 - Extracted Cell: 
2025-07-30 03:26:31 DEBUG HomeLoanTest:76 - Extracted Cell: 
2025-07-30 03:26:31 DEBUG HomeLoanTest:76 - Extracted Cell: 
2025-07-30 03:26:31 DEBUG HomeLoanTest:76 - Extracted Cell: 
2025-07-30 03:26:31 DEBUG HomeLoanTest:76 - Extracted Cell: 
2025-07-30 03:26:31 DEBUG HomeLoanTest:76 - Extracted Cell: 
2025-07-30 03:26:31 DEBUG HomeLoanTest:76 - Extracted Cell: 
2025-07-30 03:26:31 DEBUG HomeLoanTest:76 - Extracted Cell: 
2025-07-30 03:26:31 DEBUG HomeLoanTest:76 - Extracted Cell: 
2025-07-30 03:26:31 DEBUG HomeLoanTest:76 - Extracted Cell: 
2025-07-30 03:26:31 DEBUG HomeLoanTest:76 - Extracted Cell: 
2025-07-30 03:26:31 DEBUG HomeLoanTest:76 - Extracted Cell: 
2025-07-30 03:26:31 DEBUG HomeLoanTest:76 - Extracted Cell: 
2025-07-30 03:26:31 DEBUG HomeLoanTest:76 - Extracted Cell: 
2025-07-30 03:26:32 DEBUG HomeLoanTest:76 - Extracted Cell: 2036
2025-07-30 03:26:32 DEBUG HomeLoanTest:76 - Extracted Cell: ₹ 37,012
2025-07-30 03:26:32 DEBUG HomeLoanTest:76 - Extracted Cell: ₹ 13,047
2025-07-30 03:26:32 DEBUG HomeLoanTest:76 - Extracted Cell: ₹ 3,00,30,250
2025-07-30 03:26:32 DEBUG HomeLoanTest:76 - Extracted Cell: ₹ 3,00,80,309
2025-07-30 03:26:32 DEBUG HomeLoanTest:76 - Extracted Cell: ₹ 1,53,677
2025-07-30 03:26:32 DEBUG HomeLoanTest:76 - Extracted Cell: 65.85%
2025-07-30 03:26:32 DEBUG HomeLoanTest:76 - Extracted Cell: 
2025-07-30 03:26:32 DEBUG HomeLoanTest:76 - Extracted Cell: 
2025-07-30 03:26:32 DEBUG HomeLoanTest:76 - Extracted Cell: 
2025-07-30 03:26:32 DEBUG HomeLoanTest:76 - Extracted Cell: 
2025-07-30 03:26:32 DEBUG HomeLoanTest:76 - Extracted Cell: 
2025-07-30 03:26:32 DEBUG HomeLoanTest:76 - Extracted Cell: 
2025-07-30 03:26:32 DEBUG HomeLoanTest:76 - Extracted Cell: 
2025-07-30 03:26:32 DEBUG HomeLoanTest:76 - Extracted Cell: 
2025-07-30 03:26:32 DEBUG HomeLoanTest:76 - Extracted Cell: 
2025-07-30 03:26:32 DEBUG HomeLoanTest:76 - Extracted Cell: 
2025-07-30 03:26:32 DEBUG HomeLoanTest:76 - Extracted Cell: 
2025-07-30 03:26:32 DEBUG HomeLoanTest:76 - Extracted Cell: 
2025-07-30 03:26:32 DEBUG HomeLoanTest:76 - Extracted Cell: 
2025-07-30 03:26:32 DEBUG HomeLoanTest:76 - Extracted Cell: 
2025-07-30 03:26:32 DEBUG HomeLoanTest:76 - Extracted Cell: 
2025-07-30 03:26:32 DEBUG HomeLoanTest:76 - Extracted Cell: 
2025-07-30 03:26:32 DEBUG HomeLoanTest:76 - Extracted Cell: 
2025-07-30 03:26:32 DEBUG HomeLoanTest:76 - Extracted Cell: 
2025-07-30 03:26:32 DEBUG HomeLoanTest:76 - Extracted Cell: 
2025-07-30 03:26:32 DEBUG HomeLoanTest:76 - Extracted Cell: 
2025-07-30 03:26:32 DEBUG HomeLoanTest:76 - Extracted Cell: 
2025-07-30 03:26:32 DEBUG HomeLoanTest:76 - Extracted Cell: 
2025-07-30 03:26:32 DEBUG HomeLoanTest:76 - Extracted Cell: 
2025-07-30 03:26:32 DEBUG HomeLoanTest:76 - Extracted Cell: 
2025-07-30 03:26:32 DEBUG HomeLoanTest:76 - Extracted Cell: 
2025-07-30 03:26:32 DEBUG HomeLoanTest:76 - Extracted Cell: 
2025-07-30 03:26:32 DEBUG HomeLoanTest:76 - Extracted Cell: 
2025-07-30 03:26:32 DEBUG HomeLoanTest:76 - Extracted Cell: 
2025-07-30 03:26:32 DEBUG HomeLoanTest:76 - Extracted Cell: 
2025-07-30 03:26:32 DEBUG HomeLoanTest:76 - Extracted Cell: 
2025-07-30 03:26:32 DEBUG HomeLoanTest:76 - Extracted Cell: 
2025-07-30 03:26:32 DEBUG HomeLoanTest:76 - Extracted Cell: 
2025-07-30 03:26:32 DEBUG HomeLoanTest:76 - Extracted Cell: 
2025-07-30 03:26:32 DEBUG HomeLoanTest:76 - Extracted Cell: 
2025-07-30 03:26:32 DEBUG HomeLoanTest:76 - Extracted Cell: 
2025-07-30 03:26:32 DEBUG HomeLoanTest:76 - Extracted Cell: 
2025-07-30 03:26:32 DEBUG HomeLoanTest:76 - Extracted Cell: 
2025-07-30 03:26:32 DEBUG HomeLoanTest:76 - Extracted Cell: 
2025-07-30 03:26:32 DEBUG HomeLoanTest:76 - Extracted Cell: 
2025-07-30 03:26:32 DEBUG HomeLoanTest:76 - Extracted Cell: 
2025-07-30 03:26:32 DEBUG HomeLoanTest:76 - Extracted Cell: 
2025-07-30 03:26:32 DEBUG HomeLoanTest:76 - Extracted Cell: 
2025-07-30 03:26:32 DEBUG HomeLoanTest:76 - Extracted Cell: 
2025-07-30 03:26:32 DEBUG HomeLoanTest:76 - Extracted Cell: 
2025-07-30 03:26:32 DEBUG HomeLoanTest:76 - Extracted Cell: 
2025-07-30 03:26:32 DEBUG HomeLoanTest:76 - Extracted Cell: 
2025-07-30 03:26:32 DEBUG HomeLoanTest:76 - Extracted Cell: 
2025-07-30 03:26:32 DEBUG HomeLoanTest:76 - Extracted Cell: 
2025-07-30 03:26:32 DEBUG HomeLoanTest:76 - Extracted Cell: 
2025-07-30 03:26:32 DEBUG HomeLoanTest:76 - Extracted Cell: 
2025-07-30 03:26:32 DEBUG HomeLoanTest:76 - Extracted Cell: 
2025-07-30 03:26:32 DEBUG HomeLoanTest:76 - Extracted Cell: 
2025-07-30 03:26:33 DEBUG HomeLoanTest:76 - Extracted Cell: 
2025-07-30 03:26:33 DEBUG HomeLoanTest:76 - Extracted Cell: 
2025-07-30 03:26:33 DEBUG HomeLoanTest:76 - Extracted Cell: 
2025-07-30 03:26:33 DEBUG HomeLoanTest:76 - Extracted Cell: 
2025-07-30 03:26:33 DEBUG HomeLoanTest:76 - Extracted Cell: 
2025-07-30 03:26:33 DEBUG HomeLoanTest:76 - Extracted Cell: 
2025-07-30 03:26:33 DEBUG HomeLoanTest:76 - Extracted Cell: 
2025-07-30 03:26:33 DEBUG HomeLoanTest:76 - Extracted Cell: 
2025-07-30 03:26:33 DEBUG HomeLoanTest:76 - Extracted Cell: 
2025-07-30 03:26:33 DEBUG HomeLoanTest:76 - Extracted Cell: 
2025-07-30 03:26:33 DEBUG HomeLoanTest:76 - Extracted Cell: 
2025-07-30 03:26:33 DEBUG HomeLoanTest:76 - Extracted Cell: 
2025-07-30 03:26:33 DEBUG HomeLoanTest:76 - Extracted Cell: 
2025-07-30 03:26:33 DEBUG HomeLoanTest:76 - Extracted Cell: 
2025-07-30 03:26:33 DEBUG HomeLoanTest:76 - Extracted Cell: 
2025-07-30 03:26:33 DEBUG HomeLoanTest:76 - Extracted Cell: 
2025-07-30 03:26:33 DEBUG HomeLoanTest:76 - Extracted Cell: 
2025-07-30 03:26:33 DEBUG HomeLoanTest:76 - Extracted Cell: 
2025-07-30 03:26:33 DEBUG HomeLoanTest:76 - Extracted Cell: 
2025-07-30 03:26:33 DEBUG HomeLoanTest:76 - Extracted Cell: 
2025-07-30 03:26:33 DEBUG HomeLoanTest:76 - Extracted Cell: 
2025-07-30 03:26:33 DEBUG HomeLoanTest:76 - Extracted Cell: 
2025-07-30 03:26:33 DEBUG HomeLoanTest:76 - Extracted Cell: 
2025-07-30 03:26:33 DEBUG HomeLoanTest:76 - Extracted Cell: 
2025-07-30 03:26:33 DEBUG HomeLoanTest:76 - Extracted Cell: 
2025-07-30 03:26:33 DEBUG HomeLoanTest:76 - Extracted Cell: 
2025-07-30 03:26:33 DEBUG HomeLoanTest:76 - Extracted Cell: 
2025-07-30 03:26:33 DEBUG HomeLoanTest:76 - Extracted Cell: 
2025-07-30 03:26:33 DEBUG HomeLoanTest:76 - Extracted Cell: 
2025-07-30 03:26:33 DEBUG HomeLoanTest:76 - Extracted Cell: 
2025-07-30 03:26:33 DEBUG HomeLoanTest:76 - Extracted Cell: 
2025-07-30 03:26:33 DEBUG HomeLoanTest:76 - Extracted Cell: 
2025-07-30 03:26:33 DEBUG HomeLoanTest:76 - Extracted Cell: 
2025-07-30 03:26:33 DEBUG HomeLoanTest:76 - Extracted Cell: 
2025-07-30 03:26:33 DEBUG HomeLoanTest:76 - Extracted Cell: 
2025-07-30 03:26:33 DEBUG HomeLoanTest:76 - Extracted Cell: 
2025-07-30 03:26:33 DEBUG HomeLoanTest:76 - Extracted Cell: 
2025-07-30 03:26:33 DEBUG HomeLoanTest:76 - Extracted Cell: 
2025-07-30 03:26:33 DEBUG HomeLoanTest:76 - Extracted Cell: 
2025-07-30 03:26:33 DEBUG HomeLoanTest:76 - Extracted Cell: 
2025-07-30 03:26:33 DEBUG HomeLoanTest:76 - Extracted Cell: 
2025-07-30 03:26:33 DEBUG HomeLoanTest:76 - Extracted Cell: 
2025-07-30 03:26:33 DEBUG HomeLoanTest:76 - Extracted Cell: 
2025-07-30 03:26:33 DEBUG HomeLoanTest:76 - Extracted Cell: 
2025-07-30 03:26:33 DEBUG HomeLoanTest:76 - Extracted Cell: 
2025-07-30 03:26:33 DEBUG HomeLoanTest:76 - Extracted Cell: 
2025-07-30 03:26:33 DEBUG HomeLoanTest:76 - Extracted Cell: 
2025-07-30 03:26:33 DEBUG HomeLoanTest:76 - Extracted Cell: 
2025-07-30 03:26:33 DEBUG HomeLoanTest:76 - Extracted Cell: 
2025-07-30 03:26:33 DEBUG HomeLoanTest:76 - Extracted Cell: 
2025-07-30 03:26:33 DEBUG HomeLoanTest:76 - Extracted Cell: 
2025-07-30 03:26:33 DEBUG HomeLoanTest:76 - Extracted Cell: 
2025-07-30 03:26:34 DEBUG HomeLoanTest:76 - Extracted Cell: 
2025-07-30 03:26:34 DEBUG HomeLoanTest:76 - Extracted Cell: 
2025-07-30 03:26:34 DEBUG HomeLoanTest:76 - Extracted Cell: 
2025-07-30 03:26:34 DEBUG HomeLoanTest:76 - Extracted Cell: 
2025-07-30 03:26:34 DEBUG HomeLoanTest:76 - Extracted Cell: 
2025-07-30 03:26:34 DEBUG HomeLoanTest:76 - Extracted Cell: 
2025-07-30 03:26:34 DEBUG HomeLoanTest:76 - Extracted Cell: 
2025-07-30 03:26:34 DEBUG HomeLoanTest:76 - Extracted Cell: 
2025-07-30 03:26:34 DEBUG HomeLoanTest:76 - Extracted Cell: 
2025-07-30 03:26:34 DEBUG HomeLoanTest:76 - Extracted Cell: 
2025-07-30 03:26:34 DEBUG HomeLoanTest:76 - Extracted Cell: 
2025-07-30 03:26:34 DEBUG HomeLoanTest:76 - Extracted Cell: 
2025-07-30 03:26:34 DEBUG HomeLoanTest:76 - Extracted Cell: 
2025-07-30 03:26:34 DEBUG HomeLoanTest:76 - Extracted Cell: 
2025-07-30 03:26:34 DEBUG HomeLoanTest:76 - Extracted Cell: 
2025-07-30 03:26:34 DEBUG HomeLoanTest:76 - Extracted Cell: 
2025-07-30 03:26:34 DEBUG HomeLoanTest:76 - Extracted Cell: 
2025-07-30 03:26:34 DEBUG HomeLoanTest:76 - Extracted Cell: 
2025-07-30 03:26:34 DEBUG HomeLoanTest:76 - Extracted Cell: 
2025-07-30 03:26:34 DEBUG HomeLoanTest:76 - Extracted Cell: 
2025-07-30 03:26:34 DEBUG HomeLoanTest:76 - Extracted Cell: 
2025-07-30 03:26:34 DEBUG HomeLoanTest:76 - Extracted Cell: 
2025-07-30 03:26:34 DEBUG HomeLoanTest:76 - Extracted Cell: 
2025-07-30 03:26:34 DEBUG HomeLoanTest:76 - Extracted Cell: 
2025-07-30 03:26:34 DEBUG HomeLoanTest:76 - Extracted Cell: 
2025-07-30 03:26:34 DEBUG HomeLoanTest:76 - Extracted Cell: 
2025-07-30 03:26:34 DEBUG HomeLoanTest:76 - Extracted Cell: 
2025-07-30 03:26:34 DEBUG HomeLoanTest:76 - Extracted Cell: 
2025-07-30 03:26:34 DEBUG HomeLoanTest:76 - Extracted Cell: 
2025-07-30 03:26:34 DEBUG HomeLoanTest:76 - Extracted Cell: 
2025-07-30 03:26:34 DEBUG HomeLoanTest:76 - Extracted Cell: 
2025-07-30 03:26:34 DEBUG HomeLoanTest:76 - Extracted Cell: 
2025-07-30 03:26:34 DEBUG HomeLoanTest:76 - Extracted Cell: 
2025-07-30 03:26:34 DEBUG HomeLoanTest:76 - Extracted Cell: 
2025-07-30 03:26:34 DEBUG HomeLoanTest:76 - Extracted Cell: 
2025-07-30 03:26:34 DEBUG HomeLoanTest:76 - Extracted Cell: 
2025-07-30 03:26:34 DEBUG HomeLoanTest:76 - Extracted Cell: 
2025-07-30 03:26:34 DEBUG HomeLoanTest:76 - Extracted Cell: 
2025-07-30 03:26:34 DEBUG HomeLoanTest:76 - Extracted Cell: 
2025-07-30 03:26:34 DEBUG HomeLoanTest:76 - Extracted Cell: 
2025-07-30 03:26:34 DEBUG HomeLoanTest:76 - Extracted Cell: 
2025-07-30 03:26:34 DEBUG HomeLoanTest:76 - Extracted Cell: 
2025-07-30 03:26:34 DEBUG HomeLoanTest:76 - Extracted Cell: 
2025-07-30 03:26:34 DEBUG HomeLoanTest:76 - Extracted Cell: 
2025-07-30 03:26:34 DEBUG HomeLoanTest:76 - Extracted Cell: 
2025-07-30 03:26:35 DEBUG HomeLoanTest:76 - Extracted Cell: 
2025-07-30 03:26:35 DEBUG HomeLoanTest:76 - Extracted Cell: 
2025-07-30 03:26:35 DEBUG HomeLoanTest:76 - Extracted Cell: 
2025-07-30 03:26:35 DEBUG HomeLoanTest:76 - Extracted Cell: 
2025-07-30 03:26:35 DEBUG HomeLoanTest:76 - Extracted Cell: 
2025-07-30 03:26:35 DEBUG HomeLoanTest:76 - Extracted Cell: 
2025-07-30 03:26:35 DEBUG HomeLoanTest:76 - Extracted Cell: 
2025-07-30 03:26:35 DEBUG HomeLoanTest:76 - Extracted Cell: 
2025-07-30 03:26:35 DEBUG HomeLoanTest:76 - Extracted Cell: 
2025-07-30 03:26:35 DEBUG HomeLoanTest:76 - Extracted Cell: 
2025-07-30 03:26:35 DEBUG HomeLoanTest:76 - Extracted Cell: 
2025-07-30 03:26:35 DEBUG HomeLoanTest:76 - Extracted Cell: 
2025-07-30 03:26:35 DEBUG HomeLoanTest:76 - Extracted Cell: 
2025-07-30 03:26:35 DEBUG HomeLoanTest:76 - Extracted Cell: 
2025-07-30 03:26:35 DEBUG HomeLoanTest:76 - Extracted Cell: 
2025-07-30 03:26:35 DEBUG HomeLoanTest:76 - Extracted Cell: 
2025-07-30 03:26:35 DEBUG HomeLoanTest:76 - Extracted Cell: 
2025-07-30 03:26:35 DEBUG HomeLoanTest:76 - Extracted Cell: 
2025-07-30 03:26:35 DEBUG HomeLoanTest:76 - Extracted Cell: 
2025-07-30 03:26:35 DEBUG HomeLoanTest:76 - Extracted Cell: 
2025-07-30 03:26:35 DEBUG HomeLoanTest:76 - Extracted Cell: 2037
2025-07-30 03:26:35 DEBUG HomeLoanTest:76 - Extracted Cell: ₹ 39,885
2025-07-30 03:26:35 DEBUG HomeLoanTest:76 - Extracted Cell: ₹ 10,173
2025-07-30 03:26:35 DEBUG HomeLoanTest:76 - Extracted Cell: ₹ 3,00,30,250
2025-07-30 03:26:35 DEBUG HomeLoanTest:76 - Extracted Cell: ₹ 3,00,80,309
2025-07-30 03:26:35 DEBUG HomeLoanTest:76 - Extracted Cell: ₹ 1,13,791
2025-07-30 03:26:35 DEBUG HomeLoanTest:76 - Extracted Cell: 74.71%
2025-07-30 03:26:35 DEBUG HomeLoanTest:76 - Extracted Cell: 
2025-07-30 03:26:35 DEBUG HomeLoanTest:76 - Extracted Cell: 
2025-07-30 03:26:35 DEBUG HomeLoanTest:76 - Extracted Cell: 
2025-07-30 03:26:35 DEBUG HomeLoanTest:76 - Extracted Cell: 
2025-07-30 03:26:35 DEBUG HomeLoanTest:76 - Extracted Cell: 
2025-07-30 03:26:35 DEBUG HomeLoanTest:76 - Extracted Cell: 
2025-07-30 03:26:35 DEBUG HomeLoanTest:76 - Extracted Cell: 
2025-07-30 03:26:35 DEBUG HomeLoanTest:76 - Extracted Cell: 
2025-07-30 03:26:35 DEBUG HomeLoanTest:76 - Extracted Cell: 
2025-07-30 03:26:35 DEBUG HomeLoanTest:76 - Extracted Cell: 
2025-07-30 03:26:35 DEBUG HomeLoanTest:76 - Extracted Cell: 
2025-07-30 03:26:35 DEBUG HomeLoanTest:76 - Extracted Cell: 
2025-07-30 03:26:35 DEBUG HomeLoanTest:76 - Extracted Cell: 
2025-07-30 03:26:35 DEBUG HomeLoanTest:76 - Extracted Cell: 
2025-07-30 03:26:35 DEBUG HomeLoanTest:76 - Extracted Cell: 
2025-07-30 03:26:35 DEBUG HomeLoanTest:76 - Extracted Cell: 
2025-07-30 03:26:35 DEBUG HomeLoanTest:76 - Extracted Cell: 
2025-07-30 03:26:35 DEBUG HomeLoanTest:76 - Extracted Cell: 
2025-07-30 03:26:35 DEBUG HomeLoanTest:76 - Extracted Cell: 
2025-07-30 03:26:35 DEBUG HomeLoanTest:76 - Extracted Cell: 
2025-07-30 03:26:35 DEBUG HomeLoanTest:76 - Extracted Cell: 
2025-07-30 03:26:35 DEBUG HomeLoanTest:76 - Extracted Cell: 
2025-07-30 03:26:35 DEBUG HomeLoanTest:76 - Extracted Cell: 
2025-07-30 03:26:35 DEBUG HomeLoanTest:76 - Extracted Cell: 
2025-07-30 03:26:36 DEBUG HomeLoanTest:76 - Extracted Cell: 
2025-07-30 03:26:36 DEBUG HomeLoanTest:76 - Extracted Cell: 
2025-07-30 03:26:36 DEBUG HomeLoanTest:76 - Extracted Cell: 
2025-07-30 03:26:36 DEBUG HomeLoanTest:76 - Extracted Cell: 
2025-07-30 03:26:36 DEBUG HomeLoanTest:76 - Extracted Cell: 
2025-07-30 03:26:36 DEBUG HomeLoanTest:76 - Extracted Cell: 
2025-07-30 03:26:36 DEBUG HomeLoanTest:76 - Extracted Cell: 
2025-07-30 03:26:36 DEBUG HomeLoanTest:76 - Extracted Cell: 
2025-07-30 03:26:36 DEBUG HomeLoanTest:76 - Extracted Cell: 
2025-07-30 03:26:36 DEBUG HomeLoanTest:76 - Extracted Cell: 
2025-07-30 03:26:36 DEBUG HomeLoanTest:76 - Extracted Cell: 
2025-07-30 03:26:36 DEBUG HomeLoanTest:76 - Extracted Cell: 
2025-07-30 03:26:36 DEBUG HomeLoanTest:76 - Extracted Cell: 
2025-07-30 03:26:36 DEBUG HomeLoanTest:76 - Extracted Cell: 
2025-07-30 03:26:36 DEBUG HomeLoanTest:76 - Extracted Cell: 
2025-07-30 03:26:36 DEBUG HomeLoanTest:76 - Extracted Cell: 
2025-07-30 03:26:36 DEBUG HomeLoanTest:76 - Extracted Cell: 
2025-07-30 03:26:36 DEBUG HomeLoanTest:76 - Extracted Cell: 
2025-07-30 03:26:36 DEBUG HomeLoanTest:76 - Extracted Cell: 
2025-07-30 03:26:36 DEBUG HomeLoanTest:76 - Extracted Cell: 
2025-07-30 03:26:36 DEBUG HomeLoanTest:76 - Extracted Cell: 
2025-07-30 03:26:36 DEBUG HomeLoanTest:76 - Extracted Cell: 
2025-07-30 03:26:36 DEBUG HomeLoanTest:76 - Extracted Cell: 
2025-07-30 03:26:36 DEBUG HomeLoanTest:76 - Extracted Cell: 
2025-07-30 03:26:36 DEBUG HomeLoanTest:76 - Extracted Cell: 
2025-07-30 03:26:36 DEBUG HomeLoanTest:76 - Extracted Cell: 
2025-07-30 03:26:36 DEBUG HomeLoanTest:76 - Extracted Cell: 
2025-07-30 03:26:36 DEBUG HomeLoanTest:76 - Extracted Cell: 
2025-07-30 03:26:36 DEBUG HomeLoanTest:76 - Extracted Cell: 
2025-07-30 03:26:36 DEBUG HomeLoanTest:76 - Extracted Cell: 
2025-07-30 03:26:36 DEBUG HomeLoanTest:76 - Extracted Cell: 
2025-07-30 03:26:36 DEBUG HomeLoanTest:76 - Extracted Cell: 
2025-07-30 03:26:36 DEBUG HomeLoanTest:76 - Extracted Cell: 
2025-07-30 03:26:36 DEBUG HomeLoanTest:76 - Extracted Cell: 
2025-07-30 03:26:36 DEBUG HomeLoanTest:76 - Extracted Cell: 
2025-07-30 03:26:36 DEBUG HomeLoanTest:76 - Extracted Cell: 
2025-07-30 03:26:36 DEBUG HomeLoanTest:76 - Extracted Cell: 
2025-07-30 03:26:36 DEBUG HomeLoanTest:76 - Extracted Cell: 
2025-07-30 03:26:36 DEBUG HomeLoanTest:76 - Extracted Cell: 
2025-07-30 03:26:36 DEBUG HomeLoanTest:76 - Extracted Cell: 
2025-07-30 03:26:36 DEBUG HomeLoanTest:76 - Extracted Cell: 
2025-07-30 03:26:36 DEBUG HomeLoanTest:76 - Extracted Cell: 
2025-07-30 03:26:36 DEBUG HomeLoanTest:76 - Extracted Cell: 
2025-07-30 03:26:36 DEBUG HomeLoanTest:76 - Extracted Cell: 
2025-07-30 03:26:36 DEBUG HomeLoanTest:76 - Extracted Cell: 
2025-07-30 03:26:36 DEBUG HomeLoanTest:76 - Extracted Cell: 
2025-07-30 03:26:36 DEBUG HomeLoanTest:76 - Extracted Cell: 
2025-07-30 03:26:36 DEBUG HomeLoanTest:76 - Extracted Cell: 
2025-07-30 03:26:36 DEBUG HomeLoanTest:76 - Extracted Cell: 
2025-07-30 03:26:36 DEBUG HomeLoanTest:76 - Extracted Cell: 
2025-07-30 03:26:36 DEBUG HomeLoanTest:76 - Extracted Cell: 
2025-07-30 03:26:36 DEBUG HomeLoanTest:76 - Extracted Cell: 
2025-07-30 03:26:36 DEBUG HomeLoanTest:76 - Extracted Cell: 
2025-07-30 03:26:36 DEBUG HomeLoanTest:76 - Extracted Cell: 
2025-07-30 03:26:37 DEBUG HomeLoanTest:76 - Extracted Cell: 
2025-07-30 03:26:37 DEBUG HomeLoanTest:76 - Extracted Cell: 
2025-07-30 03:26:37 DEBUG HomeLoanTest:76 - Extracted Cell: 
2025-07-30 03:26:37 DEBUG HomeLoanTest:76 - Extracted Cell: 
2025-07-30 03:26:37 DEBUG HomeLoanTest:76 - Extracted Cell: 
2025-07-30 03:26:37 DEBUG HomeLoanTest:76 - Extracted Cell: 
2025-07-30 03:26:37 DEBUG HomeLoanTest:76 - Extracted Cell: 
2025-07-30 03:26:37 DEBUG HomeLoanTest:76 - Extracted Cell: 
2025-07-30 03:26:37 DEBUG HomeLoanTest:76 - Extracted Cell: 
2025-07-30 03:26:37 DEBUG HomeLoanTest:76 - Extracted Cell: 
2025-07-30 03:26:37 DEBUG HomeLoanTest:76 - Extracted Cell: 
2025-07-30 03:26:37 DEBUG HomeLoanTest:76 - Extracted Cell: 
2025-07-30 03:26:37 DEBUG HomeLoanTest:76 - Extracted Cell: 
2025-07-30 03:26:37 DEBUG HomeLoanTest:76 - Extracted Cell: 
2025-07-30 03:26:37 DEBUG HomeLoanTest:76 - Extracted Cell: 
2025-07-30 03:26:37 DEBUG HomeLoanTest:76 - Extracted Cell: 
2025-07-30 03:26:37 DEBUG HomeLoanTest:76 - Extracted Cell: 
2025-07-30 03:26:37 DEBUG HomeLoanTest:76 - Extracted Cell: 
2025-07-30 03:26:37 DEBUG HomeLoanTest:76 - Extracted Cell: 
2025-07-30 03:26:37 DEBUG HomeLoanTest:76 - Extracted Cell: 
2025-07-30 03:26:37 DEBUG HomeLoanTest:76 - Extracted Cell: 
2025-07-30 03:26:37 DEBUG HomeLoanTest:76 - Extracted Cell: 
2025-07-30 03:26:37 DEBUG HomeLoanTest:76 - Extracted Cell: 
2025-07-30 03:26:37 DEBUG HomeLoanTest:76 - Extracted Cell: 
2025-07-30 03:26:37 DEBUG HomeLoanTest:76 - Extracted Cell: 
2025-07-30 03:26:37 DEBUG HomeLoanTest:76 - Extracted Cell: 
2025-07-30 03:26:37 DEBUG HomeLoanTest:76 - Extracted Cell: 
2025-07-30 03:26:37 DEBUG HomeLoanTest:76 - Extracted Cell: 
2025-07-30 03:26:37 DEBUG HomeLoanTest:76 - Extracted Cell: 
2025-07-30 03:26:37 DEBUG HomeLoanTest:76 - Extracted Cell: 
2025-07-30 03:26:37 DEBUG HomeLoanTest:76 - Extracted Cell: 
2025-07-30 03:26:37 DEBUG HomeLoanTest:76 - Extracted Cell: 
2025-07-30 03:26:37 DEBUG HomeLoanTest:76 - Extracted Cell: 
2025-07-30 03:26:37 DEBUG HomeLoanTest:76 - Extracted Cell: 
2025-07-30 03:26:37 DEBUG HomeLoanTest:76 - Extracted Cell: 
2025-07-30 03:26:38 DEBUG HomeLoanTest:76 - Extracted Cell: 
2025-07-30 03:26:38 DEBUG HomeLoanTest:76 - Extracted Cell: 
2025-07-30 03:26:38 DEBUG HomeLoanTest:76 - Extracted Cell: 
2025-07-30 03:26:38 DEBUG HomeLoanTest:76 - Extracted Cell: 
2025-07-30 03:26:38 DEBUG HomeLoanTest:76 - Extracted Cell: 
2025-07-30 03:26:38 DEBUG HomeLoanTest:76 - Extracted Cell: 
2025-07-30 03:26:38 DEBUG HomeLoanTest:76 - Extracted Cell: 
2025-07-30 03:26:38 DEBUG HomeLoanTest:76 - Extracted Cell: 
2025-07-30 03:26:38 DEBUG HomeLoanTest:76 - Extracted Cell: 
2025-07-30 03:26:38 DEBUG HomeLoanTest:76 - Extracted Cell: 
2025-07-30 03:26:38 DEBUG HomeLoanTest:76 - Extracted Cell: 
2025-07-30 03:26:38 DEBUG HomeLoanTest:76 - Extracted Cell: 
2025-07-30 03:26:38 DEBUG HomeLoanTest:76 - Extracted Cell: 
2025-07-30 03:26:38 DEBUG HomeLoanTest:76 - Extracted Cell: 
2025-07-30 03:26:38 DEBUG HomeLoanTest:76 - Extracted Cell: 
2025-07-30 03:26:38 DEBUG HomeLoanTest:76 - Extracted Cell: 
2025-07-30 03:26:38 DEBUG HomeLoanTest:76 - Extracted Cell: 
2025-07-30 03:26:38 DEBUG HomeLoanTest:76 - Extracted Cell: 
2025-07-30 03:26:38 DEBUG HomeLoanTest:76 - Extracted Cell: 
2025-07-30 03:26:38 DEBUG HomeLoanTest:76 - Extracted Cell: 
2025-07-30 03:26:38 DEBUG HomeLoanTest:76 - Extracted Cell: 
2025-07-30 03:26:38 DEBUG HomeLoanTest:76 - Extracted Cell: 
2025-07-30 03:26:38 DEBUG HomeLoanTest:76 - Extracted Cell: 
2025-07-30 03:26:38 DEBUG HomeLoanTest:76 - Extracted Cell: 
2025-07-30 03:26:38 DEBUG HomeLoanTest:76 - Extracted Cell: 
2025-07-30 03:26:38 DEBUG HomeLoanTest:76 - Extracted Cell: 
2025-07-30 03:26:38 DEBUG HomeLoanTest:76 - Extracted Cell: 
2025-07-30 03:26:38 DEBUG HomeLoanTest:76 - Extracted Cell: 
2025-07-30 03:26:38 DEBUG HomeLoanTest:76 - Extracted Cell: 
2025-07-30 03:26:38 DEBUG HomeLoanTest:76 - Extracted Cell: 
2025-07-30 03:26:38 DEBUG HomeLoanTest:76 - Extracted Cell: 
2025-07-30 03:26:38 DEBUG HomeLoanTest:76 - Extracted Cell: 
2025-07-30 03:26:38 DEBUG HomeLoanTest:76 - Extracted Cell: 
2025-07-30 03:26:38 DEBUG HomeLoanTest:76 - Extracted Cell: 
2025-07-30 03:26:38 DEBUG HomeLoanTest:76 - Extracted Cell: 
2025-07-30 03:26:38 DEBUG HomeLoanTest:76 - Extracted Cell: 
2025-07-30 03:26:38 DEBUG HomeLoanTest:76 - Extracted Cell: 
2025-07-30 03:26:38 DEBUG HomeLoanTest:76 - Extracted Cell: 
2025-07-30 03:26:38 DEBUG HomeLoanTest:76 - Extracted Cell: 
2025-07-30 03:26:38 DEBUG HomeLoanTest:76 - Extracted Cell: 
2025-07-30 03:26:38 DEBUG HomeLoanTest:76 - Extracted Cell: 
2025-07-30 03:26:38 DEBUG HomeLoanTest:76 - Extracted Cell: 
2025-07-30 03:26:39 DEBUG HomeLoanTest:76 - Extracted Cell: 
2025-07-30 03:26:39 DEBUG HomeLoanTest:76 - Extracted Cell: 
2025-07-30 03:26:39 DEBUG HomeLoanTest:76 - Extracted Cell: 
2025-07-30 03:26:39 DEBUG HomeLoanTest:76 - Extracted Cell: 
2025-07-30 03:26:39 DEBUG HomeLoanTest:76 - Extracted Cell: 
2025-07-30 03:26:39 DEBUG HomeLoanTest:76 - Extracted Cell: 
2025-07-30 03:26:39 DEBUG HomeLoanTest:76 - Extracted Cell: 
2025-07-30 03:26:39 DEBUG HomeLoanTest:76 - Extracted Cell: 
2025-07-30 03:26:39 DEBUG HomeLoanTest:76 - Extracted Cell: 
2025-07-30 03:26:39 DEBUG HomeLoanTest:76 - Extracted Cell: 
2025-07-30 03:26:39 DEBUG HomeLoanTest:76 - Extracted Cell: 
2025-07-30 03:26:39 DEBUG HomeLoanTest:76 - Extracted Cell: 
2025-07-30 03:26:39 DEBUG HomeLoanTest:76 - Extracted Cell: 
2025-07-30 03:26:39 DEBUG HomeLoanTest:76 - Extracted Cell: 
2025-07-30 03:26:39 DEBUG HomeLoanTest:76 - Extracted Cell: 2038
2025-07-30 03:26:39 DEBUG HomeLoanTest:76 - Extracted Cell: ₹ 42,982
2025-07-30 03:26:39 DEBUG HomeLoanTest:76 - Extracted Cell: ₹ 7,077
2025-07-30 03:26:39 DEBUG HomeLoanTest:76 - Extracted Cell: ₹ 3,00,30,250
2025-07-30 03:26:39 DEBUG HomeLoanTest:76 - Extracted Cell: ₹ 3,00,80,309
2025-07-30 03:26:39 DEBUG HomeLoanTest:76 - Extracted Cell: ₹ 70,809
2025-07-30 03:26:39 DEBUG HomeLoanTest:76 - Extracted Cell: 84.26%
2025-07-30 03:26:39 DEBUG HomeLoanTest:76 - Extracted Cell: 
2025-07-30 03:26:39 DEBUG HomeLoanTest:76 - Extracted Cell: 
2025-07-30 03:26:39 DEBUG HomeLoanTest:76 - Extracted Cell: 
2025-07-30 03:26:39 DEBUG HomeLoanTest:76 - Extracted Cell: 
2025-07-30 03:26:39 DEBUG HomeLoanTest:76 - Extracted Cell: 
2025-07-30 03:26:39 DEBUG HomeLoanTest:76 - Extracted Cell: 
2025-07-30 03:26:39 DEBUG HomeLoanTest:76 - Extracted Cell: 
2025-07-30 03:26:39 DEBUG HomeLoanTest:76 - Extracted Cell: 
2025-07-30 03:26:39 DEBUG HomeLoanTest:76 - Extracted Cell: 
2025-07-30 03:26:39 DEBUG HomeLoanTest:76 - Extracted Cell: 
2025-07-30 03:26:39 DEBUG HomeLoanTest:76 - Extracted Cell: 
2025-07-30 03:26:39 DEBUG HomeLoanTest:76 - Extracted Cell: 
2025-07-30 03:26:39 DEBUG HomeLoanTest:76 - Extracted Cell: 
2025-07-30 03:26:39 DEBUG HomeLoanTest:76 - Extracted Cell: 
2025-07-30 03:26:39 DEBUG HomeLoanTest:76 - Extracted Cell: 
2025-07-30 03:26:39 DEBUG HomeLoanTest:76 - Extracted Cell: 
2025-07-30 03:26:39 DEBUG HomeLoanTest:76 - Extracted Cell: 
2025-07-30 03:26:39 DEBUG HomeLoanTest:76 - Extracted Cell: 
2025-07-30 03:26:39 DEBUG HomeLoanTest:76 - Extracted Cell: 
2025-07-30 03:26:39 DEBUG HomeLoanTest:76 - Extracted Cell: 
2025-07-30 03:26:39 DEBUG HomeLoanTest:76 - Extracted Cell: 
2025-07-30 03:26:39 DEBUG HomeLoanTest:76 - Extracted Cell: 
2025-07-30 03:26:39 DEBUG HomeLoanTest:76 - Extracted Cell: 
2025-07-30 03:26:39 DEBUG HomeLoanTest:76 - Extracted Cell: 
2025-07-30 03:26:39 DEBUG HomeLoanTest:76 - Extracted Cell: 
2025-07-30 03:26:39 DEBUG HomeLoanTest:76 - Extracted Cell: 
2025-07-30 03:26:39 DEBUG HomeLoanTest:76 - Extracted Cell: 
2025-07-30 03:26:39 DEBUG HomeLoanTest:76 - Extracted Cell: 
2025-07-30 03:26:39 DEBUG HomeLoanTest:76 - Extracted Cell: 
2025-07-30 03:26:39 DEBUG HomeLoanTest:76 - Extracted Cell: 
2025-07-30 03:26:39 DEBUG HomeLoanTest:76 - Extracted Cell: 
2025-07-30 03:26:39 DEBUG HomeLoanTest:76 - Extracted Cell: 
2025-07-30 03:26:39 DEBUG HomeLoanTest:76 - Extracted Cell: 
2025-07-30 03:26:39 DEBUG HomeLoanTest:76 - Extracted Cell: 
2025-07-30 03:26:39 DEBUG HomeLoanTest:76 - Extracted Cell: 
2025-07-30 03:26:39 DEBUG HomeLoanTest:76 - Extracted Cell: 
2025-07-30 03:26:39 DEBUG HomeLoanTest:76 - Extracted Cell: 
2025-07-30 03:26:39 DEBUG HomeLoanTest:76 - Extracted Cell: 
2025-07-30 03:26:40 DEBUG HomeLoanTest:76 - Extracted Cell: 
2025-07-30 03:26:40 DEBUG HomeLoanTest:76 - Extracted Cell: 
2025-07-30 03:26:40 DEBUG HomeLoanTest:76 - Extracted Cell: 
2025-07-30 03:26:40 DEBUG HomeLoanTest:76 - Extracted Cell: 
2025-07-30 03:26:40 DEBUG HomeLoanTest:76 - Extracted Cell: 
2025-07-30 03:26:40 DEBUG HomeLoanTest:76 - Extracted Cell: 
2025-07-30 03:26:40 DEBUG HomeLoanTest:76 - Extracted Cell: 
2025-07-30 03:26:40 DEBUG HomeLoanTest:76 - Extracted Cell: 
2025-07-30 03:26:40 DEBUG HomeLoanTest:76 - Extracted Cell: 
2025-07-30 03:26:40 DEBUG HomeLoanTest:76 - Extracted Cell: 
2025-07-30 03:26:40 DEBUG HomeLoanTest:76 - Extracted Cell: 
2025-07-30 03:26:40 DEBUG HomeLoanTest:76 - Extracted Cell: 
2025-07-30 03:26:40 DEBUG HomeLoanTest:76 - Extracted Cell: 
2025-07-30 03:26:40 DEBUG HomeLoanTest:76 - Extracted Cell: 
2025-07-30 03:26:40 DEBUG HomeLoanTest:76 - Extracted Cell: 
2025-07-30 03:26:40 DEBUG HomeLoanTest:76 - Extracted Cell: 
2025-07-30 03:26:40 DEBUG HomeLoanTest:76 - Extracted Cell: 
2025-07-30 03:26:40 DEBUG HomeLoanTest:76 - Extracted Cell: 
2025-07-30 03:26:40 DEBUG HomeLoanTest:76 - Extracted Cell: 
2025-07-30 03:26:40 DEBUG HomeLoanTest:76 - Extracted Cell: 
2025-07-30 03:26:40 DEBUG HomeLoanTest:76 - Extracted Cell: 
2025-07-30 03:26:40 DEBUG HomeLoanTest:76 - Extracted Cell: 
2025-07-30 03:26:40 DEBUG HomeLoanTest:76 - Extracted Cell: 
2025-07-30 03:26:40 DEBUG HomeLoanTest:76 - Extracted Cell: 
2025-07-30 03:26:40 DEBUG HomeLoanTest:76 - Extracted Cell: 
2025-07-30 03:26:40 DEBUG HomeLoanTest:76 - Extracted Cell: 
2025-07-30 03:26:40 DEBUG HomeLoanTest:76 - Extracted Cell: 
2025-07-30 03:26:40 DEBUG HomeLoanTest:76 - Extracted Cell: 
2025-07-30 03:26:40 DEBUG HomeLoanTest:76 - Extracted Cell: 
2025-07-30 03:26:40 DEBUG HomeLoanTest:76 - Extracted Cell: 
2025-07-30 03:26:40 DEBUG HomeLoanTest:76 - Extracted Cell: 
2025-07-30 03:26:40 DEBUG HomeLoanTest:76 - Extracted Cell: 
2025-07-30 03:26:40 DEBUG HomeLoanTest:76 - Extracted Cell: 
2025-07-30 03:26:40 DEBUG HomeLoanTest:76 - Extracted Cell: 
2025-07-30 03:26:40 DEBUG HomeLoanTest:76 - Extracted Cell: 
2025-07-30 03:26:40 DEBUG HomeLoanTest:76 - Extracted Cell: 
2025-07-30 03:26:40 DEBUG HomeLoanTest:76 - Extracted Cell: 
2025-07-30 03:26:40 DEBUG HomeLoanTest:76 - Extracted Cell: 
2025-07-30 03:26:40 DEBUG HomeLoanTest:76 - Extracted Cell: 
2025-07-30 03:26:40 DEBUG HomeLoanTest:76 - Extracted Cell: 
2025-07-30 03:26:40 DEBUG HomeLoanTest:76 - Extracted Cell: 
2025-07-30 03:26:40 DEBUG HomeLoanTest:76 - Extracted Cell: 
2025-07-30 03:26:40 DEBUG HomeLoanTest:76 - Extracted Cell: 
2025-07-30 03:26:40 DEBUG HomeLoanTest:76 - Extracted Cell: 
2025-07-30 03:26:40 DEBUG HomeLoanTest:76 - Extracted Cell: 
2025-07-30 03:26:40 DEBUG HomeLoanTest:76 - Extracted Cell: 
2025-07-30 03:26:40 DEBUG HomeLoanTest:76 - Extracted Cell: 
2025-07-30 03:26:40 DEBUG HomeLoanTest:76 - Extracted Cell: 
2025-07-30 03:26:40 DEBUG HomeLoanTest:76 - Extracted Cell: 
2025-07-30 03:26:40 DEBUG HomeLoanTest:76 - Extracted Cell: 
2025-07-30 03:26:40 DEBUG HomeLoanTest:76 - Extracted Cell: 
2025-07-30 03:26:40 DEBUG HomeLoanTest:76 - Extracted Cell: 
2025-07-30 03:26:40 DEBUG HomeLoanTest:76 - Extracted Cell: 
2025-07-30 03:26:40 DEBUG HomeLoanTest:76 - Extracted Cell: 
2025-07-30 03:26:40 DEBUG HomeLoanTest:76 - Extracted Cell: 
2025-07-30 03:26:40 DEBUG HomeLoanTest:76 - Extracted Cell: 
2025-07-30 03:26:40 DEBUG HomeLoanTest:76 - Extracted Cell: 
2025-07-30 03:26:40 DEBUG HomeLoanTest:76 - Extracted Cell: 
2025-07-30 03:26:40 DEBUG HomeLoanTest:76 - Extracted Cell: 
2025-07-30 03:26:40 DEBUG HomeLoanTest:76 - Extracted Cell: 
2025-07-30 03:26:40 DEBUG HomeLoanTest:76 - Extracted Cell: 
2025-07-30 03:26:40 DEBUG HomeLoanTest:76 - Extracted Cell: 
2025-07-30 03:26:40 DEBUG HomeLoanTest:76 - Extracted Cell: 
2025-07-30 03:26:40 DEBUG HomeLoanTest:76 - Extracted Cell: 
2025-07-30 03:26:40 DEBUG HomeLoanTest:76 - Extracted Cell: 
2025-07-30 03:26:40 DEBUG HomeLoanTest:76 - Extracted Cell: 
2025-07-30 03:26:40 DEBUG HomeLoanTest:76 - Extracted Cell: 
2025-07-30 03:26:40 DEBUG HomeLoanTest:76 - Extracted Cell: 
2025-07-30 03:26:40 DEBUG HomeLoanTest:76 - Extracted Cell: 
2025-07-30 03:26:40 DEBUG HomeLoanTest:76 - Extracted Cell: 
2025-07-30 03:26:40 DEBUG HomeLoanTest:76 - Extracted Cell: 
2025-07-30 03:26:40 DEBUG HomeLoanTest:76 - Extracted Cell: 
2025-07-30 03:26:40 DEBUG HomeLoanTest:76 - Extracted Cell: 
2025-07-30 03:26:40 DEBUG HomeLoanTest:76 - Extracted Cell: 
2025-07-30 03:26:40 DEBUG HomeLoanTest:76 - Extracted Cell: 
2025-07-30 03:26:40 DEBUG HomeLoanTest:76 - Extracted Cell: 
2025-07-30 03:26:40 DEBUG HomeLoanTest:76 - Extracted Cell: 
2025-07-30 03:26:40 DEBUG HomeLoanTest:76 - Extracted Cell: 
2025-07-30 03:26:40 DEBUG HomeLoanTest:76 - Extracted Cell: 
2025-07-30 03:26:40 DEBUG HomeLoanTest:76 - Extracted Cell: 
2025-07-30 03:26:40 DEBUG HomeLoanTest:76 - Extracted Cell: 
2025-07-30 03:26:41 DEBUG HomeLoanTest:76 - Extracted Cell: 
2025-07-30 03:26:41 DEBUG HomeLoanTest:76 - Extracted Cell: 
2025-07-30 03:26:41 DEBUG HomeLoanTest:76 - Extracted Cell: 
2025-07-30 03:26:41 DEBUG HomeLoanTest:76 - Extracted Cell: 
2025-07-30 03:26:41 DEBUG HomeLoanTest:76 - Extracted Cell: 
2025-07-30 03:26:41 DEBUG HomeLoanTest:76 - Extracted Cell: 
2025-07-30 03:26:41 DEBUG HomeLoanTest:76 - Extracted Cell: 
2025-07-30 03:26:41 DEBUG HomeLoanTest:76 - Extracted Cell: 
2025-07-30 03:26:41 DEBUG HomeLoanTest:76 - Extracted Cell: 
2025-07-30 03:26:41 DEBUG HomeLoanTest:76 - Extracted Cell: 
2025-07-30 03:26:41 DEBUG HomeLoanTest:76 - Extracted Cell: 
2025-07-30 03:26:41 DEBUG HomeLoanTest:76 - Extracted Cell: 
2025-07-30 03:26:41 DEBUG HomeLoanTest:76 - Extracted Cell: 
2025-07-30 03:26:41 DEBUG HomeLoanTest:76 - Extracted Cell: 
2025-07-30 03:26:41 DEBUG HomeLoanTest:76 - Extracted Cell: 
2025-07-30 03:26:41 DEBUG HomeLoanTest:76 - Extracted Cell: 
2025-07-30 03:26:41 DEBUG HomeLoanTest:76 - Extracted Cell: 
2025-07-30 03:26:41 DEBUG HomeLoanTest:76 - Extracted Cell: 
2025-07-30 03:26:41 DEBUG HomeLoanTest:76 - Extracted Cell: 
2025-07-30 03:26:41 DEBUG HomeLoanTest:76 - Extracted Cell: 
2025-07-30 03:26:41 DEBUG HomeLoanTest:76 - Extracted Cell: 
2025-07-30 03:26:41 DEBUG HomeLoanTest:76 - Extracted Cell: 
2025-07-30 03:26:41 DEBUG HomeLoanTest:76 - Extracted Cell: 
2025-07-30 03:26:41 DEBUG HomeLoanTest:76 - Extracted Cell: 
2025-07-30 03:26:41 DEBUG HomeLoanTest:76 - Extracted Cell: 
2025-07-30 03:26:41 DEBUG HomeLoanTest:76 - Extracted Cell: 
2025-07-30 03:26:41 DEBUG HomeLoanTest:76 - Extracted Cell: 
2025-07-30 03:26:41 DEBUG HomeLoanTest:76 - Extracted Cell: 
2025-07-30 03:26:41 DEBUG HomeLoanTest:76 - Extracted Cell: 
2025-07-30 03:26:41 DEBUG HomeLoanTest:76 - Extracted Cell: 
2025-07-30 03:26:41 DEBUG HomeLoanTest:76 - Extracted Cell: 
2025-07-30 03:26:41 DEBUG HomeLoanTest:76 - Extracted Cell: 
2025-07-30 03:26:41 DEBUG HomeLoanTest:76 - Extracted Cell: 
2025-07-30 03:26:41 DEBUG HomeLoanTest:76 - Extracted Cell: 
2025-07-30 03:26:41 DEBUG HomeLoanTest:76 - Extracted Cell: 
2025-07-30 03:26:41 DEBUG HomeLoanTest:76 - Extracted Cell: 
2025-07-30 03:26:41 DEBUG HomeLoanTest:76 - Extracted Cell: 
2025-07-30 03:26:41 DEBUG HomeLoanTest:76 - Extracted Cell: 
2025-07-30 03:26:41 DEBUG HomeLoanTest:76 - Extracted Cell: 
2025-07-30 03:26:41 DEBUG HomeLoanTest:76 - Extracted Cell: 
2025-07-30 03:26:41 DEBUG HomeLoanTest:76 - Extracted Cell: 
2025-07-30 03:26:41 DEBUG HomeLoanTest:76 - Extracted Cell: 
2025-07-30 03:26:41 DEBUG HomeLoanTest:76 - Extracted Cell: 
2025-07-30 03:26:41 DEBUG HomeLoanTest:76 - Extracted Cell: 
2025-07-30 03:26:41 DEBUG HomeLoanTest:76 - Extracted Cell: 
2025-07-30 03:26:41 DEBUG HomeLoanTest:76 - Extracted Cell: 
2025-07-30 03:26:41 DEBUG HomeLoanTest:76 - Extracted Cell: 
2025-07-30 03:26:41 DEBUG HomeLoanTest:76 - Extracted Cell: 
2025-07-30 03:26:41 DEBUG HomeLoanTest:76 - Extracted Cell: 
2025-07-30 03:26:41 DEBUG HomeLoanTest:76 - Extracted Cell: 
2025-07-30 03:26:41 DEBUG HomeLoanTest:76 - Extracted Cell: 2039
2025-07-30 03:26:41 DEBUG HomeLoanTest:76 - Extracted Cell: ₹ 46,319
2025-07-30 03:26:41 DEBUG HomeLoanTest:76 - Extracted Cell: ₹ 3,740
2025-07-30 03:26:41 DEBUG HomeLoanTest:76 - Extracted Cell: ₹ 3,00,30,250
2025-07-30 03:26:41 DEBUG HomeLoanTest:76 - Extracted Cell: ₹ 3,00,80,309
2025-07-30 03:26:41 DEBUG HomeLoanTest:76 - Extracted Cell: ₹ 24,491
2025-07-30 03:26:41 DEBUG HomeLoanTest:76 - Extracted Cell: 94.56%
2025-07-30 03:26:41 DEBUG HomeLoanTest:76 - Extracted Cell: 
2025-07-30 03:26:41 DEBUG HomeLoanTest:76 - Extracted Cell: 
2025-07-30 03:26:42 DEBUG HomeLoanTest:76 - Extracted Cell: 
2025-07-30 03:26:42 DEBUG HomeLoanTest:76 - Extracted Cell: 
2025-07-30 03:26:42 DEBUG HomeLoanTest:76 - Extracted Cell: 
2025-07-30 03:26:42 DEBUG HomeLoanTest:76 - Extracted Cell: 
2025-07-30 03:26:42 DEBUG HomeLoanTest:76 - Extracted Cell: 
2025-07-30 03:26:42 DEBUG HomeLoanTest:76 - Extracted Cell: 
2025-07-30 03:26:42 DEBUG HomeLoanTest:76 - Extracted Cell: 
2025-07-30 03:26:42 DEBUG HomeLoanTest:76 - Extracted Cell: 
2025-07-30 03:26:42 DEBUG HomeLoanTest:76 - Extracted Cell: 
2025-07-30 03:26:42 DEBUG HomeLoanTest:76 - Extracted Cell: 
2025-07-30 03:26:42 DEBUG HomeLoanTest:76 - Extracted Cell: 
2025-07-30 03:26:42 DEBUG HomeLoanTest:76 - Extracted Cell: 
2025-07-30 03:26:42 DEBUG HomeLoanTest:76 - Extracted Cell: 
2025-07-30 03:26:42 DEBUG HomeLoanTest:76 - Extracted Cell: 
2025-07-30 03:26:42 DEBUG HomeLoanTest:76 - Extracted Cell: 
2025-07-30 03:26:42 DEBUG HomeLoanTest:76 - Extracted Cell: 
2025-07-30 03:26:42 DEBUG HomeLoanTest:76 - Extracted Cell: 
2025-07-30 03:26:42 DEBUG HomeLoanTest:76 - Extracted Cell: 
2025-07-30 03:26:42 DEBUG HomeLoanTest:76 - Extracted Cell: 
2025-07-30 03:26:42 DEBUG HomeLoanTest:76 - Extracted Cell: 
2025-07-30 03:26:42 DEBUG HomeLoanTest:76 - Extracted Cell: 
2025-07-30 03:26:42 DEBUG HomeLoanTest:76 - Extracted Cell: 
2025-07-30 03:26:42 DEBUG HomeLoanTest:76 - Extracted Cell: 
2025-07-30 03:26:42 DEBUG HomeLoanTest:76 - Extracted Cell: 
2025-07-30 03:26:42 DEBUG HomeLoanTest:76 - Extracted Cell: 
2025-07-30 03:26:42 DEBUG HomeLoanTest:76 - Extracted Cell: 
2025-07-30 03:26:42 DEBUG HomeLoanTest:76 - Extracted Cell: 
2025-07-30 03:26:42 DEBUG HomeLoanTest:76 - Extracted Cell: 
2025-07-30 03:26:42 DEBUG HomeLoanTest:76 - Extracted Cell: 
2025-07-30 03:26:42 DEBUG HomeLoanTest:76 - Extracted Cell: 
2025-07-30 03:26:42 DEBUG HomeLoanTest:76 - Extracted Cell: 
2025-07-30 03:26:42 DEBUG HomeLoanTest:76 - Extracted Cell: 
2025-07-30 03:26:42 DEBUG HomeLoanTest:76 - Extracted Cell: 
2025-07-30 03:26:42 DEBUG HomeLoanTest:76 - Extracted Cell: 
2025-07-30 03:26:42 DEBUG HomeLoanTest:76 - Extracted Cell: 
2025-07-30 03:26:42 DEBUG HomeLoanTest:76 - Extracted Cell: 
2025-07-30 03:26:42 DEBUG HomeLoanTest:76 - Extracted Cell: 
2025-07-30 03:26:42 DEBUG HomeLoanTest:76 - Extracted Cell: 
2025-07-30 03:26:42 DEBUG HomeLoanTest:76 - Extracted Cell: 
2025-07-30 03:26:42 DEBUG HomeLoanTest:76 - Extracted Cell: 
2025-07-30 03:26:42 DEBUG HomeLoanTest:76 - Extracted Cell: 
2025-07-30 03:26:42 DEBUG HomeLoanTest:76 - Extracted Cell: 
2025-07-30 03:26:42 DEBUG HomeLoanTest:76 - Extracted Cell: 
2025-07-30 03:26:42 DEBUG HomeLoanTest:76 - Extracted Cell: 
2025-07-30 03:26:42 DEBUG HomeLoanTest:76 - Extracted Cell: 
2025-07-30 03:26:42 DEBUG HomeLoanTest:76 - Extracted Cell: 
2025-07-30 03:26:42 DEBUG HomeLoanTest:76 - Extracted Cell: 
2025-07-30 03:26:42 DEBUG HomeLoanTest:76 - Extracted Cell: 
2025-07-30 03:26:42 DEBUG HomeLoanTest:76 - Extracted Cell: 
2025-07-30 03:26:42 DEBUG HomeLoanTest:76 - Extracted Cell: 
2025-07-30 03:26:42 DEBUG HomeLoanTest:76 - Extracted Cell: 
2025-07-30 03:26:42 DEBUG HomeLoanTest:76 - Extracted Cell: 
2025-07-30 03:26:42 DEBUG HomeLoanTest:76 - Extracted Cell: 
2025-07-30 03:26:42 DEBUG HomeLoanTest:76 - Extracted Cell: 
2025-07-30 03:26:42 DEBUG HomeLoanTest:76 - Extracted Cell: 
2025-07-30 03:26:42 DEBUG HomeLoanTest:76 - Extracted Cell: 
2025-07-30 03:26:42 DEBUG HomeLoanTest:76 - Extracted Cell: 
2025-07-30 03:26:42 DEBUG HomeLoanTest:76 - Extracted Cell: 
2025-07-30 03:26:42 DEBUG HomeLoanTest:76 - Extracted Cell: 
2025-07-30 03:26:42 DEBUG HomeLoanTest:76 - Extracted Cell: 
2025-07-30 03:26:42 DEBUG HomeLoanTest:76 - Extracted Cell: 
2025-07-30 03:26:42 DEBUG HomeLoanTest:76 - Extracted Cell: 
2025-07-30 03:26:42 DEBUG HomeLoanTest:76 - Extracted Cell: 
2025-07-30 03:26:42 DEBUG HomeLoanTest:76 - Extracted Cell: 
2025-07-30 03:26:42 DEBUG HomeLoanTest:76 - Extracted Cell: 
2025-07-30 03:26:42 DEBUG HomeLoanTest:76 - Extracted Cell: 
2025-07-30 03:26:42 DEBUG HomeLoanTest:76 - Extracted Cell: 
2025-07-30 03:26:42 DEBUG HomeLoanTest:76 - Extracted Cell: 
2025-07-30 03:26:42 DEBUG HomeLoanTest:76 - Extracted Cell: 
2025-07-30 03:26:42 DEBUG HomeLoanTest:76 - Extracted Cell: 
2025-07-30 03:26:42 DEBUG HomeLoanTest:76 - Extracted Cell: 
2025-07-30 03:26:42 DEBUG HomeLoanTest:76 - Extracted Cell: 
2025-07-30 03:26:42 DEBUG HomeLoanTest:76 - Extracted Cell: 
2025-07-30 03:26:42 DEBUG HomeLoanTest:76 - Extracted Cell: 
2025-07-30 03:26:42 DEBUG HomeLoanTest:76 - Extracted Cell: 
2025-07-30 03:26:42 DEBUG HomeLoanTest:76 - Extracted Cell: 
2025-07-30 03:26:42 DEBUG HomeLoanTest:76 - Extracted Cell: 
2025-07-30 03:26:42 DEBUG HomeLoanTest:76 - Extracted Cell: 
2025-07-30 03:26:42 DEBUG HomeLoanTest:76 - Extracted Cell: 
2025-07-30 03:26:42 DEBUG HomeLoanTest:76 - Extracted Cell: 
2025-07-30 03:26:42 DEBUG HomeLoanTest:76 - Extracted Cell: 
2025-07-30 03:26:42 DEBUG HomeLoanTest:76 - Extracted Cell: 
2025-07-30 03:26:42 DEBUG HomeLoanTest:76 - Extracted Cell: 
2025-07-30 03:26:43 DEBUG HomeLoanTest:76 - Extracted Cell: 
2025-07-30 03:26:43 DEBUG HomeLoanTest:76 - Extracted Cell: 
2025-07-30 03:26:43 DEBUG HomeLoanTest:76 - Extracted Cell: 
2025-07-30 03:26:43 DEBUG HomeLoanTest:76 - Extracted Cell: 
2025-07-30 03:26:43 DEBUG HomeLoanTest:76 - Extracted Cell: 
2025-07-30 03:26:43 DEBUG HomeLoanTest:76 - Extracted Cell: 
2025-07-30 03:26:43 DEBUG HomeLoanTest:76 - Extracted Cell: 
2025-07-30 03:26:43 DEBUG HomeLoanTest:76 - Extracted Cell: 
2025-07-30 03:26:43 DEBUG HomeLoanTest:76 - Extracted Cell: 
2025-07-30 03:26:43 DEBUG HomeLoanTest:76 - Extracted Cell: 
2025-07-30 03:26:43 DEBUG HomeLoanTest:76 - Extracted Cell: 
2025-07-30 03:26:43 DEBUG HomeLoanTest:76 - Extracted Cell: 
2025-07-30 03:26:43 DEBUG HomeLoanTest:76 - Extracted Cell: 
2025-07-30 03:26:43 DEBUG HomeLoanTest:76 - Extracted Cell: 
2025-07-30 03:26:43 DEBUG HomeLoanTest:76 - Extracted Cell: 
2025-07-30 03:26:43 DEBUG HomeLoanTest:76 - Extracted Cell: 
2025-07-30 03:26:43 DEBUG HomeLoanTest:76 - Extracted Cell: 
2025-07-30 03:26:43 DEBUG HomeLoanTest:76 - Extracted Cell: 
2025-07-30 03:26:43 DEBUG HomeLoanTest:76 - Extracted Cell: 
2025-07-30 03:26:43 DEBUG HomeLoanTest:76 - Extracted Cell: 
2025-07-30 03:26:43 DEBUG HomeLoanTest:76 - Extracted Cell: 
2025-07-30 03:26:43 DEBUG HomeLoanTest:76 - Extracted Cell: 
2025-07-30 03:26:43 DEBUG HomeLoanTest:76 - Extracted Cell: 
2025-07-30 03:26:43 DEBUG HomeLoanTest:76 - Extracted Cell: 
2025-07-30 03:26:43 DEBUG HomeLoanTest:76 - Extracted Cell: 
2025-07-30 03:26:43 DEBUG HomeLoanTest:76 - Extracted Cell: 
2025-07-30 03:26:43 DEBUG HomeLoanTest:76 - Extracted Cell: 
2025-07-30 03:26:43 DEBUG HomeLoanTest:76 - Extracted Cell: 
2025-07-30 03:26:43 DEBUG HomeLoanTest:76 - Extracted Cell: 
2025-07-30 03:26:43 DEBUG HomeLoanTest:76 - Extracted Cell: 
2025-07-30 03:26:43 DEBUG HomeLoanTest:76 - Extracted Cell: 
2025-07-30 03:26:43 DEBUG HomeLoanTest:76 - Extracted Cell: 
2025-07-30 03:26:43 DEBUG HomeLoanTest:76 - Extracted Cell: 
2025-07-30 03:26:43 DEBUG HomeLoanTest:76 - Extracted Cell: 
2025-07-30 03:26:43 DEBUG HomeLoanTest:76 - Extracted Cell: 
2025-07-30 03:26:43 DEBUG HomeLoanTest:76 - Extracted Cell: 
2025-07-30 03:26:43 DEBUG HomeLoanTest:76 - Extracted Cell: 
2025-07-30 03:26:43 DEBUG HomeLoanTest:76 - Extracted Cell: 
2025-07-30 03:26:43 DEBUG HomeLoanTest:76 - Extracted Cell: 
2025-07-30 03:26:43 DEBUG HomeLoanTest:76 - Extracted Cell: 
2025-07-30 03:26:43 DEBUG HomeLoanTest:76 - Extracted Cell: 
2025-07-30 03:26:43 DEBUG HomeLoanTest:76 - Extracted Cell: 
2025-07-30 03:26:44 DEBUG HomeLoanTest:76 - Extracted Cell: 
2025-07-30 03:26:44 DEBUG HomeLoanTest:76 - Extracted Cell: 
2025-07-30 03:26:44 DEBUG HomeLoanTest:76 - Extracted Cell: 
2025-07-30 03:26:44 DEBUG HomeLoanTest:76 - Extracted Cell: 
2025-07-30 03:26:44 DEBUG HomeLoanTest:76 - Extracted Cell: 
2025-07-30 03:26:44 DEBUG HomeLoanTest:76 - Extracted Cell: 
2025-07-30 03:26:44 DEBUG HomeLoanTest:76 - Extracted Cell: 
2025-07-30 03:26:44 DEBUG HomeLoanTest:76 - Extracted Cell: 
2025-07-30 03:26:44 DEBUG HomeLoanTest:76 - Extracted Cell: 
2025-07-30 03:26:44 DEBUG HomeLoanTest:76 - Extracted Cell: 
2025-07-30 03:26:44 DEBUG HomeLoanTest:76 - Extracted Cell: 
2025-07-30 03:26:44 DEBUG HomeLoanTest:76 - Extracted Cell: 
2025-07-30 03:26:44 DEBUG HomeLoanTest:76 - Extracted Cell: 
2025-07-30 03:26:44 DEBUG HomeLoanTest:76 - Extracted Cell: 
2025-07-30 03:26:44 DEBUG HomeLoanTest:76 - Extracted Cell: 
2025-07-30 03:26:44 DEBUG HomeLoanTest:76 - Extracted Cell: 
2025-07-30 03:26:44 DEBUG HomeLoanTest:76 - Extracted Cell: 
2025-07-30 03:26:44 DEBUG HomeLoanTest:76 - Extracted Cell: 
2025-07-30 03:26:44 DEBUG HomeLoanTest:76 - Extracted Cell: 
2025-07-30 03:26:44 DEBUG HomeLoanTest:76 - Extracted Cell: 
2025-07-30 03:26:44 DEBUG HomeLoanTest:76 - Extracted Cell: 
2025-07-30 03:26:44 DEBUG HomeLoanTest:76 - Extracted Cell: 
2025-07-30 03:26:44 DEBUG HomeLoanTest:76 - Extracted Cell: 
2025-07-30 03:26:44 DEBUG HomeLoanTest:76 - Extracted Cell: 
2025-07-30 03:26:44 DEBUG HomeLoanTest:76 - Extracted Cell: 
2025-07-30 03:26:44 DEBUG HomeLoanTest:76 - Extracted Cell: 
2025-07-30 03:26:44 DEBUG HomeLoanTest:76 - Extracted Cell: 
2025-07-30 03:26:44 DEBUG HomeLoanTest:76 - Extracted Cell: 
2025-07-30 03:26:44 DEBUG HomeLoanTest:76 - Extracted Cell: 
2025-07-30 03:26:44 DEBUG HomeLoanTest:76 - Extracted Cell: 
2025-07-30 03:26:44 DEBUG HomeLoanTest:76 - Extracted Cell: 
2025-07-30 03:26:44 DEBUG HomeLoanTest:76 - Extracted Cell: 
2025-07-30 03:26:44 DEBUG HomeLoanTest:76 - Extracted Cell: 
2025-07-30 03:26:44 DEBUG HomeLoanTest:76 - Extracted Cell: 
2025-07-30 03:26:44 DEBUG HomeLoanTest:76 - Extracted Cell: 
2025-07-30 03:26:44 DEBUG HomeLoanTest:76 - Extracted Cell: 
2025-07-30 03:26:44 DEBUG HomeLoanTest:76 - Extracted Cell: 
2025-07-30 03:26:44 DEBUG HomeLoanTest:76 - Extracted Cell: 
2025-07-30 03:26:44 DEBUG HomeLoanTest:76 - Extracted Cell: 
2025-07-30 03:26:45 DEBUG HomeLoanTest:76 - Extracted Cell: 
2025-07-30 03:26:45 DEBUG HomeLoanTest:76 - Extracted Cell: 
2025-07-30 03:26:45 DEBUG HomeLoanTest:76 - Extracted Cell: 
2025-07-30 03:26:45 DEBUG HomeLoanTest:76 - Extracted Cell: 2040
2025-07-30 03:26:45 DEBUG HomeLoanTest:76 - Extracted Cell: ₹ 24,491
2025-07-30 03:26:45 DEBUG HomeLoanTest:76 - Extracted Cell: ₹ 539
2025-07-30 03:26:45 DEBUG HomeLoanTest:76 - Extracted Cell: ₹ 1,50,15,125
2025-07-30 03:26:45 DEBUG HomeLoanTest:76 - Extracted Cell: ₹ 1,50,40,154
2025-07-30 03:26:45 DEBUG HomeLoanTest:76 - Extracted Cell: ₹ 0
2025-07-30 03:26:45 DEBUG HomeLoanTest:76 - Extracted Cell: 100%
2025-07-30 03:26:45 DEBUG HomeLoanTest:76 - Extracted Cell: 
2025-07-30 03:26:45 DEBUG HomeLoanTest:76 - Extracted Cell: 
2025-07-30 03:26:45 DEBUG HomeLoanTest:76 - Extracted Cell: 
2025-07-30 03:26:45 DEBUG HomeLoanTest:76 - Extracted Cell: 
2025-07-30 03:26:45 DEBUG HomeLoanTest:76 - Extracted Cell: 
2025-07-30 03:26:45 DEBUG HomeLoanTest:76 - Extracted Cell: 
2025-07-30 03:26:45 DEBUG HomeLoanTest:76 - Extracted Cell: 
2025-07-30 03:26:45 DEBUG HomeLoanTest:76 - Extracted Cell: 
2025-07-30 03:26:45 DEBUG HomeLoanTest:76 - Extracted Cell: 
2025-07-30 03:26:45 DEBUG HomeLoanTest:76 - Extracted Cell: 
2025-07-30 03:26:45 DEBUG HomeLoanTest:76 - Extracted Cell: 
2025-07-30 03:26:45 DEBUG HomeLoanTest:76 - Extracted Cell: 
2025-07-30 03:26:45 DEBUG HomeLoanTest:76 - Extracted Cell: 
2025-07-30 03:26:45 DEBUG HomeLoanTest:76 - Extracted Cell: 
2025-07-30 03:26:45 DEBUG HomeLoanTest:76 - Extracted Cell: 
2025-07-30 03:26:45 DEBUG HomeLoanTest:76 - Extracted Cell: 
2025-07-30 03:26:45 DEBUG HomeLoanTest:76 - Extracted Cell: 
2025-07-30 03:26:45 DEBUG HomeLoanTest:76 - Extracted Cell: 
2025-07-30 03:26:45 DEBUG HomeLoanTest:76 - Extracted Cell: 
2025-07-30 03:26:45 DEBUG HomeLoanTest:76 - Extracted Cell: 
2025-07-30 03:26:45 DEBUG HomeLoanTest:76 - Extracted Cell: 
2025-07-30 03:26:45 DEBUG HomeLoanTest:76 - Extracted Cell: 
2025-07-30 03:26:45 DEBUG HomeLoanTest:76 - Extracted Cell: 
2025-07-30 03:26:45 DEBUG HomeLoanTest:76 - Extracted Cell: 
2025-07-30 03:26:45 DEBUG HomeLoanTest:76 - Extracted Cell: 
2025-07-30 03:26:45 DEBUG HomeLoanTest:76 - Extracted Cell: 
2025-07-30 03:26:45 DEBUG HomeLoanTest:76 - Extracted Cell: 
2025-07-30 03:26:45 DEBUG HomeLoanTest:76 - Extracted Cell: 
2025-07-30 03:26:45 DEBUG HomeLoanTest:76 - Extracted Cell: 
2025-07-30 03:26:45 DEBUG HomeLoanTest:76 - Extracted Cell: 
2025-07-30 03:26:45 DEBUG HomeLoanTest:76 - Extracted Cell: 
2025-07-30 03:26:45 DEBUG HomeLoanTest:76 - Extracted Cell: 
2025-07-30 03:26:45 DEBUG HomeLoanTest:76 - Extracted Cell: 
2025-07-30 03:26:45 DEBUG HomeLoanTest:76 - Extracted Cell: 
2025-07-30 03:26:45 DEBUG HomeLoanTest:76 - Extracted Cell: 
2025-07-30 03:26:45 DEBUG HomeLoanTest:76 - Extracted Cell: 
2025-07-30 03:26:45 DEBUG HomeLoanTest:76 - Extracted Cell: 
2025-07-30 03:26:45 DEBUG HomeLoanTest:76 - Extracted Cell: 
2025-07-30 03:26:45 DEBUG HomeLoanTest:76 - Extracted Cell: 
2025-07-30 03:26:45 DEBUG HomeLoanTest:76 - Extracted Cell: 
2025-07-30 03:26:45 DEBUG HomeLoanTest:76 - Extracted Cell: 
2025-07-30 03:26:45 DEBUG HomeLoanTest:76 - Extracted Cell: 
2025-07-30 03:26:45 DEBUG HomeLoanTest:76 - Extracted Cell: 
2025-07-30 03:26:45 DEBUG HomeLoanTest:76 - Extracted Cell: 
2025-07-30 03:26:45 DEBUG HomeLoanTest:76 - Extracted Cell: 
2025-07-30 03:26:45 DEBUG HomeLoanTest:76 - Extracted Cell: 
2025-07-30 03:26:45 DEBUG HomeLoanTest:76 - Extracted Cell: 
2025-07-30 03:26:45 DEBUG HomeLoanTest:76 - Extracted Cell: 
2025-07-30 03:26:45 DEBUG HomeLoanTest:76 - Extracted Cell: 
2025-07-30 03:26:45 DEBUG HomeLoanTest:76 - Extracted Cell: 
2025-07-30 03:26:46 DEBUG HomeLoanTest:76 - Extracted Cell: 
2025-07-30 03:26:46 DEBUG HomeLoanTest:76 - Extracted Cell: 
2025-07-30 03:26:46 DEBUG HomeLoanTest:76 - Extracted Cell: 
2025-07-30 03:26:46 DEBUG HomeLoanTest:76 - Extracted Cell: 
2025-07-30 03:26:46 DEBUG HomeLoanTest:76 - Extracted Cell: 
2025-07-30 03:26:46 DEBUG HomeLoanTest:76 - Extracted Cell: 
2025-07-30 03:26:46 DEBUG HomeLoanTest:76 - Extracted Cell: 
2025-07-30 03:26:46 DEBUG HomeLoanTest:76 - Extracted Cell: 
2025-07-30 03:26:46 DEBUG HomeLoanTest:76 - Extracted Cell: 
2025-07-30 03:26:46 DEBUG HomeLoanTest:76 - Extracted Cell: 
2025-07-30 03:26:46 DEBUG HomeLoanTest:76 - Extracted Cell: 
2025-07-30 03:26:46 DEBUG HomeLoanTest:76 - Extracted Cell: 
2025-07-30 03:26:46 DEBUG HomeLoanTest:76 - Extracted Cell: 
2025-07-30 03:26:46 DEBUG HomeLoanTest:76 - Extracted Cell: 
2025-07-30 03:26:46 DEBUG HomeLoanTest:76 - Extracted Cell: 
2025-07-30 03:26:46 DEBUG HomeLoanTest:76 - Extracted Cell: 
2025-07-30 03:26:46 DEBUG HomeLoanTest:76 - Extracted Cell: 
2025-07-30 03:26:46 DEBUG HomeLoanTest:76 - Extracted Cell: 
2025-07-30 03:26:46 DEBUG HomeLoanTest:76 - Extracted Cell: 
2025-07-30 03:26:46 DEBUG HomeLoanTest:76 - Extracted Cell: 
2025-07-30 03:26:46 DEBUG HomeLoanTest:76 - Extracted Cell: 
2025-07-30 03:26:46 DEBUG HomeLoanTest:76 - Extracted Cell: 
2025-07-30 03:26:46 DEBUG HomeLoanTest:76 - Extracted Cell: 
2025-07-30 03:26:46 DEBUG HomeLoanTest:76 - Extracted Cell: 
2025-07-30 03:26:46 DEBUG HomeLoanTest:76 - Extracted Cell: 
2025-07-30 03:26:46 DEBUG HomeLoanTest:76 - Extracted Cell: 
2025-07-30 03:26:46 DEBUG HomeLoanTest:76 - Extracted Cell: 
2025-07-30 03:26:46 DEBUG HomeLoanTest:76 - Extracted Cell: 
2025-07-30 03:26:46 DEBUG HomeLoanTest:76 - Extracted Cell: 
2025-07-30 03:26:46 DEBUG HomeLoanTest:76 - Extracted Cell: 
2025-07-30 03:26:46 DEBUG HomeLoanTest:76 - Extracted Cell: 
2025-07-30 03:26:46 DEBUG HomeLoanTest:76 - Extracted Cell: 
2025-07-30 03:26:46 DEBUG HomeLoanTest:76 - Extracted Cell: 
2025-07-30 03:26:46 DEBUG HomeLoanTest:76 - Extracted Cell: 
2025-07-30 03:26:46 DEBUG HomeLoanTest:76 - Extracted Cell: 
2025-07-30 03:26:47 INFO  HomeLoanTest:40 - ✅ EMI data extracted from Home Loan calculator and saved to Excel successfully.
2025-07-30 03:27:12 INFO  LoanCalculatorTest:27 - ✅ EMI Calculator UI validation completed successfully.
2025-07-30 03:27:14 INFO  LoanCalculatorTest:45 - ✅ Loan Amount Calculator UI validation completed successfully.
2025-07-30 03:27:16 INFO  LoanCalculatorTest:59 - ✅ Loan Tenure Calculator UI validation completed successfully.
